pairID	nwk1	nwk2	class1	class2	class_pair	sum_overlap	TreeDistance	NyeSimilarity	MatchingSplitDistance	KendallColijn	MASTSize	year	year2	order	rank	sum_loci	morph_chars	rank_numeric	loci_diff	exact_prop	prop_overlap	class.pair2
pairID0	AcostaMorrone2013Phalacropsyllini.nwk	WhitingWhiting2008Siphonaptera.nwk	C	G	CG	11	0.337859633213505	6.10833333333333	12	7.14142842854285	8	2013	2008	Other	order	6	32	6	-2	1	0.146153846153846	NA
pairID1	AcostaMorrone2013Phalacropsyllini.nwk	ZhuHastriter2015Siphonaptera.nwk	C	G	CG	11	0	8	0	4.24264068711928	9	2013	2015	Other	order	11	32	6	-7	1	0.0883720930232558	NA
pairID3	AcsMelika2007Cynipini.nwk	Liljeblad2008Cynipidae.nwk	G	P	GP	7	0.496765917919658	2.66666666666667	5	3.87298334620742	6	2007	2008	Hymenoptera	subfamily	2	308	3	2	1	0.241935483870968	NA
pairID4	AdusePoku2016Mycalesina.nwk	Kodandaramaiah2010Mycalesina.nwk	C	G	CG	17	0.33043717932653	11	18	15.2970585407784	11	2016	2010	Lepidoptera	subtribe	13	428	NA	7	1	0.567901234567901	NA
pairID5	AhnJeon2010Liparocephalini.nwk	BocakBarton2014Coleoptera.nwk	C	G	CG	19	0.0911638533919859	14.8	6	10.5830052442584	17	2010	2014	Coleoptera	subfamily	8	50	3	0	1	0.00311915159076731	NA
pairID6	AhnJeon2010Liparocephalini.nwk	LinardVogler2018.nwk	C	M	NA	19	0.166787417329386	13.75	10	6.557438524302	15	2010	2018	Coleoptera	subfamily	20	50	3	-12	1	0.00190949016612564	NA
pairID10	Ahrens2006Sericini.nwk	SipekFabrizi2016Cetoniinae.nwk	P	G	GP	26	0.345000685898162	15.2486115333941	39	30.0333148353624	14	2006	2016	Coleoptera	family	3	107	3	-3	0.346153846153846	0.18503937007874	NA
pairID7	Ahrens2006Sericini.nwk	Ahrens2014Scarabaeoidea.nwk	P	G	GP	25	0.472926434392129	12.5521633337423	62	35.2420203734122	12	2006	2014	Coleoptera	family	4	107	3	-4	0.52	0.276470588235294	NA
pairID8	Ahrens2006Sericini.nwk	BocakBarton2014Coleoptera.nwk	P	G	GP	30	0.4582864010071	15.6195670995671	74	45.3541618817943	16	2006	2014	Coleoptera	family	4	107	3	-4	0.233333333333333	0.00728569214075337	NA
pairID9	Ahrens2006Sericini.nwk	HuntBergsten2007Coleoptera.nwk	P	G	GP	23	0.551331587545988	9.69244264507422	56	27.3130005674953	10	2006	2007	Coleoptera	family	3	107	3	-3	0.304347826086957	0.0309007232084155	NA
pairID11	Ahrens2014Scarabaeoidea.nwk	BocakBarton2014Coleoptera.nwk	G	G	GG	115	0.29448030187208	80.4285379600731	315	151.367103427396	53	2014	2014	Coleoptera	suborder	8	0	5	0	0.765217391304348	0.0215170278637771	NA
pairID12	Ahrens2014Scarabaeoidea.nwk	GuoLin2022Scarabaeidae.nwk	G	M	GM	22	0.30668728454181	13.5018341307815	26	27.4408454680245	11	2014	2022	Coleoptera	superfamily	17	0	4	-9	0.363636363636364	0.553784860557769	NA
pairID13	Ahrens2014Scarabaeoidea.nwk	HuntBergsten2007Coleoptera.nwk	G	G	GG	95	0.411201907116828	57.0903344262195	320	130.088431461064	33	2014	2007	Coleoptera	suborder	7	0	5	1	0.778947368421053	0.0900259067357513	NA
pairID14	Ahrens2014Scarabaeoidea.nwk	LinardVogler2018.nwk	G	M	GM	103	0.27365493740569	74.5409394567459	251	187.365952083083	50	2014	2018	Coleoptera	suborder	20	0	5	-12	0.737864077669903	0.0131953673818113	NA
pairID15	Ahrens2014Scarabaeoidea.nwk	MonaghanInward2007Scarabaeinae.nwk	G	G	GG	22	0.342180121587197	13.5320989639875	41	22.4053565024081	16	2014	2007	Coleoptera	family	7	0	3	1	0.727272727272727	0.451298701298701	NA
pairID16	Ahrens2014Scarabaeoidea.nwk	SabatinelliEberle2020Glaphyridae.nwk	G	G	GG	7	0.345464649786158	3	3	4.12310562561766	6	2014	2020	Coleoptera	superfamily	7	0	4	1	0.857142857142857	0.789772727272727	NA
pairID17	Ahrens2014Scarabaeoidea.nwk	SipekFabrizi2016Cetoniinae.nwk	G	G	GG	56	0.26340456608113	41.0702144598085	117	56.3560112144215	36	2014	2016	Coleoptera	family	7	0	3	1	0.839285714285714	0.451298701298701	NA
pairID18	Ahrens2014Scarabaeoidea.nwk	TarasovDimitrov2016Scarabaeinae.nwk	G	G	GG	22	0.440248701630948	13.1534125188537	51	52.8393792544916	10	2014	2016	Coleoptera	family	12	0	3	-4	0.636363636363636	0.337378640776699	NA
pairID19	AliAlmaden2017Pyraloidea.nwk	ChenLi2016Pyraloidea.nwk	M	M	MM	21	0.120796140102963	16.1111111111111	7	5.09901951359278	18	2017	2016	Lepidoptera	superfamily	26	0	4	0	0.952380952380952	0.868421052631579	NA
pairID20	AliAlmaden2017Pyraloidea.nwk	MayerDietz2021Lepidoptera.nwk	M	O	MO	8	0	5	0	0	8	2017	2021	Lepidoptera	superfamily	1848	0	4	-1822	0.75	0.180327868852459	NA
pairID21	AliAlmaden2017Pyraloidea.nwk	YangFeng2017Pyralidae.nwk	M	M	MM	7	0.25255408270619	3.25	3	2.64575131106459	6	2017	2017	Lepidoptera	family	26	0	3	0	1	0.942857142857143	NA
pairID22	AllegrucciTrewick2010Rhaphidophoridae.nwk	BeasleyHall2025Rhaphidophoridae.nwk	G	G	GG	14	0.138582790732731	9.82857142857143	7	4.79583152331272	12	2010	2025	Polyneoptera	family	8	0	3	0	0.714285714285714	0.214285714285714	NA
pairID23	Almeida2012Colletidae.nwk	Blaimer2023Hymenoptera.nwk	G	O	GO	8	0.535814700226179	2.9	8	6.70820393249937	3	2012	2023	Hymenoptera	family	450	0	3	-442	0.75	0.134382566585956	NA
pairID24	Almeida2012Colletidae.nwk	BranstetterDanforth2017Hymenoptera.nwk	G	O	GO	8	0	5	0	0	8	2012	2017	Hymenoptera	family	804	0	3	-796	0.75	0.405109489051095	NA
pairID25	Almeida2012Colletidae.nwk	Cardinal2018Anthophila.nwk	G	G	GG	38	0.114902616772305	31.309125188537	28	12.0830459735946	31	2012	2018	Hymenoptera	family	11	0	3	-3	0.921052631578947	0.286821705426357	NA
pairID26	Almeida2012Colletidae.nwk	DebevecCardinal2012Aculeata.nwk	G	G	GG	21	0.130730263691257	16.3632478632479	15	7.48331477354788	19	2012	2012	Hymenoptera	superfamily	8	0	4	0	0.904761904761905	0.361563517915309	NA
pairID29	Almeida2012Colletidae.nwk	Packer2008Xeromelissinae.nwk	G	P	GP	9	0.204107761717123	4.2	4	2.64575131106459	7	2012	2008	Hymenoptera	family	4	248	3	4	0.888888888888889	0.711538461538462	NA
pairID30	Ament2017Phoridae.nwk	LiHash2025Phoridae.nwk	P	G	GP	6	0.489714670274654	1.33333333333333	2	2.64575131106459	4	2017	2025	Diptera	family	7	125	3	-7	1	0.559633027522936	NA
pairID31	AnCheon2022Odonata.nwk	KimJeong2018Odonata.nwk	M	M	MM	10	0.211927024108196	5.65	7	4.69041575982343	8	2022	2018	Palaeoptera	infraclass	26	0	7	0	1	0.461538461538462	NA
pairID32	AnCheon2022Odonata.nwk	LanShen2019Odonata.nwk	M	M	MM	9	0.138287967446788	5.5	2	4.24264068711928	8	2022	2019	Palaeoptera	infraorder	26	0	5	0	0.888888888888889	0.363636363636364	NA
pairID33	AnCheon2022Odonata.nwk	Letsch2016Anisoptera.nwk	M	G	GM	11	0	8	0	6.78232998312527	9	2022	2016	Palaeoptera	infraorder	22	0	5	4	0.909090909090909	0.0233463035019455	NA
pairID34	AnCheon2022Odonata.nwk	LiaoLin2023Odonata.nwk	M	M	MM	11	0	8	0	0	11	2022	2023	Palaeoptera	infraorder	26	0	5	0	0.909090909090909	0.222222222222222	NA
pairID35	AnCheon2022Odonata.nwk	WangWang2019Odonata.nwk	M	M	MM	8	0	5	0	4.69041575982343	7	2022	2019	Palaeoptera	infraorder	26	0	5	0	1	0.75	NA
pairID36	AnCheon2022Odonata.nwk	XuGuan2018Calopterygidae.nwk	M	M	MM	9	0.138287967446788	5.5	2	4.24264068711928	8	2022	2018	Palaeoptera	infraclass	26	0	7	0	1	0.413793103448276	NA
pairID37	AnCheon2022Odonata.nwk	YongSong2016Odonata.nwk	M	M	MM	8	0	5	0	0	8	2022	2016	Palaeoptera	infraclass	26	0	7	0	1	0.545454545454545	NA
pairID38	AnCheon2022Odonata.nwk	ZhangWang2017Odonata.nwk	M	M	MM	9	0.138287967446788	5.5	2	4.24264068711928	8	2022	2017	Palaeoptera	infraclass	26	0	7	0	1	0.48	NA
pairID40	Anderson2013Micropsectra.nwk	Ekrem2010Chironomidae.nwk	G	G	GG	25	0.127144922554254	19.8666666666667	14	13.0384048104053	22	2013	2010	Diptera	tribe	7	0	2	-3	1	0.62962962962963	NA
pairID41	AngPuniamoorthy2008Sepsidae.nwk	Lei2013Sepsidae.nwk	G	G	GG	30	0.189110845830619	22.4730769230769	30	20.4205778566621	20	2008	2013	Diptera	family	20	0	3	0	0.9	0.31	NA
pairID43	Aragao2019Culicidae.nwk	ChuWu2016Culicidae.nwk	M	M	MM	10	0	7	0	0	10	2019	2016	Diptera	family	18	0	3	-8	0.8	0.583333333333333	NA
pairID44	Aragao2019Culicidae.nwk	DayGweon2016Nematocera.nwk	M	M	MM	7	0	4	0	0	7	2019	2016	Diptera	family	18	0	3	-8	1	0.274509803921569	NA
pairID45	Aragao2019Culicidae.nwk	Zhang2019Culicomorpha.nwk	M	M	MM	6	0	3	0	0	6	2019	2019	Diptera	family	20	0	3	-10	1	0.5	NA
pairID46	Aragao2019Culicidae.nwk	daSilva2020Culicidae.nwk	M	M	MM	13	0.135503563174682	9.33333333333333	6	15.8113883008419	6	2019	2020	Diptera	family	18	0	3	-8	1	0.164705882352941	NA
pairID47	Archangelsky2004Hydrophilinae.nwk	LinardVogler2018.nwk	P	M	NA	18	0.400894615101638	10.675974025974	30	18.8414436814168	10	2004	2018	Coleoptera	superfamily	16	148	4	-16	0.388888888888889	0.00285823170731707	NA
pairID48	Archangelsky2004Hydrophilinae.nwk	MinoshimaHayashi2013Horelophopsinae.nwk	P	P	NA	17	0	10	0	0	13	2004	2013	Coleoptera	superfamily	0	286	4	0	0.941176470588235	0.882352941176471	NA
pairID49	ArnedoOromi2008Tettigoniidae.nwk	JostShaw2006Ensifera.nwk	B	G	NA	11	0.502994574723295	4.85	12	9	6	2008	2006	Polyneoptera	family	4	0	3	-2	0.818181818181818	0.350877192982456	NA
pairID50	ArnedoOromi2008Tettigoniidae.nwk	LegendreRobillard2010Ensifera.nwk	B	G	NA	11	0.502994574723295	4.85	12	9	6	2008	2010	Polyneoptera	family	4	0	3	-2	0.818181818181818	0.333333333333333	NA
pairID51	Ashe2005Aleocharinae.nwk	MckennaFarrell2015Staphyliniformia.nwk	P	G	GP	13	0.489714670274654	1.33333333333333	2	2.64575131106459	4	2005	2015	Coleoptera	family	2	160	3	-2	1	0.152	NA
pairID52	AstrucJulien2004Formicidae.nwk	Branstetter2017Formicidae.nwk	C	O	NA	35	0.334677272532231	24.0636194723151	61	48.0416485978573	17	2004	2017	Hymenoptera	family	1858	24	3	-1854	0.457142857142857	0.0602258469259724	NA
pairID53	AstrucJulien2004Formicidae.nwk	Keller2011Formicidae.nwk	C	P	NA	21	0.412235058434441	8.38095238095238	20	16.2172747402269	7	2004	2011	Hymenoptera	family	2	163	3	2	0.380952380952381	0.345323741007194	NA
pairID54	AstrucJulien2004Formicidae.nwk	RomiguierBorowiec2022Formicidae.nwk	C	O	NA	19	0.376174801010267	11.5454545454545	25	18.1934053986603	11	2004	2022	Hymenoptera	family	4417	24	3	-4413	0.368421052631579	0.413793103448276	NA
pairID55	AstrucJulien2004Formicidae.nwk	WardDownie2005Pseudomyrmecinae.nwk	C	G	CG	11	0.588141995956793	2.41666666666667	5	4.35889894354067	6	2004	2005	Hymenoptera	family	7	24	3	-3	0.545454545454545	0.440366972477064	NA
pairID56	AyiviTong2021Pleurosticti.nwk	BocakBarton2014Coleoptera.nwk	M	G	GM	21	0.087327358350919	16.5416666666667	11	5.91607978309962	19	2021	2014	Coleoptera	family	17	0	3	9	0.619047619047619	0.00713842333954066	NA
pairID57	AyiviTong2021Pleurosticti.nwk	GuoLin2022Scarabaeidae.nwk	M	M	MM	39	0.0158896170612028	35.25	3	2	38	2021	2022	Coleoptera	family	26	0	3	0	0.974358974358974	0.359375	NA
pairID58	AyiviTong2021Pleurosticti.nwk	KimJeong2016Scarabaeidae.nwk	M	M	MM	8	0.312442346503972	3.8	6	4	6	2021	2016	Coleoptera	family	26	0	3	0	0.875	0.901960784313726	NA
pairID59	AyiviTong2021Pleurosticti.nwk	LinardVogler2018.nwk	M	M	MM	30	0.213895074852043	21.7967659791189	32	26.6645832519468	14	2021	2018	Coleoptera	family	29	0	3	-3	0.733333333333333	0.00438220443936363	NA
pairID60	AyiviTong2021Pleurosticti.nwk	MonaghanInward2007Scarabaeinae.nwk	M	G	GM	10	0	7	0	0	10	2021	2007	Coleoptera	subfamily	16	0	3	10	0.7	0.205357142857143	NA
pairID61	AyiviTong2021Pleurosticti.nwk	TarasovDimitrov2016Scarabaeinae.nwk	M	G	GM	9	0.133276304198401	5.33333333333333	2	1.4142135623731	8	2021	2016	Coleoptera	subfamily	21	0	3	5	0.777777777777778	0.141104294478528	NA
pairID62	AyiviTong2021Pleurosticti.nwk	TarasovSolodovnikov2011Onthophagini.nwk	M	P	NA	8	0	5	0	0	8	2021	2011	Coleoptera	subfamily	13	91	3	13	0.875	0.48936170212766	NA
pairID63	Badano2017Myrmeleontiformia.nwk	Machado2019Myrmeleontidae.nwk	P	O	NA	20	0.320072244984013	12.7965811965812	34	26.229754097208	13	2017	2019	Other	order	325	107	6	-325	0.55	0.179723502304147	NA
pairID64	Badano2017Myrmeleontiformia.nwk	Michel2017Myrmeleontidae.nwk	P	G	GP	13	0.373509172506322	7.68253968253968	16	11.6619037896906	9	2017	2017	Other	order	8	107	6	-8	0.615384615384615	0.302325581395349	NA
pairID65	Badano2017Myrmeleontiformia.nwk	Vasilikopoulos2020Neuropterida.nwk	P	O	NA	13	0.289999676520646	7.41666666666667	10	10.3923048454133	9	2017	2020	Other	order	3635	107	6	-3635	0.538461538461538	0.325	NA
pairID66	Badano2017Myrmeleontiformia.nwk	Winterton2018Neuropterida.nwk	P	O	NA	19	0.297474762875305	11.7530303030303	23	11.8321595661992	13	2017	2018	Other	order	199	107	6	-199	0.315789473684211	0.240740740740741	NA
pairID69	BalkeRibera2004Copelatinae.nwk	BocakBarton2014Coleoptera.nwk	G	G	GG	16	0.405903646641412	8.40952380952381	19	11.0453610171873	9	2004	2014	Coleoptera	family	7	0	3	-1	0.8125	0.00296088514882344	NA
pairID70	BalkeRibera2004Copelatinae.nwk	LinardVogler2018.nwk	G	M	GM	15	0.219232108165812	9.70238095238095	10	11.0905365064094	10	2004	2018	Coleoptera	family	19	0	3	-13	0.8	0.0018131501097433	NA
pairID71	BalkeWatts2004Copelatus.nwk	BocakBarton2014Coleoptera.nwk	G	G	GG	7	0	4	0	0	7	2004	2014	Coleoptera	family	7	0	3	-1	1	0.00140361821584529	NA
pairID72	BalkeWatts2004Copelatus.nwk	LinardVogler2018.nwk	G	M	GM	7	0	4	0	0	7	2004	2018	Coleoptera	family	19	0	3	-13	1	0.00085927057475654	NA
pairID73	BalvinRoth2015Cimex.nwk	Hornok2021Cimicidae.nwk	G	G	GG	7	0.216781933149046	3.33333333333333	2	1.4142135623731	6	2015	2021	Condylognatha	family	8	0	3	0	1	0.27906976744186	NA
pairID74	Bank2017Vespidae.nwk	Peters2017Hymenoptera.nwk	O	O	OO	18	0.0390284586768586	14.3333333333333	2	28.4253408071038	12	2017	2017	Hymenoptera	suborder	4169	0	5	-2343	1	0.289719626168224	TR.TR
pairID75	Bank2017Vespidae.nwk	PiekarskiCarpenter2018Vespidae.nwk	O	O	OO	14	0.0883708431645644	10.2	4	22.4499443206436	8	2017	2018	Hymenoptera	family	1148	0	3	678	0.285714285714286	0.358381502890173	AHE.TR
pairID76	Bank2017Vespidae.nwk	SannMeusemann2021Apoidea.nwk	O	O	OO	9	0	6	0	8.24621125123532	5	2017	2021	Hymenoptera	infraorder	1107	0	5	719	1	0.313131313131313	NA
pairID77	Bank2017Vespidae.nwk	SannNiehuis2018Apoidea.nwk	O	O	OO	9	0	6	0	8.24621125123532	5	2017	2018	Hymenoptera	infraorder	1108	0	5	718	1	0.321243523316062	NA
pairID78	Bank2017Vespidae.nwk	SchmitzMoritz1998Vespidae.nwk	O	G	GO	7	0	3	0	4.79583152331272	4	2017	1998	Hymenoptera	suborder	915	0	5	911	0.714285714285714	0.873239436619718	NA
pairID79	BankBradler2022Phasmatodea.nwk	BankBuckley2021Heteropterygidae.nwk	G	G	GG	88	0.146186958773664	73.4907632765545	105	48.1248376620639	65	2022	2021	Polyneoptera	suborder	14	0	5	0	0.920454545454545	0.931662870159453	NA
pairID80	BankBradler2022Phasmatodea.nwk	BankCumming2021Phylliidae.nwk	G	G	GG	75	0.191915938473321	62.2811803190835	122	108.866891202055	33	2022	2021	Polyneoptera	suborder	13	0	5	1	0.946666666666667	0.881465517241379	NA
pairID81	BankBradler2022Phasmatodea.nwk	BradlerCliquennois2015Phasmatodea.nwk	G	G	GG	94	0.299157110151227	71.1681997074	240	210.066656088014	47	2022	2015	Polyneoptera	suborder	11	0	5	3	0.914893617021277	0.948955916473318	NA
pairID82	BankBradler2022Phasmatodea.nwk	BradlerRobertson2014Phasmatodea.nwk	G	G	GG	41	0.20259652006406	33.185372960373	47	60.5557594288107	24	2022	2014	Polyneoptera	suborder	13	0	5	1	0.975609756097561	0.98792270531401	NA
pairID83	BankBradler2022Phasmatodea.nwk	BuckleyAttanayake2010Phasmatodea.nwk	G	G	GG	32	0.367664741537224	21.2643398268398	56	37.8285606387555	17	2022	2010	Polyneoptera	infraorder	11	0	5	3	0.96875	0.978468899521531	NA
pairID84	BankBradler2022Phasmatodea.nwk	YuanZhang2023Phasmatodea.nwk	G	M	GM	23	0.340226001825318	15.6807234432234	39	29.6310647800581	13	2022	2023	Polyneoptera	suborder	20	0	5	-6	0.826086956521739	0.938073394495413	NA
pairID85	BankBuckley2021Heteropterygidae.nwk	BankCumming2021Phylliidae.nwk	G	G	GG	62	0.146088854542313	55.049227602108	77	66.8206554891525	41	2021	2021	Polyneoptera	order	13	0	6	1	0.951612903225806	0.638297872340426	NA
pairID86	BankBuckley2021Heteropterygidae.nwk	BradlerCliquennois2015Phasmatodea.nwk	G	G	GG	32	0.289691852614872	23.6599849170437	51	36.3455636907725	22	2021	2015	Polyneoptera	order	11	0	6	3	0.53125	0.566037735849057	NA
pairID87	BankBuckley2021Heteropterygidae.nwk	BradlerRobertson2014Phasmatodea.nwk	G	G	GG	20	0.26983739706952	13.6328707240472	23	30.5941170815567	9	2021	2014	Polyneoptera	order	13	0	6	1	0.5	0.769230769230769	NA
pairID88	BankBuckley2021Heteropterygidae.nwk	YuanZhang2023Phasmatodea.nwk	G	M	GM	15	0.247010226864348	9.80833333333333	10	9.64365076099295	12	2021	2023	Polyneoptera	suborder	20	0	5	-6	0.4	0.745341614906832	NA
pairID89	BankCumming2021Phylliidae.nwk	BradlerCliquennois2015Phasmatodea.nwk	G	G	GG	35	0.344961558012845	24.2293315508021	67	53.3666562565053	21	2021	2015	Polyneoptera	order	10	0	6	2	0.485714285714286	0.591111111111111	NA
pairID90	BankCumming2021Phylliidae.nwk	BradlerRobertson2014Phasmatodea.nwk	G	G	GG	21	0.32314470151537	13.4013772175537	31	37.3898381916798	10	2021	2014	Polyneoptera	order	12	0	6	0	0.380952380952381	0.777777777777778	NA
pairID91	BankCumming2021Phylliidae.nwk	YuanZhang2023Phasmatodea.nwk	G	M	GM	17	0.270687270893434	11.625	17	12.9614813968157	12	2021	2023	Polyneoptera	suborder	19	0	5	-7	0.352941176470588	0.764367816091954	NA
pairID92	BarkerWhiting2003Phthiraptera.nwk	DeMoya2022Philopteridae.nwk	B	O	NA	23	0.447722533526851	12.097619047619	50	22.7376340018041	14	2003	2022	Other	order	1073	0	6	-1071	0.434782608695652	0.202380952380952	NA
pairID93	BarkerWhiting2003Phthiraptera.nwk	MurrellBarker2005Psocodea.nwk	B	B	NA	18	0.373983198016312	10.4388888888889	32	18.6010752377383	9	2003	2005	Other	superorder	2	0	7	0	1	0.53125	NA
pairID94	BarkerWhiting2003Phthiraptera.nwk	deMoya2021Psocodea.nwk	B	O	NA	23	0.33175184294069	14.1486111111111	33	15.1986841535707	15	2003	2021	Other	order	2371	0	6	-2369	0.304347826086957	0.267716535433071	NA
pairID100	BatelkaKundrata2025Cucujiformia.nwk	LinardVogler2018.nwk	O	M	MO	20	0.382968214327631	11.8926470588235	32	17.3781471969828	13	2025	2018	Coleoptera	infraorder	2358	0	5	2326	0.3	0.00352280300866419	NA
pairID101	BatelkaKundrata2025Cucujiformia.nwk	MckennaWild2015Coleoptera.nwk	O	G	GO	15	0.222688021248196	10	10	9.48683298050514	11	2025	2015	Coleoptera	infraorder	2350	0	5	2334	0.466666666666667	0.0961038961038961	NA
pairID102	BatelkaKundrata2025Cucujiformia.nwk	RobertsonSlipinski2015Cucujoidea.nwk	O	G	GO	9	0.509849646376577	3.51904761904762	11	6.48074069840786	6	2025	2015	Coleoptera	infraorder	2350	0	5	2334	0.777777777777778	0.117088607594937	NA
pairID103	BatelkaKundrata2025Cucujiformia.nwk	ZhangChe2018Coleoptera.nwk	O	O	OO	13	0.173464305848638	9	8	6	10	2025	2018	Coleoptera	infraorder	2437	0	5	2247	0.461538461538462	0.107871720116618	NA
pairID95	BatelkaKundrata2025Cucujiformia.nwk	BocakBarton2014Coleoptera.nwk	O	G	GO	23	0.54839684395767	11.4507936507937	64	37.7624151769984	11	2025	2014	Coleoptera	infraorder	2346	0	5	2338	0.347826086956522	0.00574534161490683	NA
pairID96	BatelkaKundrata2025Cucujiformia.nwk	CaiTihelka2022Coleoptera.nwk	O	O	OO	13	0.216844044776761	8.38888888888889	10	6.85565460040104	10	2025	2022	Coleoptera	infraorder	2410	0	5	2274	0.461538461538462	0.107558139534884	NA
pairID97	BatelkaKundrata2025Cucujiformia.nwk	CosandeyKonvicka2024Tenebrionoidea.nwk	O	G	GO	21	0.532835798307769	10.6496031746032	47	47.2546294028426	8	2025	2024	Coleoptera	infraorder	2346	0	5	2338	0.285714285714286	0.255172413793103	NA
pairID98	BatelkaKundrata2025Cucujiformia.nwk	GunterLevkanicova2014Tenebrionoidea.nwk	O	G	GO	18	0.537389246481145	8.97521645021645	38	25.377155080899	9	2025	2014	Coleoptera	infraorder	2348	0	5	2336	0.333333333333333	0.176190476190476	NA
pairID99	BatelkaKundrata2025Cucujiformia.nwk	HuntBergsten2007Coleoptera.nwk	O	G	GO	22	0.769749927388801	7.66011904761905	72	32.0936130717624	10	2025	2007	Coleoptera	infraorder	2345	0	5	2339	0.363636363636364	0.024519549370444	NA
pairID105	Bayless2021Drosophila.nwk	MeusemannTrautwein2020Antliophora.nwk	O	O	OO	13	0.147164453602707	8.80952380952381	7	4.47213595499958	12	2021	2020	Diptera	clade	6290	0	NA	0	0.769230769230769	0.577981651376147	TR.TR
pairID106	Bayless2021Drosophila.nwk	NarayananKutty2019.nwk	O	O	OO	8	0	5	0	0	8	2021	2019	Diptera	suborder	4601	0	5	1689	0.875	0.65625	TR.TR
pairID107	Bayless2021Drosophila.nwk	WiegmannTrautwein2011Diptera.nwk	O	C	NA	53	0.385674410525618	35.1694464135641	146	80.6597793203031	30	2021	2011	Diptera	suborder	3159	371	5	3131	0.188679245283019	0.247058823529412	NA
pairID108	Bayless2021Drosophila.nwk	Yan2021Calliphoridae.nwk	O	O	OO	10	0	7	0	0	10	2021	2021	Diptera	suborder	5366	0	5	924	0.6	0.65625	TR.TR
pairID109	Bazinet2013Apoditrysia.nwk	Cho2011Lepidoptera.nwk	O	G	GO	30	0.189564880589455	23.2031746031746	27	27.4226184016042	22	2013	2011	Lepidoptera	suborder	1605	0	5	1553	0.666666666666667	0.317241379310345	NA
pairID110	Bazinet2013Apoditrysia.nwk	Heikkila2015Ditrysia.nwk	O	C	NA	39	0.294336320801039	27.8302355350742	65	40.6324993078201	24	2013	2015	Lepidoptera	suborder	1587	530	5	1571	0.179487179487179	0.0946502057613169	NA
pairID111	Bazinet2013Apoditrysia.nwk	Kawahara2019Lepidoptera.nwk	O	O	OO	42	0.0505056658715885	37.9515151515151	15	22.4722050542442	40	2013	2019	Lepidoptera	infraorder	3677	0	5	-519	0.857142857142857	0.240837696335079	TR.TR
pairID112	Bazinet2013Apoditrysia.nwk	MayerDietz2021Lepidoptera.nwk	O	O	OO	37	0.0855453524249093	31.658658008658	19	20.5669638012031	33	2013	2021	Lepidoptera	infraorder	3414	0	5	-256	0.621621621621622	0.259887005649718	AHE.TR
pairID113	Bazinet2013Apoditrysia.nwk	Regier2013Lepidoptera.nwk	O	G	GO	43	0.228136032973168	32.5867038217808	64	36.0832371053374	30	2013	2013	Lepidoptera	parvorder	1598	0	5	1560	0.697674418604651	0.096234309623431	NA
pairID114	BellPhilips2012Ptinidae.nwk	BocakBarton2014Coleoptera.nwk	G	G	GG	18	0.494698517533133	8.85974025974026	32	23.7907545067406	8	2012	2014	Coleoptera	family	7	0	3	-1	0.722222222222222	0.00790820282214297	NA
pairID115	BellPhilips2012Ptinidae.nwk	HuntBergsten2007Coleoptera.nwk	G	G	GG	16	0.459157649119107	7.8	22	14.7648230602334	10	2012	2007	Coleoptera	family	6	0	3	0	0.6875	0.0335305719921105	NA
pairID116	BellPhilips2012Ptinidae.nwk	LinardVogler2018.nwk	G	M	GM	31	0.446857489256844	17.6854395604396	63	42.7083130081252	15	2012	2018	Coleoptera	family	19	0	3	-13	0.838709677419355	0.00485806820346733	NA
pairID123	BellRoberts2019Auchenorrhyncha.nwk	DietrichMckamey2001Membracidae.nwk	G	P	GP	29	0.522451426512549	4.01904761904762	14	8.42614977317636	6	2019	2001	Condylognatha	superfamily	5	83	4	5	1	0.978622327790974	NA
pairID127	BellSvenson2014Machaerotidae.nwk	CryanSvenson2010Cercopoidea.nwk	G	G	GG	19	0.179785938966645	13.7333333333333	14	9.9498743710662	14	2014	2010	Condylognatha	superfamily	14	0	4	2	0.789473684210526	0.292035398230089	NA
pairID128	BellSvenson2014Machaerotidae.nwk	CryanUrban2012Hemiptera.nwk	G	G	GG	8	0.538179993403778	3	8	5	5	2014	2012	Condylognatha	infraorder	15	0	5	1	0.75	0.351063829787234	NA
pairID129	Bellini2023Collembola.nwk	BelliniCipola2024Seirinae.nwk	M	M	MM	12	0	9	0	0	12	2023	2024	Other	family	26	0	3	0	1	0.956521739130435	NA
pairID132	Bellini2023Collembola.nwk	FengYitong2017Paronellidae.nwk	M	G	GM	16	0.489714670274654	1.33333333333333	2	2	4	2023	2017	Other	order	17	0	6	9	0.8125	0.833333333333333	NA
pairID133	Bellini2023Collembola.nwk	GodeiroBellini2021Entomobryoidea.nwk	M	M	MM	37	0.163309945054245	30.0127303553	44	74.3034319530397	27	2023	2021	Other	order	26	0	6	0	1	0.982142857142857	NA
pairID135	Bellini2023Collembola.nwk	GodeiroPacheco2020Seirinae.nwk	M	M	MM	7	0	4	0	0	7	2023	2020	Other	subfamily	26	0	3	0	1	0.94017094017094	NA
pairID136	Bellini2023Collembola.nwk	LeoCarapelli2019Collembola.nwk	M	M	MM	17	0.100033493258031	13.2727272727273	8	7.81024967590665	14	2023	2019	Other	NA	26	0	NA	0	0.941176470588235	0.956521739130435	NA
pairID137	Bellini2023Collembola.nwk	MaHe2015Archaeognatha.nwk	M	M	MM	8	0.303975896680236	3.66666666666667	4	4.24264068711928	6	2023	2015	Other	NA	26	0	NA	0	1	0.82089552238806	NA
pairID138	Bellini2023Collembola.nwk	SunYu2020Collembola.nwk	M	M	MM	23	0.244356590374012	15.3224310776942	22	8.12403840463596	17	2023	2020	Other	NA	26	0	NA	0	1	0.964912280701754	NA
pairID139	Bellini2023Collembola.nwk	XieYao2020Isotomidae.nwk	M	M	MM	6	0	3	0	0	6	2023	2020	Other	order	26	0	6	0	1	1	NA
pairID144	Bellini2023Collembola.nwk	ZhangBellini2019Entomobryoidea.nwk	M	P	NA	11	0.302772031985606	5.93055555555556	8	6.70820393249937	8	2023	2019	Other	superfamily	13	153	4	13	0.545454545454545	0.846153846153846	NA
pairID145	Bellini2023Collembola.nwk	ZhangChen2014Entomobryidae.nwk	M	G	GM	10	0.230181941808865	5.58333333333333	5	5.3851648071345	8	2023	2014	Other	order	16	0	6	10	0.8	0.846153846153846	NA
pairID146	Bellini2023Collembola.nwk	ZhangSun2015Entomobryoidea.nwk	M	G	GM	14	0.308181620264318	2.33333333333333	2	2.64575131106459	5	2023	2015	Other	order	17	0	6	9	0.785714285714286	0.83969465648855	NA
pairID148	BelliniCipola2024Seirinae.nwk	GodeiroBellini2021Entomobryoidea.nwk	M	M	MM	10	0	7	0	0	10	2024	2021	Other	family	26	0	3	0	1	0.372549019607843	NA
pairID149	BelliniCipola2024Seirinae.nwk	GodeiroPacheco2020Seirinae.nwk	M	M	MM	7	0	4	0	0	7	2024	2020	Other	subfamily	26	0	3	0	0.857142857142857	0.655172413793103	NA
pairID150	Belokobylskij2004Doryctinae.nwk	SamacaSaenz2016Doryctinae.nwk	P	G	GP	25	0.651194561041902	6.93095238095238	37	29.0172362570938	8	2004	2016	Hymenoptera	subfamily	3	100	3	-3	0.84	0.876543209876543	NA
pairID151	Belokobylskij2004Doryctinae.nwk	ZaldivarRiveron2008Doryctinae.nwk	P	G	GP	47	0.702865065044915	14.0678022368368	182	79.7370679169983	9	2004	2008	Hymenoptera	subfamily	2	100	3	-2	0.51063829787234	0.699507389162562	NA
pairID152	Belokobylskij2004Doryctinae.nwk	ZaldivarRiveron2014Doryctinae.nwk	P	G	GP	12	0.17903380457159	4.6	2	8	6	2004	2014	Hymenoptera	subfamily	4	100	3	-4	0.5	0.850299401197605	NA
pairID158	BendaVotypkova2021Xenidae.nwk	DongLiu2022Xenos.nwk	G	B	NA	4	0	1	0	0	4	2021	2022	Other	suborder	7	0	5	5	1	0.962962962962963	NA
pairID168	BergstenNylander2025Dytiscidae.nwk	MichatAlarie2013Coptotominae.nwk	O	P	NA	12	0.648946666071657	3.54761904761905	18	15.4919333848297	5	2025	2013	Coleoptera	family	5364	125	3	5364	0.5	0.85	NA
pairID170	BernhardRibera2009Hydrophiloidea.nwk	BeutelLeschen2005Staphyliniformia.nwk	C	P	NA	16	0.612223943255131	2.13333333333333	6	3.60555127546399	4	2009	2005	Coleoptera	infraorder	6	304	5	6	0.625	0.328767123287671	NA
pairID171	BernhardRibera2009Hydrophiloidea.nwk	BocakBarton2014Coleoptera.nwk	C	G	CG	24	0.207023312693969	17.9312834224599	35	21.3307290077015	19	2009	2014	Coleoptera	infraorder	10	160	5	2	0.916666666666667	0.00374239825354748	NA
pairID172	BernhardRibera2009Hydrophiloidea.nwk	HuntBergsten2007Coleoptera.nwk	C	G	CG	20	0.433211866844798	11.2863997113997	37	22.5831795812724	6	2009	2007	Coleoptera	infraorder	9	160	5	3	0.7	0.0160965794768612	NA
pairID173	BernhardRibera2009Hydrophiloidea.nwk	LinardVogler2018.nwk	C	M	NA	23	0.106770728041727	17.9444444444444	13	17.3205080756888	15	2009	2018	Coleoptera	infraorder	22	160	5	-10	0.91304347826087	0.00229095074455899	NA
pairID174	BernhardRibera2009Hydrophiloidea.nwk	ShortFikacek2013Hydrophilidae.nwk	C	G	CG	12	0.289375520753553	7.03333333333333	9	7.28010988928052	9	2009	2013	Coleoptera	superfamily	12	160	4	0	0.916666666666667	0.184615384615385	NA
pairID177	BertoneCourtney2008Diptera.nwk	DayGweon2016Nematocera.nwk	G	M	GM	12	0.703968661254717	4.11904761904762	25	21.3072757526625	4	2008	2016	Diptera	suborder	17	0	5	-9	0.583333333333333	0.640776699029126	NA
pairID178	BertoneCourtney2008Diptera.nwk	Lambkin2012.nwk	G	P	GP	14	0	1	0	2	3	2008	2012	Diptera	order	4	371	6	4	0.928571428571429	0.702127659574468	NA
pairID179	BertoneCourtney2008Diptera.nwk	MeusemannTrautwein2020Antliophora.nwk	G	O	GO	14	0.218516094099283	9	8	10.5356537528527	12	2008	2020	Diptera	superorder	3149	0	7	-3141	0.571428571428571	0.578947368421053	NA
pairID180	BertoneCourtney2008Diptera.nwk	Petersen2010Tipuloidea.nwk	G	C	CG	11	0	4	0	0	7	2008	2010	Diptera	suborder	6	100	5	2	1	0.647058823529412	NA
pairID182	BertoneCourtney2008Diptera.nwk	Shin2018.nwk	G	G	GG	9	0.600927904247014	3.21904761904762	11	6.40312423743285	6	2008	2018	Diptera	order	24	0	6	-16	0.777777777777778	0.0684647302904564	NA
pairID183	BertoneCourtney2008Diptera.nwk	WiegmannTrautwein2011Diptera.nwk	G	C	CG	42	0.281139873528942	30.0356904568861	71	43.1161222746202	25	2008	2011	Diptera	superorder	18	371	7	-10	0.904761904761905	0.289473684210526	NA
pairID184	BertoneCourtney2008Diptera.nwk	ZhangKang2016Tipulomorpha.nwk	G	M	GM	18	0.402984593969087	10.1166666666667	27	24.1039415863879	10	2008	2016	Diptera	suborder	17	0	5	-9	0.5	0.758620689655172	NA
pairID185	Beutel2010Neuroptera.nwk	Li2022Ithonidae.nwk	P	P	NA	18	0.139552428553546	13.0666666666667	9	4.24264068711928	15	2010	2022	Other	superorder	0	67	7	0	1	1	NA
pairID186	Beutel2010Neuroptera.nwk	Randolf2013Sisyridae.nwk	P	P	NA	25	0.286229828033988	18.2359432234432	37	28.49561369755	17	2010	2013	Other	superorder	0	142	7	0	0.92	0.928571428571429	NA
pairID187	Beutel2010Neuroptera.nwk	WintertonHardyWiegmann2010Neuropterida.nwk	P	G	GP	21	0.534267573493913	10.2038201564517	56	43.2087954009366	8	2010	2010	Other	superorder	4	60	7	-4	0.571428571428571	0.337662337662338	NA
pairID188	BeutelHornschemeyer2002Micromalthidae.nwk	MckennaWild2015Coleoptera.nwk	P	G	GP	8	0.289173879578412	3.83333333333333	6	7.54983443527075	5	2002	2015	Coleoptera	order	8	50	6	-8	0.875	0.03601108033241	NA
pairID193	BeutelLeschen2005Staphyliniformia.nwk	MckennaWild2015Coleoptera.nwk	P	G	GP	22	0.271433394619208	8.65238095238095	13	11.5758369027902	9	2005	2015	Coleoptera	order	8	144	6	-8	0.318181818181818	0.151219512195122	NA
pairID194	BeutelMaddison1999Myxophaga.nwk	MckennaWild2015Coleoptera.nwk	P	G	GP	14	0.519702463795726	6.44733044733045	28	23	6	1999	2015	Coleoptera	order	8	54	6	-8	0.714285714285714	0.0521978021978022	NA
pairID195	BeutelMaddison1999Myxophaga.nwk	YavorskayaAnton2018Myxophaga.nwk	P	P	NA	9	0	6	0	4.79583152331272	5	1999	2018	Coleoptera	order	0	152	6	0	0.888888888888889	0.826086956521739	NA
pairID196	BeutelSlipinski2001Cucujoidea.nwk	MckennaWild2015Coleoptera.nwk	P	G	GP	14	0.50416683536926	6.71666666666667	28	20.6155281280883	8	2001	2015	Coleoptera	suborder	8	22	5	-8	0.571428571428571	0.0467032967032967	NA
pairID197	BezaBeza2020Passalinae.nwk	JimenezFerbans2015Passalini.nwk	C	P	NA	7	0.742323658241834	1.83333333333333	8	5.19615242270663	5	2020	2015	Coleoptera	family	3	97	3	3	0.857142857142857	0.820754716981132	NA
pairID198	BiltonJach2023Hydraenidae.nwk	BocakBarton2014Coleoptera.nwk	G	G	GG	13	0.289621488168246	7.68181818181818	14	16.2480768092719	9	2023	2014	Coleoptera	superfamily	10	0	4	2	0.923076923076923	0.0230534351145038	NA
pairID199	BiltonJach2023Hydraenidae.nwk	LinardVogler2018.nwk	G	M	GM	24	0.228973269165028	17.0187423687424	32	17.3781471969828	15	2023	2018	Coleoptera	family	22	0	3	-10	0.958333333333333	0.0142439392510141	NA
pairID200	BiltonJach2023Hydraenidae.nwk	TrizzinoJach2013Hydraena.nwk	G	G	GG	12	0	4	0	3.74165738677394	5	2023	2013	Coleoptera	genus	12	0	1	0	1	0.454819277108434	NA
pairID201	BiltonJach2023Hydraenidae.nwk	VillastrigoJach2019Ochthebiini.nwk	G	G	GG	22	0.189365637745797	15.7745614035088	17	7.28010988928052	17	2023	2019	Coleoptera	family	12	0	3	0	0.909090909090909	0.506711409395973	NA
pairID202	BiltonToussaint2015Copelatinae.nwk	BocakBarton2014Coleoptera.nwk	G	G	GG	11	0.29054525995542	6.58333333333333	8	11.5758369027902	8	2015	2014	Coleoptera	subfamily	12	0	3	4	0.909090909090909	0.00327000934288384	NA
pairID203	BiltonToussaint2015Copelatinae.nwk	LinardVogler2018.nwk	G	M	GM	17	0.30280744410256	11.3	16	24.6779253585061	7	2015	2018	Coleoptera	subfamily	24	0	3	-8	0.941176470588235	0.0020043905698196	NA
pairID204	Blaimer2012Crematogaster.nwk	Blaimer2012Oxygyne.nwk	G	G	GG	7	0.224187178421862	3.33333333333333	2	3.3166247903554	6	2012	2012	Hymenoptera	genus	9	0	1	1	1	1	NA
pairID207	Blaimer2016Acropyga.nwk	LinSong2023Formicidae.nwk	O	M	MO	10	0	7	0	0	10	2016	2023	Hymenoptera	genus	957	0	1	931	0.9	0.23469387755102	NA
pairID208	Blaimer2016Acropyga.nwk	ZhangLi2022Formicidae.nwk	O	M	MO	7	0.371360062807747	2.91666666666667	4	4.58257569495584	5	2016	2022	Hymenoptera	genus	957	0	1	931	1	0.353846153846154	NA
pairID210	Blaimer2023Hymenoptera.nwk	Branstetter2017Formicidae.nwk	O	O	OO	22	0.438375116612646	12.3333333333333	44	39.4334883062607	10	2023	2017	Hymenoptera	infraorder	2302	0	5	-1410	0.590909090909091	0.494291470785762	UCE.UCE
pairID211	Blaimer2023Hymenoptera.nwk	BranstetterDanforth2017Hymenoptera.nwk	O	O	OO	140	0.431960495248569	85.5395595217041	724	336.870895151243	52	2023	2017	Hymenoptera	order	1246	0	6	-354	0.907142857142857	0.947232947232947	UCE.UCE
pairID213	Blaimer2023Hymenoptera.nwk	Cardinal2010Apidae.nwk	O	G	GO	21	0.672328754766672	8.15246203744656	66	40.3608721412211	8	2023	2010	Hymenoptera	superfamily	453	0	4	439	0.619047619047619	0.825112107623318	NA
pairID214	Blaimer2023Hymenoptera.nwk	Cardinal2018Anthophila.nwk	O	G	GO	39	0.558988060406241	18.7284626002017	135	69.274815048472	14	2023	2018	Hymenoptera	superfamily	453	0	4	439	0.666666666666667	0.720861900097943	NA
pairID215	Blaimer2023Hymenoptera.nwk	Chen2021Platygastroidea.nwk	O	C	NA	18	0.279247109412773	11.2833333333333	16	15.6843871413581	12	2023	2021	Hymenoptera	infraorder	450	119	5	442	0.666666666666667	0.900856793145655	NA
pairID216	Blaimer2023Hymenoptera.nwk	Cruaud2024Chalcidoidea.nwk	O	O	OO	100	0.505825844250721	62.0096455909575	514	201.747366773398	34	2023	2024	Hymenoptera	infraorder	2500	0	5	-1608	0.45	0.72512315270936	AHE.UCE
pairID217	Blaimer2023Hymenoptera.nwk	DebevecCardinal2012Aculeata.nwk	O	G	GO	71	0.62203365143144	35.4356965702529	449	211.255769151993	26	2023	2012	Hymenoptera	infraorder	450	0	5	442	0.507042253521127	0.804371584699454	NA
pairID218	Blaimer2023Hymenoptera.nwk	Desjardins2007Pteromalidae.nwk	O	G	GO	20	0.792907471726335	5.75604395604396	76	49.335585534176	6	2023	2007	Hymenoptera	infraorder	450	0	5	442	0.5	0.962091503267974	NA
pairID219	Blaimer2023Hymenoptera.nwk	Faircloth2015Hymenoptera.nwk	O	O	OO	20	0.354731928338774	12.2863636363636	37	27.0185121722126	13	2023	2015	Hymenoptera	order	1167	0	6	-275	0.8	0.968421052631579	UCE.UCE
pairID220	Blaimer2023Hymenoptera.nwk	GimenoBelshaw1997Braconidae.nwk	O	G	GO	15	0.350164876648351	9.22857142857143	20	10.6301458127346	9	2023	1997	Hymenoptera	family	449	0	3	443	0.4	0.968421052631579	NA
pairID221	Blaimer2023Hymenoptera.nwk	Hedtke2013Anthophila.nwk	O	G	GO	50	0.761817660763981	13.1840944727624	210	95.5405672999695	9	2023	2013	Hymenoptera	superfamily	466	0	4	426	0.6	0.68785046728972	NA
pairID223	Blaimer2023Hymenoptera.nwk	JassoMartinez2022Braconidae.nwk	O	M	MO	65	0.181024863765299	48.6353260440125	79	23.7907545067406	42	2023	2022	Hymenoptera	superorder	461	0	7	431	0.661538461538462	0.892121212121212	NA
pairID224	Blaimer2023Hymenoptera.nwk	JassoMartinez2022Braconidae4.nwk	O	O	OO	122	0.164674607030572	93.5470663534231	201	56.7097875150313	83	2023	2022	Hymenoptera	superfamily	3036	0	4	-2144	0.795081967213115	0.79826464208243	UCE.UCE
pairID225	Blaimer2023Hymenoptera.nwk	Johnson2013Hymenoptera.nwk	O	O	OO	13	0.363232424655281	7.6	12	8.83176086632785	11	2023	2013	Hymenoptera	infraorder	754	0	5	138	0.692307692307692	0.986595174262735	TR.UCE
pairID226	Blaimer2023Hymenoptera.nwk	Li2016Braconidae.nwk	O	M	MO	22	0.168225734011109	16.3848039215686	16	8.30662386291807	19	2023	2016	Hymenoptera	superfamily	459	0	4	433	0.545454545454545	0.978723404255319	NA
pairID227	Blaimer2023Hymenoptera.nwk	LotfalizadehDelvare2007Eurytominae.nwk	O	P	NA	27	0.591676062793028	12.2303865724918	86	47.4657771452233	11	2023	2007	Hymenoptera	superfamily	446	150	4	446	0.444444444444444	0.887816646562123	NA
pairID228	Blaimer2023Hymenoptera.nwk	MunroHeraty2011Chalcidoidea.nwk	O	G	GO	107	0.483142794829793	61.6218498851451	482	146.686741050444	36	2023	2011	Hymenoptera	infraorder	448	0	5	444	0.523364485981308	0.648458149779736	NA
pairID229	Blaimer2023Hymenoptera.nwk	MurphyCarey2007Platygastroidea.nwk	O	G	GO	18	0.41351123500158	9.95	22	13.6014705087354	11	2023	2007	Hymenoptera	infraorder	449	0	5	443	0.611111111111111	0.935196950444727	NA
pairID230	Blaimer2023Hymenoptera.nwk	Nyman2019Symphyta.nwk	O	G	GO	32	0.204593516847902	24.1676767676768	28	37.9868398264452	13	2023	2019	Hymenoptera	order	455	0	6	437	0.34375	0.845977011494253	NA
pairID233	Blaimer2023Hymenoptera.nwk	QuickeFaganJeffries2021Rogadinae.nwk	O	G	GO	20	0.380762808234968	11.9293353705118	28	33.166247903554	11	2023	2021	Hymenoptera	family	450	0	3	442	0.35	0.75564681724846	NA
pairID234	Blaimer2023Hymenoptera.nwk	QuickeLaurenne2009Ichneumonidae.nwk	O	C	NA	125	0.381791950849818	72.8696659106537	457	233.33880945955	37	2023	2009	Hymenoptera	family	447	162	3	445	0.376	0.514685314685315	NA
pairID235	Blaimer2023Hymenoptera.nwk	Rasplus2020Eulophidae.nwk	O	O	OO	11	0.175034732193488	6.72222222222222	6	6.16441400296898	9	2023	2020	Hymenoptera	superfamily	1325	0	4	-433	0.545454545454545	0.905289052890529	UCE.UCE
pairID237	Blaimer2023Hymenoptera.nwk	SantosWahl2021Ichneumoninae.nwk	O	O	OO	11	0.583132673882267	4.45238095238095	18	12.2065556157337	6	2023	2021	Hymenoptera	subfamily	1801	0	3	-909	0.636363636363636	0.869976359338062	UCE.UCE
pairID238	Blaimer2023Hymenoptera.nwk	SharanowskiDowling2011Braconidae.nwk	O	G	GO	54	0.234174170796577	40.8004740499625	97	70.1355829803959	38	2023	2011	Hymenoptera	superfamily	450	0	4	442	0.648148148148148	0.922305764411028	NA
pairID239	Blaimer2023Hymenoptera.nwk	SharanowskiRidenbaugh2021Ichneumonoidea.nwk	O	O	OO	47	0.151352367398232	36.7959595959596	38	13.490737563232	35	2023	2021	Hymenoptera	superfamily	987	0	4	-95	0.574468085106383	0.944801026957638	AHE.UCE
pairID240	Blaimer2023Hymenoptera.nwk	Sharkey2011Hymenoptera.nwk	O	C	NA	72	0.29168235635185	43.8537271902034	127	206.031550981882	32	2023	2011	Hymenoptera	order	450	392	6	442	0.347222222222222	0.900856793145655	NA
pairID241	Blaimer2023Hymenoptera.nwk	ShiChen2005Braconidae.nwk	O	C	NA	56	0.29502123657895	38.6614140368488	109	43.7149859887888	36	2023	2005	Hymenoptera	family	449	96	3	443	0.321428571428571	0.914285714285714	NA
pairID242	Blaimer2023Hymenoptera.nwk	ZaldivarRiveron2008Doryctinae.nwk	O	G	GO	22	0.458669931619607	11.6674962292609	42	15.8745078663875	12	2023	2008	Hymenoptera	family	448	0	3	444	0.454545454545455	0.907521578298397	NA
pairID243	Blaimer2023Hymenoptera.nwk	ZaldivarRiveron2008Rogadinae.nwk	O	G	GO	18	0.373503499621868	10.9531746031746	25	15.4596248337403	11	2023	2008	Hymenoptera	family	448	0	3	444	0.444444444444444	0.903067484662577	NA
pairID244	Blaimer2023Hymenoptera.nwk	Zhang2020Chalcidoidea.nwk	O	O	OO	28	0.633686106873671	13.4117376775272	87	44.6766158073774	13	2023	2020	Hymenoptera	superfamily	6007	0	4	-5115	0.285714285714286	0.939974457215837	TR.UCE
pairID245	Blaimer2023Hymenoptera.nwk	Zhang2022Chalcidoidea.nwk	O	O	OO	15	0.239470024380861	9.60952380952381	11	21.4941852602047	8	2023	2022	Hymenoptera	superfamily	1778	0	4	-886	0.466666666666667	0.905289052890529	AHE.UCE
pairID246	Blaimer2023Hymenoptera.nwk	ZhangDelvare2025Eurytomidae.nwk	O	O	OO	32	0.363918645479551	19.061013986014	59	26.3248931621764	14	2023	2025	Hymenoptera	superfamily	1408	0	4	-516	0.875	0.909765142150804	UCE.UCE
pairID247	Blaimer2023Hymenoptera.nwk	Zheng2022Ichneumonidae.nwk	O	M	MO	42	0.316197853112718	26.3814463314463	69	28.7576076890968	20	2023	2022	Hymenoptera	family	459	0	3	433	0.380952380952381	0.922305764411028	NA
pairID248	BlaimerBrady2015Formicinae.nwk	BorowiecRabeling2019Formicidae.nwk	O	G	GO	7	0	4	0	0	7	2015	2019	Hymenoptera	family	970	0	3	948	1	0.458064516129032	NA
pairID249	BlaimerBrady2015Formicinae.nwk	BoudinotBorowiec2022Lasiini.nwk	O	C	NA	66	0.176683947800618	55.2776244588745	113	58.2322934461627	48	2015	2022	Hymenoptera	family	970	110	3	948	0.96969696969697	0.537878787878788	NA
pairID250	BlaimerBrady2015Formicinae.nwk	Branstetter2017Formicidae.nwk	O	O	OO	68	0.144292088890318	57.8523740449437	81	40.0499687890016	49	2015	2017	Hymenoptera	family	2815	0	3	-897	0.985294117647059	0.0923276983094928	UCE.UCE
pairID251	BlaimerBrady2015Formicinae.nwk	KlimesDrescher2022Camponotini.nwk	O	G	GO	16	0.071337936686995	12.2	4	2.44948974278318	15	2015	2022	Hymenoptera	subfamily	964	0	3	954	1	0.581967213114754	NA
pairID252	BlaimerBrady2015Formicinae.nwk	LaPolla2010Prenolepis.nwk	O	G	GO	9	0.161898555534915	5.25	3	4.69041575982343	8	2015	2010	Hymenoptera	tribe	964	0	2	954	1	0.797752808988764	NA
pairID253	BlaimerBrady2015Formicinae.nwk	LapollaKallal2012Prenolepis.nwk	O	G	GO	8	0.267081155039928	4.08333333333333	3	4.58257569495584	7	2015	2012	Hymenoptera	tribe	965	0	2	953	1	0.835294117647059	NA
pairID254	BlaimerBrady2015Formicinae.nwk	Schmidt2013Ponerinae.nwk	O	G	GO	8	0	5	0	4.24264068711928	7	2015	2013	Hymenoptera	family	963	0	3	955	0.875	0.385869565217391	NA
pairID255	BlaimerBrady2015Formicinae.nwk	Ward2015Myrmicinae.nwk	O	G	GO	6	0	3	0	0	6	2015	2015	Hymenoptera	family	970	0	3	948	1	0.243150684931507	NA
pairID256	BlaimerBrady2015Formicinae.nwk	WardFisher2025Camponotini.nwk	O	O	OO	13	0.0676249462151531	9.33333333333333	2	1.4142135623731	12	2015	2025	Hymenoptera	subfamily	2399	0	3	-481	1	0.270992366412214	UCE.UCE
pairID258	BlaschkeStireman2018Phasiinae.nwk	Stireman2019Dexiinae.nwk	G	G	GG	15	0.347805922340704	9	15	14.142135623731	7	2018	2019	Diptera	family	8	0	3	0	0.6	0.582781456953642	NA
pairID259	BlaschkeStireman2018Phasiinae.nwk	WinklerBlaschke2015Tachinidae.nwk	G	G	GG	21	0.159487386246598	15.452380952381	16	7.07106781186548	18	2018	2015	Diptera	superfamily	13	0	4	-5	0.571428571428571	0.838095238095238	NA
pairID260	BocakBarton2014Coleoptera.nwk	BocakBocakova2008Lycidae.nwk	G	G	GG	39	0.370597665249102	25.7486547808916	79	55.9106429939775	14	2014	2008	Coleoptera	family	10	0	3	-2	0.871794871794872	0.998300633400278	NA
pairID261	BocakBarton2014Coleoptera.nwk	BocakovaConstantin2012Cleroidea.nwk	G	G	GG	65	0.150264196290669	53.6198773448773	72	71.2811335487869	47	2014	2012	Coleoptera	superfamily	8	0	4	0	0.984615384615385	0.999381379523662	NA
pairID262	BocakBarton2014Coleoptera.nwk	BocekFancello2018Omalisidae.nwk	G	G	GG	10	0.294288459896959	5.38333333333333	6	3.74165738677394	8	2014	2018	Coleoptera	superfamily	7	0	4	1	0.7	0.999072356215213	NA
pairID263	BocakBarton2014Coleoptera.nwk	BrunkeSolodovnikov2013Staphylinini.nwk	G	P	GP	17	0.749439460091204	3.71904761904762	26	16.3095064303001	6	2014	2013	Coleoptera	tribe	4	79	2	4	0.352941176470588	0.993084370677732	NA
pairID264	BocakBarton2014Coleoptera.nwk	BrustleAlaruikka2010Arrhipis.nwk	G	C	CG	9	0.343474555999184	4.48333333333333	6	5.29150262212918	7	2014	2010	Coleoptera	family	9	25	3	-1	1	0.99953596287703	NA
pairID265	BocakBarton2014Coleoptera.nwk	BuderGrossmann2008Ciidae.nwk	G	G	GG	6	0.819990982904395	1.25	7	3.87298334620742	4	2014	2008	Coleoptera	superfamily	7	0	4	1	1	0.997376138292946	NA
pairID266	BocakBarton2014Coleoptera.nwk	CabreroSanudo2004Aphodiini.nwk	G	G	GG	15	0.59098934125503	6.55959595959596	28	19.5959179422654	9	2014	2004	Coleoptera	family	7	0	3	1	0.466666666666667	0.996914532551682	NA
pairID267	BocakBarton2014Coleoptera.nwk	CaiTihelka2022Coleoptera.nwk	G	O	GO	99	0.273454000127993	69.6641431410455	219	118.414526135943	45	2014	2022	Coleoptera	suborder	72	0	5	-64	0.343434343434343	0.958611481975968	NA
pairID268	BocakBarton2014Coleoptera.nwk	CaiWang2019Staphylininae.nwk	G	G	GG	33	0.553504480058397	17.6824360738447	99	69.4478221400787	14	2014	2019	Coleoptera	family	10	0	3	-2	0.909090909090909	0.993542435424354	NA
pairID269	BocakBarton2014Coleoptera.nwk	CaterinoTishechkin2006Histeridae.nwk	G	B	NA	18	0.477374615128119	9.65238095238095	32	16.6132477258361	11	2014	2006	Coleoptera	subfamily	5	0	3	3	0.888888888888889	0.999381379523662	NA
pairID270	BocakBarton2014Coleoptera.nwk	CaterinoTishechkin2015Exosternini.nwk	G	C	CG	11	0.49711938341844	4.31666666666667	11	8.94427190999916	5	2014	2015	Coleoptera	family	7	259	3	1	0.727272727272727	0.940885264997088	NA
pairID271	BocakBarton2014Coleoptera.nwk	Chatzimanolis2014Xanthopygina.nwk	G	G	GG	17	0.46841292250994	8.65854700854701	29	15.5884572681199	10	2014	2014	Coleoptera	subfamily	10	0	3	-2	0.941176470588235	0.998146431881372	NA
pairID272	BocakBarton2014Coleoptera.nwk	CheZhang2021Coccinellidae.nwk	G	O	GO	55	0.643233870205268	26.7329379027058	274	162.785134456436	20	2014	2021	Coleoptera	superfamily	98	0	4	-90	0.581818181818182	0.988526847177604	NA
pairID273	BocakBarton2014Coleoptera.nwk	ClineSmith2014Nitidulidae.nwk	G	G	GG	16	0.375575392779553	9.49285714285714	18	20.0748598998847	11	2014	2014	Coleoptera	infraorder	11	0	5	-3	0.625	0.995685670261941	NA
pairID274	BocakBarton2014Coleoptera.nwk	CosandeyKonvicka2024Tenebrionoidea.nwk	G	G	GG	88	0.34718537967483	65.319280877043	258	197.284059163431	35	2014	2024	Coleoptera	infraorder	8	0	5	0	0.852272727272727	0.993848046754845	NA
pairID275	BocakBarton2014Coleoptera.nwk	CramptonPlatt2015Coleoptera.nwk	G	M	GM	32	0.300064762861864	22.903021978022	51	53.8609320379809	17	2014	2015	Coleoptera	order	17	0	6	-9	0.84375	0.998609179415855	NA
pairID276	BocakBarton2014Coleoptera.nwk	CunhaVerdu2011Geotrupidae.nwk	G	G	GG	29	0.135560479483795	23.7983695652174	24	21.8403296678416	22	2014	2011	Coleoptera	superfamily	8	0	4	0	0.96551724137931	0.999381379523662	NA
pairID277	BocakBarton2014Coleoptera.nwk	DouglasKonstantinov2023Alticini.nwk	G	O	GO	36	0.422899869693607	21.1495098039216	84	55.1815186452856	18	2014	2023	Coleoptera	family	499	0	3	-491	0.333333333333333	0.985511666920848	NA
pairID278	BocakBarton2014Coleoptera.nwk	DouglasKundrata2021Elateroidea.nwk	G	O	GO	21	0.515547206325697	10.3571608946609	48	41.641325627314	9	2014	2021	Coleoptera	family	2264	0	3	-2256	0.571428571428571	0.989132098576458	NA
pairID279	BocakBarton2014Coleoptera.nwk	DuanQuan2017Coleoptera.nwk	G	M	GM	37	0.361898162929154	23.9162825736355	76	47.116875957559	19	2014	2017	Coleoptera	order	17	0	6	-9	0.972972972972973	0.999072356215213	NA
pairID281	BocakBarton2014Coleoptera.nwk	EscalonaZwick2017Coccinellini.nwk	G	G	GG	27	0.407340538236815	15.8045421245421	48	28.6181760425084	12	2014	2017	Coleoptera	subfamily	8	0	3	0	0.444444444444444	0.994306816433297	NA
pairID282	BocakBarton2014Coleoptera.nwk	FerreiraKeller2020Lampyridae.nwk	G	G	GG	35	0.301318892943559	24.147113997114	54	24.0831891575846	22	2014	2020	Coleoptera	family	7	0	3	1	1	0.997684113015285	NA
pairID284	BocakBarton2014Coleoptera.nwk	ForgiePhilips2005Scarabaeini.nwk	G	P	GP	15	0.552903705867229	6.58717948717949	35	29.8663690461362	6	2014	2005	Coleoptera	subfamily	4	216	3	4	0.933333333333333	0.997838171710933	NA
pairID285	BocakBarton2014Coleoptera.nwk	GeGomezZurita2012Alticinae.nwk	G	G	GG	124	0.309357772700309	89.9101319859946	346	240.378867623591	52	2014	2012	Coleoptera	family	8	0	3	0	0.919354838709677	0.997376138292946	NA
pairID286	BocakBarton2014Coleoptera.nwk	GillespieTallamy2008Chrysomelidae.nwk	G	G	GG	41	0.261794573564556	28.1363932044967	65	52.3832034148352	23	2014	2008	Coleoptera	superfamily	7	0	4	1	0.634146341463415	0.982963188317615	NA
pairID287	BocakBarton2014Coleoptera.nwk	GimmelBocakova2019Cleroidea.nwk	G	G	GG	98	0.254494316442568	73.9363978829532	202	91.9401979549751	57	2014	2019	Coleoptera	suborder	8	0	5	0	0.938775510204082	0.974660633484163	NA
pairID288	BocakBarton2014Coleoptera.nwk	GomezZurita2005Eumolpinae.nwk	G	C	CG	40	0.21542033662428	30.0311285936286	52	32.0624390837628	28	2014	2005	Coleoptera	superfamily	7	16	4	1	0.95	0.999226843977115	NA
pairID289	BocakBarton2014Coleoptera.nwk	GomezZurita2007Chrysomelidae.nwk	G	G	GG	145	0.278074752730838	101.307812612446	395	300.920255217225	68	2014	2007	Coleoptera	superfamily	7	0	4	1	0.951724137931034	0.997992277992278	NA
pairID290	BocakBarton2014Coleoptera.nwk	GomezZuritaCardoso2021Cryptocephalinae.nwk	G	G	GG	31	0.250727729158829	20.8583333333333	35	16.2480768092719	20	2014	2021	Coleoptera	family	9	0	3	-1	0.774193548387097	0.985361390667887	NA
pairID291	BocakBarton2014Coleoptera.nwk	GoughDuran2019Cicindelinae.nwk	G	G	GG	140	0.331786563219801	101.212430684171	563	689.546952716057	60	2014	2019	Coleoptera	family	13	0	3	-5	0.978571428571429	0.968234941564279	NA
pairID292	BocakBarton2014Coleoptera.nwk	GunterLeavengood2013Cleridae.nwk	G	G	GG	35	0.382066439416888	21.746481022667	65	47.3075046900595	13	2014	2013	Coleoptera	superfamily	8	0	4	0	0.742857142857143	0.983411961649673	NA
pairID293	BocakBarton2014Coleoptera.nwk	GunterLevkanicova2014Tenebrionoidea.nwk	G	G	GG	100	0.388942230185546	69.9275699350245	344	147.078210486802	37	2014	2014	Coleoptera	infraorder	10	0	5	-2	0.84	0.985511666920848	NA
pairID294	BocakBarton2014Coleoptera.nwk	GuoLin2022Scarabaeidae.nwk	G	M	GM	54	0.186241038355114	40.9343137254902	67	41.8927201313068	41	2014	2022	Coleoptera	superfamily	17	0	4	-9	0.851851851851852	0.988678090575275	NA
pairID295	BocakBarton2014Coleoptera.nwk	GustafsonProkin2017Gyrinidae.nwk	G	G	GG	15	0.250444698966059	10.2888888888889	14	12.6885775404495	10	2014	2017	Coleoptera	family	9	0	3	-1	1	0.988073394495413	NA
pairID296	BocakBarton2014Coleoptera.nwk	HaddadShin2018Cerambycidae.nwk	G	O	GO	24	0.390640406862586	15.0890151515152	42	24.0416305603426	15	2014	2018	Coleoptera	infraorder	526	0	5	-518	0.666666666666667	0.997530101883297	NA
pairID297	BocakBarton2014Coleoptera.nwk	HawlitschekHendrich2012Hygrobiidae.nwk	G	G	GG	11	0.183403860464617	7.02857142857143	6	5.8309518948453	7	2014	2012	Coleoptera	superfamily	9	0	4	-1	1	0.999072356215213	NA
pairID298	BocakBarton2014Coleoptera.nwk	HayashiKobayashi2024Dryopoidea.nwk	G	O	GO	12	0.41747975061606	6.36428571428571	18	14.5258390463339	8	2014	2024	Coleoptera	superfamily	295	0	4	-287	0.75	0.994766009852217	NA
pairID299	BocakBarton2014Coleoptera.nwk	HayashiSota2014Donaciinae.nwk	G	G	GG	51	0.27775833520366	36.4352660908695	94	38.1051177665153	31	2014	2014	Coleoptera	subfamily	6	0	3	2	1	0.998609179415855	NA
pairID300	BocakBarton2014Coleoptera.nwk	HohnaLower2021Lampyridae.nwk	G	O	GO	19	0.475963083472363	10.176521517698	32	17.9443584449264	9	2014	2021	Coleoptera	family	440	0	3	-432	0.789473684210526	0.995072374499538	NA
pairID301	BocakBarton2014Coleoptera.nwk	HuntBergsten2007Coleoptera.nwk	G	G	GG	1355	0.315661523384846	913.637968881778	7752	2834.91287344073	407	2014	2007	Coleoptera	order	7	0	6	1	0.945387453874539	0.974660633484163	NA
pairID302	BocakBarton2014Coleoptera.nwk	IkedaKagaya2008Silphinae.nwk	G	G	GG	28	0.275292335011384	19.2563523433089	39	17.2336879396141	19	2014	2008	Coleoptera	family	8	0	3	0	0.964285714285714	0.99953596287703	NA
pairID303	BocakBarton2014Coleoptera.nwk	JohnsonMcKenna2018Scolytinae.nwk	G	O	GO	33	0.449250118831496	19.7398268398268	77	46.3465209050259	17	2014	2018	Coleoptera	subfamily	255	0	3	-247	0.515151515151515	0.986866218692731	NA
pairID304	BocakBarton2014Coleoptera.nwk	Kaltenpoth2012Endopterygota.nwk	G	M	GM	22	0.386954984061649	13.7012820512821	39	23.9374184071716	11	2014	2012	Coleoptera	order	21	0	6	-13	0.909090909090909	0.9895865237366	NA
pairID305	BocakBarton2014Coleoptera.nwk	KavanaughMaddison2021Nebriitae.nwk	G	G	GG	23	0.337674303610963	14.0419552669553	32	31.7804971641414	11	2014	2021	Coleoptera	superfamily	12	0	4	-4	1	0.969396939693969	NA
pairID306	BocakBarton2014Coleoptera.nwk	KergoatAlvarez2008Bruchus.nwk	G	C	CG	23	0.185700276591234	16.8787878787879	15	14.9666295470958	10	2014	2008	Coleoptera	infraorder	8	90	5	0	1	0.999072356215213	NA
pairID307	BocakBarton2014Coleoptera.nwk	KergoatDelobel2004Bruchidae.nwk	G	G	GG	31	0.256002015600452	22.9565079365079	46	28.7402157263998	11	2014	2004	Coleoptera	infraorder	7	0	5	1	1	0.999690594059406	NA
pairID308	BocakBarton2014Coleoptera.nwk	KergoatLeRu2015Amblycerini.nwk	G	G	GG	28	0.291616847984818	19.1725974025974	35	29.4448637286709	20	2014	2015	Coleoptera	family	12	0	3	-4	0.857142857142857	0.993084370677732	NA
pairID309	BocakBarton2014Coleoptera.nwk	KergoatSoldati2014Tenebrionidae.nwk	G	G	GG	144	0.296595017721968	109.353301067776	425	170.002941151028	76	2014	2014	Coleoptera	suborder	12	0	5	-4	0.861111111111111	0.969396939693969	NA
pairID310	BocakBarton2014Coleoptera.nwk	KieferBauer2023Bostrichidae.nwk	G	M	GM	8	0.844910693664941	2.05	12	8.60232526704263	4	2014	2023	Coleoptera	family	17	0	3	-9	0.75	0.996299722479186	NA
pairID311	BocakBarton2014Coleoptera.nwk	KimFarrell2015Lucanidae.nwk	G	G	GG	10	0.278889463024939	5.31666666666667	8	9.74679434480896	7	2014	2015	Coleoptera	family	8	0	3	0	0.8	0.987620357634113	NA
pairID312	BocakBarton2014Coleoptera.nwk	KimSong2020Omaliinae.nwk	G	G	GG	10	0.323910139971592	5.5	8	8.06225774829855	8	2014	2020	Coleoptera	family	10	0	3	-2	0.8	0.993237011988933	NA
pairID313	BocakBarton2014Coleoptera.nwk	KirschOkamura2025Chrysomelidae.nwk	G	O	GO	46	0.157003506955171	38.1491258741259	46	37.6696164036747	29	2014	2025	Coleoptera	family	539	0	3	-531	0.826086956521739	0.994459833795014	NA
pairID314	BocakBarton2014Coleoptera.nwk	KobayashiHayashi2021Elmidae.nwk	G	O	GO	28	0.526999935320219	15.5746265172736	76	41.7372735094184	12	2014	2021	Coleoptera	superfamily	589	0	4	-581	0.964285714285714	0.993389700230592	NA
pairID315	BocakBarton2014Coleoptera.nwk	KolschPedersen2008Donaciinae.nwk	G	G	GG	43	0.322968287151468	28.2659950343774	81	57.4456264653803	18	2014	2008	Coleoptera	subfamily	6	0	3	2	1	0.999690594059406	NA
pairID316	BocakBarton2014Coleoptera.nwk	KomarekBeutel2007Anacaenini.nwk	G	P	GP	6	0.308181620264318	2.33333333333333	2	2.82842712474619	5	2014	2007	Coleoptera	family	4	81	3	4	1	0.992931776275353	NA
pairID317	BocakBarton2014Coleoptera.nwk	Kundrata2016Elateriformia.nwk	G	G	GG	126	0.275748014270241	86.9602183050817	310	151.730023396822	63	2014	2016	Coleoptera	infraorder	8	0	5	0	0.841269841269841	0.977609682299546	NA
pairID318	BocakBarton2014Coleoptera.nwk	KundrataBocak2011Elateridae.nwk	G	G	GG	85	0.291859023523793	61.5478163234993	166	127.87102877509	43	2014	2011	Coleoptera	superfamily	8	0	4	0	0.847058823529412	0.995839112343967	NA
pairID319	BocakBarton2014Coleoptera.nwk	KundrataBocakova2013Elateroidea.nwk	G	G	GG	95	0.332480324996134	64.0034404372909	252	112.845026474364	42	2014	2013	Coleoptera	infraorder	8	0	5	0	0.905263157894737	0.996146138430708	NA
pairID320	BocakBarton2014Coleoptera.nwk	KusyHe2021Elateroidea.nwk	G	O	GO	23	0.380793536650206	12.9878968253968	37	21.8403296678416	13	2014	2021	Coleoptera	infraorder	4203	0	5	-4195	0.695652173913043	0.996299722479186	NA
pairID321	BocakBarton2014Coleoptera.nwk	KusyMotyka2019Lycidae.nwk	G	O	GO	18	0.629625125473991	7.71085858585859	44	36.6469644036174	7	2014	2019	Coleoptera	family	4169	0	3	-4161	0.611111111111111	0.998300633400278	NA
pairID322	BocakBarton2014Coleoptera.nwk	LacknerKindler2019Saprininae.nwk	G	G	GG	10	0.521760103640872	4.13571428571429	14	11.3578166916005	6	2014	2019	Coleoptera	subfamily	7	0	3	1	0.7	0.985361390667887	NA
pairID323	BocakBarton2014Coleoptera.nwk	LacknerZhang2023Saprininae.nwk	G	C	CG	9	0.667197239268371	3.1	14	11.3578166916005	5	2014	2023	Coleoptera	family	6	93	3	2	0.888888888888889	0.987016954330228	NA
pairID324	BocakBarton2014Coleoptera.nwk	LanteriDelRio2017Naupactini.nwk	G	P	GP	9	0.576098593102889	3.43333333333333	10	6.78232998312527	6	2014	2017	Coleoptera	tribe	4	100	2	4	0.666666666666667	0.995685670261941	NA
pairID325	BocakBarton2014Coleoptera.nwk	LeeLee2020Cerambycinae.nwk	G	G	GG	14	0.784930430163679	4.16237373737374	38	19.1833260932509	5	2014	2020	Coleoptera	subfamily	10	0	3	-2	0.571428571428571	0.987469437652812	NA
pairID326	BocakBarton2014Coleoptera.nwk	LeeLee2020Nitidulidae.nwk	G	G	GG	12	0.22764217003484	7.25	6	6.557438524302	10	2014	2020	Coleoptera	family	9	0	3	-1	0.666666666666667	0.992474274305022	NA
pairID327	BocakBarton2014Coleoptera.nwk	LetschBalke2020Cryptorhynchinae.nwk	G	G	GG	46	0.464795741011682	26.7364146344022	137	78.1216999303011	22	2014	2020	Coleoptera	superfamily	12	0	4	-4	0.652173913043478	0.966208133971292	NA
pairID329	BocakBarton2014Coleoptera.nwk	LiEngel2023Curculionidae.nwk	G	O	GO	28	0.494153743661353	15.2089743589744	67	41.5812457725836	16	2014	2023	Coleoptera	superfamily	525	0	4	-517	0.357142857142857	0.992017193736567	NA
pairID330	BocakBarton2014Coleoptera.nwk	LiMoritz2024Tenebrionidae.nwk	G	O	GO	31	0.616939239841653	14.1222901281725	97	67.6756972627545	13	2014	2024	Coleoptera	superfamily	560	0	4	-552	0.290322580645161	0.971583220568336	NA
pairID332	BocakBarton2014Coleoptera.nwk	LiuYang2023Cucujoidea.nwk	G	M	GM	13	0.31439681096777	7.97023809523809	13	13.8202749610853	5	2014	2023	Coleoptera	superfamily	17	0	4	-9	0.692307692307692	0.997068353649128	NA
pairID333	BocakBarton2014Coleoptera.nwk	LordHartley2010Latridiidae.nwk	G	G	GG	22	0.180284211911549	16.243137254902	18	12.9228479833201	16	2014	2010	Coleoptera	infraorder	11	0	5	-3	0.954545454545455	0.99953596287703	NA
pairID334	BocakBarton2014Coleoptera.nwk	Maddison2012Bembidiini.nwk	G	G	GG	38	0.248858344860886	28.408489549666	57	75.7363849150459	24	2014	2012	Coleoptera	subfamily	11	0	3	-3	0.947368421052632	0.96968787515006	NA
pairID335	BocakBarton2014Coleoptera.nwk	MaddisonKanda2019Trechitae.nwk	G	G	GG	32	0.510261122232554	17.2965572610096	96	72.691127381545	10	2014	2019	Coleoptera	subfamily	11	0	3	-3	0.71875	0.974954737477369	NA
pairID336	BocakBarton2014Coleoptera.nwk	MagroLecompte2010Coccinellidae.nwk	G	G	GG	38	0.399335573352123	23.4746965452848	76	70.1854685814664	18	2014	2010	Coleoptera	family	10	0	3	-2	0.815789473684211	0.995992601726264	NA
pairID337	BocakBarton2014Coleoptera.nwk	MahlerovaJakubec2025Silphini.nwk	G	G	GG	19	0.218091618636303	13.4571428571429	21	12.1655250605964	12	2014	2025	Coleoptera	family	9	0	3	-1	1	0.996453353893601	NA
pairID338	BocakBarton2014Coleoptera.nwk	MartinBranham2017Lampyridae.nwk	G	C	CG	41	0.321205273597941	27.2571155452734	77	85.1586754241751	21	2014	2017	Coleoptera	superfamily	7	410	4	1	1	0.995532275458327	NA
pairID339	BocakBarton2014Coleoptera.nwk	MartinStangerHall2019Lampyridae.nwk	G	O	GO	20	0.440511156050099	11.4836219336219	32	17.832554500127	11	2014	2019	Coleoptera	superfamily	440	0	4	-432	0.85	0.994919168591224	NA
pairID340	BocakBarton2014Coleoptera.nwk	MarvaldiSequeira2002Curculionoidea.nwk	G	C	CG	86	0.536704329061537	45.0354583092721	364	226.715680975093	30	2014	2002	Coleoptera	superfamily	5	115	4	3	0.848837209302326	0.996146138430708	NA
pairID341	BocakBarton2014Coleoptera.nwk	McElrathRobertson2015Cucujidae.nwk	G	G	GG	10	0.282894694520301	5.38333333333333	7	9.21954445729289	5	2014	2015	Coleoptera	superfamily	11	0	4	-3	0.6	0.993848046754845	NA
pairID342	BocakBarton2014Coleoptera.nwk	McKennaSequeira2009Curculionoidea.nwk	G	G	GG	77	0.547420722720102	37.160701990039	306	121.103261723209	32	2014	2009	Coleoptera	superfamily	10	0	4	-2	0.298701298701299	0.98371137159385	NA
pairID344	BocakBarton2014Coleoptera.nwk	MckennaWild2015Coleoptera.nwk	G	G	GG	140	0.334022755919577	93.6008333585475	425	420.312978624263	52	2014	2015	Coleoptera	order	12	0	6	-4	0.2	0.951833848873177	NA
pairID345	BocakBarton2014Coleoptera.nwk	MichatAlarie2013Coptotominae.nwk	G	P	GP	10	0.451783492633736	4.41666666666667	12	9.53939201416946	5	2014	2013	Coleoptera	superfamily	4	125	4	4	0.8	0.997684113015285	NA
pairID346	BocakBarton2014Coleoptera.nwk	MichatAlarie2017Dytiscidae.nwk	G	P	GP	59	0.416760337840542	35.6201016534492	189	111.633328356723	21	2014	2017	Coleoptera	superfamily	4	304	4	4	0.88135593220339	0.991864927091328	NA
pairID347	BocakBarton2014Coleoptera.nwk	MillerAlarie2005Dytiscidae.nwk	G	B	NA	10	0.496309915806088	4.3	11	9.05538513813742	5	2014	2005	Coleoptera	subfamily	5	0	3	3	1	0.999845273092991	NA
pairID348	BocakBarton2014Coleoptera.nwk	MillerBergsten2009Hydaticini.nwk	G	C	CG	47	0.338475226885708	31.3259770750195	89	100.851375796268	27	2014	2009	Coleoptera	subfamily	8	36	3	0	1	0.999845273092991	NA
pairID349	BocakBarton2014Coleoptera.nwk	MillerBergsten2012Gyrinidae.nwk	G	C	CG	13	0.232040524944139	8.5	9	7.21110255092798	9	2014	2012	Coleoptera	family	9	42	3	-1	1	0.992017193736567	NA
pairID350	BocakBarton2014Coleoptera.nwk	MonaghanInward2007Scarabaeinae.nwk	G	G	GG	153	0.296395020780829	114.686814845037	434	230.421353177174	88	2014	2007	Coleoptera	family	7	0	3	1	0.973856209150327	0.994459833795014	NA
pairID351	BocakBarton2014Coleoptera.nwk	MontreuilViljanen2014Epilissini.nwk	G	G	GG	19	0.385804534127321	10.4988095238095	29	16.4620776331543	13	2014	2014	Coleoptera	tribe	8	0	2	0	1	0.997068353649128	NA
pairID352	BocakBarton2014Coleoptera.nwk	MotykaKusy2021Lycidae.nwk	G	G	GG	26	0.556303579577314	13.5197883343007	78	53.8237865631916	9	2014	2021	Coleoptera	family	9	0	3	-1	0.615384615384615	0.993695217591881	NA
pairID353	BocakBarton2014Coleoptera.nwk	MotykaKusy2022Dermestidae.nwk	G	M	GM	10	0.574646070313248	4.42857142857143	13	15.0665191733194	6	2014	2022	Coleoptera	superfamily	19	0	4	-11	0.8	0.997992277992278	NA
pairID354	BocakBarton2014Coleoptera.nwk	MotykaKusy2023Cantharidae.nwk	G	G	GG	22	0.474015946818347	11.8183218742042	48	26.2488094968134	13	2014	2023	Coleoptera	superfamily	7	0	4	1	0.590909090909091	0.993542435424354	NA
pairID355	BocakBarton2014Coleoptera.nwk	NedoluzhkoSharko2016Staphylinoidea.nwk	G	M	GM	15	0.282420414937218	9.32142857142857	15	19.313207915828	7	2014	2016	Coleoptera	infraorder	22	0	5	-14	0.866666666666667	0.998609179415855	NA
pairID356	BocakBarton2014Coleoptera.nwk	NieBreeschoten2018Galerucinae.nwk	G	M	GM	56	0.449553675605313	32.5134165195543	167	71.6589143093865	27	2014	2018	Coleoptera	family	19	0	3	-11	0.660714285714286	0.990041366630918	NA
pairID357	BocakBarton2014Coleoptera.nwk	OrlovLeschen2021Aleocharinae.nwk	G	C	CG	20	0.501365267136881	10.7928571428571	40	24.2487113059643	9	2014	2021	Coleoptera	family	13	202	3	-5	0.75	0.996760758907913	NA
pairID358	BocakBarton2014Coleoptera.nwk	OsswaldBachmann2013Oxypodini.nwk	G	G	GG	32	0.474322744152478	18.7233699804032	80	44.3508737230734	15	2014	2013	Coleoptera	subfamily	11	0	3	-3	0.90625	0.992169507139567	NA
pairID359	BocakBarton2014Coleoptera.nwk	PietrykowskaTudruj2012Staphylinini.nwk	G	P	GP	11	0.431982627635423	5.25	14	9.89949493661167	7	2014	2012	Coleoptera	family	4	77	3	4	0.636363636363636	0.998454882571075	NA
pairID360	BocakBarton2014Coleoptera.nwk	PistoneGohli2018Scolytinae.nwk	G	G	GG	54	0.495248731611869	31.0304306579154	201	86.3944442658207	23	2014	2018	Coleoptera	subfamily	22	0	3	-14	0.592592592592593	0.978794304756134	NA
pairID361	BocakBarton2014Coleoptera.nwk	PolilovRibera2019Ptiliidae.nwk	G	G	GG	10	0.335995912460858	5	7	6.92820323027551	4	2014	2019	Coleoptera	superfamily	11	0	4	-3	0.7	0.996760758907913	NA
pairID362	BocakBarton2014Coleoptera.nwk	PradoMckenna2012Chrysomeloidea.nwk	G	G	GG	8	0.169829003194892	4.33333333333333	2	1.4142135623731	7	2014	2012	Coleoptera	infraorder	7	0	5	1	0.75	0.998300633400278	NA
pairID363	BocakBarton2014Coleoptera.nwk	Ragionieri2023Tenebrionidae.nwk	G	O	GO	22	0.601008543006415	10.6051282051282	56	34.8855270850248	11	2014	2023	Coleoptera	superfamily	1746	0	4	-1738	0.363636363636364	0.988526847177604	NA
pairID364	BocakBarton2014Coleoptera.nwk	RamirezSalamanca2023Philonthina.nwk	G	G	GG	32	0.495220507293095	16.5934422302843	82	66.9402718847182	14	2014	2023	Coleoptera	subfamily	10	0	3	-2	0.75	0.985361390667887	NA
pairID365	BocakBarton2014Coleoptera.nwk	ReisKirsch2020Donaciinae.nwk	G	M	GM	26	0.15639638491239	19.4944444444444	19	17.9443584449264	14	2014	2020	Coleoptera	subfamily	17	0	3	-9	1	1	NA
pairID366	BocakBarton2014Coleoptera.nwk	RiberaBilton2003Dytiscidae.nwk	G	G	GG	29	0.323011972961088	18.6325988825989	42	25.0599281722833	18	2014	2003	Coleoptera	tribe	6	0	2	2	1	1	NA
pairID367	BocakBarton2014Coleoptera.nwk	RiccieriMancini2022Meloidae.nwk	G	G	GG	15	0.396732228483092	8.11904761904762	18	14.3527000944073	8	2014	2022	Coleoptera	superfamily	8	0	4	0	0.6	0.977905569007264	NA
pairID368	BocakBarton2014Coleoptera.nwk	RiedelTanzler2016Cryptorhynchinae.nwk	G	G	GG	13	1	0.333333333333333	2	1.4142135623731	3	2014	2016	Coleoptera	superfamily	13	0	4	-5	0.461538461538462	0.975690774573456	NA
pairID369	BocakBarton2014Coleoptera.nwk	RobertsonMcHugh2004Erotylidae.nwk	G	G	GG	31	0.326027776722831	20.1008741258741	51	42.0832508250016	18	2014	2004	Coleoptera	superfamily	6	0	4	2	0.967741935483871	0.99953596287703	NA
pairID370	BocakBarton2014Coleoptera.nwk	RobertsonSlipinski2015Cucujoidea.nwk	G	G	GG	150	0.343713979778422	100.64074393726	570	222.818311635287	75	2014	2015	Coleoptera	suborder	12	0	5	-4	0.72	0.973192771084337	NA
pairID371	BocakBarton2014Coleoptera.nwk	RobertsonWhiting2008Cucujoidea.nwk	G	G	GG	45	0.325601240218576	31.2397470328529	91	57.3498038357587	22	2014	2008	Coleoptera	infraorder	6	0	5	2	0.822222222222222	0.996760758907913	NA
pairID372	BocakBarton2014Coleoptera.nwk	Rossini2022Epactoidini4.nwk	G	C	CG	45	0.187708838000236	35.9032967032967	53	32.2335229225724	33	2014	2022	Coleoptera	superfamily	11	103	4	-3	0.977777777777778	0.997992277992278	NA
pairID373	BocakBarton2014Coleoptera.nwk	ShinClarke2018Curculionidae.nwk	G	O	GO	28	0.455943318090913	16.328021978022	51	42.8252262107277	16	2014	2018	Coleoptera	superfamily	526	0	4	-518	0.357142857142857	0.99171270718232	NA
pairID374	BocakBarton2014Coleoptera.nwk	ShinShin2021Cerambycidae.nwk	G	O	GO	15	0.196250687336386	9.95384615384615	10	5.65685424949238	13	2014	2021	Coleoptera	infraorder	128	0	5	-120	0.4	0.996760758907913	NA
pairID375	BocakBarton2014Coleoptera.nwk	ShortFikacek2013Hydrophilidae.nwk	G	G	GG	18	0.303209151103891	11.0972222222222	21	13.3041346956501	11	2014	2013	Coleoptera	superfamily	10	0	4	-2	0.833333333333333	0.984460694698355	NA
pairID377	BocakBarton2014Coleoptera.nwk	SikesVenables2013Nicrophorinae.nwk	G	G	GG	52	0.336541933268355	37.8083275874452	121	112.729765368336	29	2014	2013	Coleoptera	genus	8	0	1	0	0.980769230769231	0.999690594059406	NA
pairID378	BocakBarton2014Coleoptera.nwk	SipekFabrizi2016Cetoniinae.nwk	G	G	GG	105	0.241383322911389	79.4531164926956	207	175.889169649527	52	2014	2016	Coleoptera	family	7	0	3	1	0.876190476190476	0.981619322497342	NA
pairID379	BocakBarton2014Coleoptera.nwk	SongLi2020Coccinellidae.nwk	G	M	GM	16	0.344722357561983	9.56666666666667	21	16.2172747402269	8	2014	2020	Coleoptera	family	41	0	3	-33	0.75	0.997376138292946	NA
pairID380	BocakBarton2014Coleoptera.nwk	SongLi2020Curculionoidea.nwk	G	M	GM	46	0.301405524179919	31.1426290528693	81	43.139309220246	31	2014	2020	Coleoptera	infraorder	17	0	5	-9	0.717391304347826	0.990648474628239	NA
pairID381	BocakBarton2014Coleoptera.nwk	SongYin2018Chrysomelidae.nwk	G	M	GM	20	0.266099613685871	13.4333333333333	26	13.6381816969859	13	2014	2018	Coleoptera	superfamily	17	0	4	-9	0.7	0.997376138292946	NA
pairID382	BocakBarton2014Coleoptera.nwk	StangerHallLloyd2007Lampyridae.nwk	G	G	GG	35	0.215820772453231	26.277380952381	37	27.5136329843952	27	2014	2007	Coleoptera	superfamily	7	0	4	1	1	0.997376138292946	NA
pairID384	BocakBarton2014Coleoptera.nwk	SutherlandSchnepp2021Cerambycinae.nwk	G	G	GG	15	0.783126133587733	4.94444444444444	40	24.6373699895098	7	2014	2021	Coleoptera	subfamily	9	0	3	-1	0.6	0.986263736263736	NA
pairID385	BocakBarton2014Coleoptera.nwk	TarasovDimitrov2016Scarabaeinae.nwk	G	G	GG	206	0.399068255132937	140.369328563599	1083	706.443911432465	63	2014	2016	Coleoptera	family	12	0	3	-4	0.961165048543689	0.987469437652812	NA
pairID386	BocakBarton2014Coleoptera.nwk	TarasovSolodovnikov2011Onthophagini.nwk	G	P	GP	42	0.250445005617799	29.3377798294182	63	28.1602556806574	20	2014	2011	Coleoptera	subfamily	4	91	3	4	1	0.997992277992278	NA
pairID387	BocakBarton2014Coleoptera.nwk	TomaszewskaEscalona2021Coccinellini.nwk	G	G	GG	44	0.507558617904629	21.8849458512502	133	55.7763390695374	14	2014	2021	Coleoptera	family	10	0	3	-2	0.659090909090909	0.982216142270862	NA
pairID388	BocakBarton2014Coleoptera.nwk	TomaszewskaSzawaryn2023Coccinelloidea.nwk	G	G	GG	91	0.376924235021532	60.9345665113781	296	203.676213633306	34	2014	2023	Coleoptera	superfamily	12	0	4	-4	0.802197802197802	0.987620357634113	NA
pairID389	BocakBarton2014Coleoptera.nwk	ToussaintHendrich2016Dytiscidae.nwk	G	G	GG	34	0.304865070287389	23.7912698412698	56	27.5680975041804	22	2014	2016	Coleoptera	genus	8	0	1	0	1	0.999226843977115	NA
pairID391	BocakBarton2014Coleoptera.nwk	Uribe2016Elateroidea.nwk	G	M	GM	10	0.36129999597554	5.38571428571429	10	8	8	2014	2016	Coleoptera	infraorder	17	0	5	-9	0.8	0.999072356215213	NA
pairID393	BocakBarton2014Coleoptera.nwk	VerduGalante2004Geotrupidae.nwk	G	P	GP	13	0.616695550745515	4.19047619047619	16	17.6918060129541	5	2014	2004	Coleoptera	superfamily	4	38	4	4	0.615384615384615	0.998763523956723	NA
pairID395	BocakBarton2014Coleoptera.nwk	VictorZuniga2016Dendroctonus.nwk	G	C	CG	18	0.236334357539559	12.2888888888889	14	15.2970585407784	13	2014	2016	Coleoptera	subfamily	5	36	3	3	1	0.99953596287703	NA
pairID396	BocakBarton2014Coleoptera.nwk	VillastrigoJach2019Ochthebiini.nwk	G	G	GG	19	0.268855765634344	12.0176470588235	21	21.6794833886788	9	2014	2019	Coleoptera	family	10	0	3	-2	0.947368421052632	0.977461806080774	NA
pairID397	BocakBarton2014Coleoptera.nwk	WangDai2019Cerambycidae.nwk	G	M	GM	18	0.177013137879605	12.5595238095238	12	14.3178210632764	14	2014	2019	Coleoptera	superfamily	17	0	4	-9	0.888888888888889	0.997530101883297	NA
pairID398	BocakBarton2014Coleoptera.nwk	WuQian2020Chrysomelidae.nwk	G	M	GM	18	0.185786539253684	13.2179487179487	15	12	12	2014	2020	Coleoptera	superfamily	17	0	4	-9	0.777777777777778	0.997684113015285	NA
pairID399	BocakBarton2014Coleoptera.nwk	Yamamoto2021Tachyporinae.nwk	G	P	GP	13	0.777191883434169	2.16666666666667	10	8.83176086632785	4	2014	2021	Coleoptera	superfamily	4	156	4	4	0.692307692307692	0.993084370677732	NA
pairID400	BocakBarton2014Coleoptera.nwk	YamamotoMaruyama2018Gymnusini.nwk	G	P	GP	13	0.572751004432801	5.57777777777778	27	21.7715410570772	6	2014	2018	Coleoptera	family	4	160	3	4	0.846153846153846	0.997068353649128	NA
pairID402	BocakBarton2014Coleoptera.nwk	YangWang2017Curculionidae.nwk	G	M	GM	6	0.343074842208707	2.25	3	2	5	2014	2017	Coleoptera	suborder	17	0	5	-9	1	0.999381379523662	NA
pairID403	BocakBarton2014Coleoptera.nwk	ZhangChe2018Coleoptera.nwk	G	O	GO	99	0.277194499852307	71.2987199559517	236	176.663521984591	41	2014	2018	Coleoptera	suborder	99	0	5	-91	0.343434343434343	0.958753709198813	NA
pairID404	BocakBarton2014Coleoptera.nwk	ZhangLi2022Curculionidae.nwk	G	M	GM	21	0.303887971460557	13.2777777777778	22	13.6381816969859	12	2014	2022	Coleoptera	superfamily	17	0	4	-9	0.476190476190476	0.992169507139567	NA
pairID405	BocakBarton2014Coleoptera.nwk	ZhangShu2019Curculionidae.nwk	G	M	GM	18	0	15	0	0	18	2014	2019	Coleoptera	family	17	0	3	-9	0.722222222222222	0.996760758907913	NA
pairID406	BocakBarton2014Coleoptera.nwk	ZhangSong2022Chrysomelidae.nwk	G	M	GM	94	0.390700220702678	61.7398161398173	317	267.632210318564	29	2014	2022	Coleoptera	family	17	0	3	-9	0.691489361702128	0.982216142270862	NA
pairID407	BocakBarton2014Coleoptera.nwk	ZhangWu2020Chrysomelidae.nwk	G	M	GM	14	0.269432021246394	8.66666666666667	14	7.54983443527075	9	2014	2020	Coleoptera	superfamily	17	0	4	-9	0.928571428571429	0.998917916215798	NA
pairID408	BocakBarton2014Coleoptera.nwk	Zhou2022Dermestidae.nwk	G	M	GM	10	0.455407536787843	4.95	10	13.228756555323	7	2014	2022	Coleoptera	family	17	0	3	-9	0.6	0.983112733911456	NA
pairID409	BocakBarton2014Coleoptera.nwk	ZhouCaterino2020Histeridae.nwk	G	C	CG	21	0.371037985017079	12.5052631578947	30	21.3307290077015	12	2014	2020	Coleoptera	superfamily	8	69	4	0	0.571428571428571	0.993848046754845	NA
pairID410	BocakBarton2014Coleoptera.nwk	ZylaSolodovnikov2020Staphylininae.nwk	G	G	GG	27	0.635125431218827	12.0778513153513	76	38.0394532032205	8	2014	2020	Coleoptera	family	10	0	3	-2	0.740740740740741	0.994306816433297	NA
pairID411	BocakBocakova2008Lycidae.nwk	HuntBergsten2007Coleoptera.nwk	G	G	GG	29	0.496285944394041	15.9521560139207	66	34.0734500748016	16	2008	2007	Coleoptera	family	9	0	3	3	0.689655172413793	0.0305242203052422	NA
pairID412	BocakBocakova2008Lycidae.nwk	Kundrata2016Elateriformia.nwk	G	G	GG	24	0.416455060329711	13.5515873015873	43	26.7020598456374	9	2008	2016	Coleoptera	family	10	0	3	2	0.875	0.165467625899281	NA
pairID413	BocakBocakova2008Lycidae.nwk	KundrataBocak2011Elateridae.nwk	G	G	GG	22	0.444799377008943	12.5120614035088	41	22.9346898823594	10	2008	2011	Coleoptera	family	10	0	3	2	0.909090909090909	0.370967741935484	NA
pairID414	BocakBocakova2008Lycidae.nwk	KundrataBocakova2013Elateroidea.nwk	G	G	GG	25	0.47652204880775	13.3637529137529	56	27	12	2008	2013	Coleoptera	superfamily	10	0	4	2	0.96	0.348484848484849	NA
pairID415	BocakBocakova2008Lycidae.nwk	KusyMotyka2019Lycidae.nwk	G	O	GO	17	0.6626756595159	6.67991452991453	42	26.8886593194975	6	2008	2019	Coleoptera	family	4171	0	3	-4159	0.705882352941177	0.821428571428571	NA
pairID417	BocakBocakova2008Lycidae.nwk	LinardVogler2018.nwk	G	M	GM	32	0.416003752681783	20.5206280788177	63	29.8328677803526	19	2008	2018	Coleoptera	superfamily	22	0	4	-10	0.65625	0.00438220443936363	NA
pairID418	BocakBocakova2008Lycidae.nwk	MotykaKusy2021Lycidae.nwk	G	G	GG	28	0.522256272766612	15.0480541680542	81	46.0108682813094	11	2008	2021	Coleoptera	family	11	0	3	1	0.642857142857143	0.547619047619048	NA
pairID419	BocakovaConstantin2012Cleroidea.nwk	GimmelBocakova2019Cleroidea.nwk	G	G	GG	63	0.13523320562853	53.5030844155844	68	99.9249718538864	45	2012	2019	Coleoptera	superfamily	8	0	4	0	0.952380952380952	0.253731343283582	NA
pairID420	BocakovaConstantin2012Cleroidea.nwk	GunterLeavengood2013Cleridae.nwk	G	G	GG	19	0.112379619887111	14.375	8	13.9642400437689	17	2012	2013	Coleoptera	superfamily	8	0	4	0	0.842105263157895	0.363636363636364	NA
pairID421	BocakovaConstantin2012Cleroidea.nwk	HuntBergsten2007Coleoptera.nwk	G	G	GG	41	0.228329886399462	29.9182748991279	59	43.5201102939779	28	2012	2007	Coleoptera	superfamily	7	0	4	1	0.926829268292683	0.0450033090668431	NA
pairID422	BocakovaConstantin2012Cleroidea.nwk	LinardVogler2018.nwk	G	M	GM	66	0.210709509920875	51.8418747214574	116	54.6260011349907	39	2012	2018	Coleoptera	superfamily	20	0	4	-12	0.96969696969697	0.00649040755941586	NA
pairID423	BocekFancello2018Omalisidae.nwk	Kundrata2016Elateriformia.nwk	G	G	GG	9	0	6	0	0	9	2018	2016	Coleoptera	superfamily	7	0	4	-1	1	0.0503875968992248	NA
pairID424	BocekFancello2018Omalisidae.nwk	KundrataBocak2011Elateridae.nwk	G	G	GG	7	0.25255408270619	3.25	3	2.64575131106459	6	2018	2011	Coleoptera	superfamily	7	0	4	-1	0.857142857142857	0.122641509433962	NA
pairID425	BocekFancello2018Omalisidae.nwk	KundrataBocakova2013Elateroidea.nwk	G	G	GG	9	0.253007330211215	4.68571428571429	6	3	7	2018	2013	Coleoptera	superfamily	7	0	4	-1	0.777777777777778	0.111111111111111	NA
pairID426	BolognaOliverio2008Meloidae.nwk	LinardVogler2018.nwk	G	M	GM	31	0.443639522856311	18.8147052847203	87	60.9015599143405	14	2008	2018	Coleoptera	superfamily	18	0	4	-14	0.935483870967742	0.00295942720763723	NA
pairID427	BolognaOliverio2008Meloidae.nwk	RiccieriMancini2022Meloidae.nwk	G	G	GG	21	0.417131792955057	13.0785714285714	43	28.7228132326901	11	2008	2022	Coleoptera	family	6	0	3	-2	0.80952380952381	0.183431952662722	NA
pairID428	BorkentWheeler2013Sciophilini.nwk	Kasprak2019Mycetophilidae.nwk	P	G	GP	15	0.741416533250453	4.43293650793651	32	28.2311884269862	6	2013	2019	Diptera	family	9	96	3	-9	0.466666666666667	0.613793103448276	NA
pairID429	BorkentWheeler2013Sciophilini.nwk	LimBang2024Sciaroidea.nwk	P	G	GP	23	0.527281181884192	10.3881313131313	38	44.3734154646676	6	2013	2024	Diptera	family	6	96	3	-6	0.652173913043478	0.219753086419753	NA
pairID431	BorowiecRabeling2019Formicidae.nwk	BoudinotBorowiec2022Lasiini.nwk	G	C	CG	14	0.0784478789363952	10.25	3	2	13	2019	2022	Hymenoptera	family	22	110	3	0	0.857142857142857	0.44390243902439	NA
pairID432	BorowiecRabeling2019Formicidae.nwk	BradyFisher2014Formicidae.nwk	G	G	GG	13	0.160845123622781	7.66666666666667	4	2	10	2019	2014	Hymenoptera	family	22	0	3	0	0.846153846153846	0.684210526315789	NA
pairID434	BorowiecRabeling2019Formicidae.nwk	DebevecCardinal2012Aculeata.nwk	G	G	GG	14	0.258239567542717	7.86666666666667	10	4.35889894354067	10	2019	2012	Hymenoptera	infraorder	15	0	5	7	0.5	0.306397306397306	NA
pairID436	BorowiecRabeling2019Formicidae.nwk	MoreauBell2006Formicidae.nwk	G	G	GG	38	0.239411619880489	22.3914862914863	40	15.7797338380595	22	2019	2006	Hymenoptera	family	17	0	3	5	0.263157894736842	0.41743119266055	NA
pairID437	BorowiecRabeling2019Formicidae.nwk	RomiguierBorowiec2022Formicidae.nwk	G	O	GO	28	0.146904867802372	17.8766233766234	16	7.54983443527075	20	2019	2022	Hymenoptera	infraorder	4426	0	5	-4404	0.321428571428571	0.583333333333333	NA
pairID438	BorowiecRabeling2019Formicidae.nwk	Schmidt2013Ponerinae.nwk	G	G	GG	54	0.134653997732824	35.4155592469546	36	19.8746069143518	35	2019	2013	Hymenoptera	infraorder	15	0	5	7	0.666666666666667	0.52	NA
pairID439	BorowiecRabeling2019Formicidae.nwk	Ward2015Myrmicinae.nwk	G	G	GG	23	0.0659541343523306	17.5833333333333	5	2.44948974278318	20	2019	2015	Hymenoptera	family	22	0	3	0	0.956521739130435	0.307432432432432	NA
pairID440	BorowiecRabeling2019Formicidae.nwk	WardDownie2005Pseudomyrmecinae.nwk	G	G	GG	11	0.161898555534915	5.25	3	4.69041575982343	8	2019	2005	Hymenoptera	infraorder	16	0	5	6	0.818181818181818	0.610738255033557	NA
pairID442	Bossert2022Andrenidae.nwk	Cardinal2018Anthophila.nwk	O	G	GO	21	0.216920272643795	14.6642857142857	20	11.5325625946708	16	2022	2018	Hymenoptera	family	1898	0	3	1884	0.857142857142857	0.389583333333333	NA
pairID443	Bossert2022Andrenidae.nwk	DebevecCardinal2012Aculeata.nwk	O	G	GO	8	0.17903380457159	4.6	2	3.46410161513775	7	2022	2012	Hymenoptera	family	1895	0	3	1887	0.75	0.472222222222222	NA
pairID444	Bossert2022Andrenidae.nwk	Hedtke2013Anthophila.nwk	O	G	GO	9	0.299429946358791	4.15	4	6.557438524302	4	2022	2013	Hymenoptera	family	1911	0	3	1871	0.666666666666667	0.343119266055046	NA
pairID446	Bossert2022Andrenidae.nwk	Ramos2022Andreninae.nwk	O	G	GO	54	0.205393520668289	42.6514097744361	74	30.8058436014987	39	2022	2022	Hymenoptera	family	1900	0	3	1882	0.888888888888889	0.799145299145299	NA
pairID447	BoudinotBorowiec2022Lasiini.nwk	BradyFisher2014Formicidae.nwk	C	G	CG	9	0.133276304198401	5.33333333333333	2	1.4142135623731	8	2022	2014	Hymenoptera	family	22	110	3	0	1	0.748571428571429	NA
pairID448	BoudinotBorowiec2022Lasiini.nwk	Branstetter2017Formicidae.nwk	C	O	NA	81	0.0856250025544741	73.3901123031558	64	32.7108544675922	67	2022	2017	Hymenoptera	family	1867	110	3	-1845	0.987654320987654	0.160539215686275	NA
pairID449	BoudinotBorowiec2022Lasiini.nwk	ChenZhou2013Formicinae.nwk	C	G	CG	12	0.212657029631159	7.4	8	10.3440804327886	7	2022	2013	Hymenoptera	subfamily	14	110	3	8	0.5	0.775147928994083	NA
pairID450	BoudinotBorowiec2022Lasiini.nwk	DebevecCardinal2012Aculeata.nwk	C	G	CG	8	0.438143704048393	3.58333333333333	7	4.58257569495584	6	2022	2012	Hymenoptera	family	15	110	3	7	0.75	0.385294117647059	NA
pairID451	BoudinotBorowiec2022Lasiini.nwk	JandaFolkova2004Lasius.nwk	C	C	NA	15	0.402204403953965	8.06428571428571	20	9	9	2022	2004	Hymenoptera	tribe	14	191	2	8	0.933333333333333	0.834394904458599	NA
pairID452	BoudinotBorowiec2022Lasiini.nwk	KlimesDrescher2022Camponotini.nwk	C	G	CG	16	0.135999652997943	11.9333333333333	6	9.05538513813742	13	2022	2022	Hymenoptera	subfamily	16	110	3	6	1	0.71978021978022	NA
pairID453	BoudinotBorowiec2022Lasiini.nwk	LaPolla2010Prenolepis.nwk	C	G	CG	18	0.0969194805478227	13.7333333333333	5	10.5356537528527	15	2022	2010	Hymenoptera	tribe	16	110	2	6	1	0.935714285714286	NA
pairID454	BoudinotBorowiec2022Lasiini.nwk	LapollaKallal2012Prenolepis.nwk	C	G	CG	20	0.105185630002761	15.9166666666667	8	7.68114574786861	18	2022	2012	Hymenoptera	tribe	17	110	2	5	1	0.984962406015038	NA
pairID455	BoudinotBorowiec2022Lasiini.nwk	MoreauBell2006Formicidae.nwk	C	G	CG	28	0.348491793437276	16.9012820512821	43	31.984371183439	17	2022	2006	Hymenoptera	family	17	110	3	5	0.214285714285714	0.498098859315589	NA
pairID456	BoudinotBorowiec2022Lasiini.nwk	Schmidt2013Ponerinae.nwk	C	G	CG	11	0.15237460344861	7.28571428571429	5	4.35889894354067	9	2022	2013	Hymenoptera	family	15	110	3	7	0.727272727272727	0.539094650205761	NA
pairID457	BoudinotBorowiec2022Lasiini.nwk	Ward2015Myrmicinae.nwk	C	G	CG	15	0.118554369286978	10.5538461538462	7	3.60555127546399	13	2022	2015	Hymenoptera	family	22	110	3	0	1	0.381924198250729	NA
pairID458	BoudinotBorowiec2022Lasiini.nwk	WardFisher2025Camponotini.nwk	C	O	NA	13	0.0762661305482719	9.5	2	6.92820323027551	12	2022	2025	Hymenoptera	subfamily	1451	110	3	-1429	1	0.406832298136646	NA
pairID461	Boyle2015Aphnaeinae.nwk	Kaliszewska2015Miletinae.nwk	G	G	GG	11	0.135971669806016	7.25	5	4.69041575982343	10	2015	2015	Lepidoptera	family	13	0	3	-1	1	0.526666666666667	NA
pairID462	Boyle2015Aphnaeinae.nwk	KawaharaStorer2023Papilionoidea.nwk	G	O	GO	17	0.184114136883933	12.125	14	13.1909059582729	12	2015	2023	Lepidoptera	family	325	0	3	-313	0.823529411764706	0.0349557522123894	NA
pairID463	Braby2006Pieridae.nwk	Earl2021Papilionoidea.nwk	G	G	GG	32	0.167290465239991	24.4844006568145	26	9.9498743710662	26	2006	2021	Lepidoptera	superfamily	17	0	4	-9	0.9375	0.061042524005487	NA
pairID464	Braby2006Pieridae.nwk	KawaharaStorer2023Papilionoidea.nwk	G	O	GO	70	0.223706162207385	52.858402786252	126	73.109506905737	45	2006	2023	Lepidoptera	family	323	0	3	-315	0.728571428571429	0.0398745519713262	NA
pairID465	Braby2006Pieridae.nwk	Wiemers2020Papilionoidea.nwk	G	G	GG	13	0.116043026133042	9.375	5	4.58257569495584	12	2006	2020	Lepidoptera	superfamily	16	0	4	-8	0.615384615384615	0.156140350877193	NA
pairID466	BradfordRuta2022Scirtinae.nwk	LinardVogler2018.nwk	O	M	MO	23	0.59838066096593	11.1378427128427	62	38.8587184554509	9	2022	2018	Coleoptera	family	521	0	3	489	0.91304347826087	0.00712453690510117	NA
pairID467	BradlerCliquennois2015Phasmatodea.nwk	BradlerRobertson2014Phasmatodea.nwk	G	G	GG	26	0.369301592443487	16.4506493506493	58	51.526692111953	9	2015	2014	Polyneoptera	order	10	0	6	-2	0.5	0.772413793103448	NA
pairID468	BradlerCliquennois2015Phasmatodea.nwk	BuckleyAttanayake2010Phasmatodea.nwk	G	G	GG	30	0.366009789240954	20.3651212676213	51	30.7571129984594	18	2015	2010	Polyneoptera	infraorder	8	0	5	0	0.966666666666667	0.910569105691057	NA
pairID469	BradlerCliquennois2015Phasmatodea.nwk	YuanZhang2023Phasmatodea.nwk	G	M	GM	18	0.368722067774374	10.7146825396825	25	15.2970585407784	12	2015	2023	Polyneoptera	suborder	17	0	5	-9	0.555555555555556	0.751677852348993	NA
pairID470	BradlerRobertson2014Phasmatodea.nwk	BuckleyAttanayake2010Phasmatodea.nwk	G	G	GG	6	0	3	0	3.3166247903554	5	2014	2010	Polyneoptera	family	10	0	3	2	0.833333333333333	0.583333333333333	NA
pairID471	BradlerRobertson2014Phasmatodea.nwk	YuanZhang2023Phasmatodea.nwk	G	M	GM	13	0.288940759604982	8.17380952380952	10	21.3541565040626	6	2014	2023	Polyneoptera	suborder	19	0	5	-7	0.692307692307692	0.563218390804598	NA
pairID472	BradyFisher2014Formicidae.nwk	Branstetter2017Formicidae.nwk	G	O	GO	41	0.255088115184415	31.7156108841168	57	33.3766385365573	29	2014	2017	Hymenoptera	family	1867	0	3	-1845	0.975609756097561	0.0696774193548387	NA
pairID473	BradyFisher2014Formicidae.nwk	DebevecCardinal2012Aculeata.nwk	G	G	GG	15	0.214186228751722	10.3333333333333	9	10.5830052442584	10	2014	2012	Hymenoptera	family	15	0	3	7	0.6	0.207692307692308	NA
pairID475	BradyFisher2014Formicidae.nwk	MoreauBell2006Formicidae.nwk	G	G	GG	17	0.137465206942909	12.5357142857143	8	11.6189500386223	13	2014	2006	Hymenoptera	family	17	0	3	5	0.470588235294118	0.295081967213115	NA
pairID476	BradyFisher2014Formicidae.nwk	Schmidt2013Ponerinae.nwk	G	G	GG	13	0	10	0	8.18535277187245	12	2014	2013	Hymenoptera	family	15	0	3	7	0.615384615384615	0.327272727272727	NA
pairID477	BradyFisher2014Formicidae.nwk	Ward2015Myrmicinae.nwk	G	G	GG	10	0.11235725690714	6.33333333333333	2	6.2449979983984	8	2014	2015	Hymenoptera	family	22	0	3	0	0.9	0.198529411764706	NA
pairID478	BradyFisher2014Formicidae.nwk	WardDownie2005Pseudomyrmecinae.nwk	G	G	GG	9	0.43519605301198	3.51666666666667	6	5.3851648071345	5	2014	2005	Hymenoptera	family	16	0	3	6	0.555555555555556	0.469565217391304	NA
pairID479	BradyFisher2014Formicidae.nwk	WardFisher2016Amblyoponinae.nwk	G	G	GG	8	0.312442346503972	3.8	6	7	5	2014	2016	Hymenoptera	family	22	0	3	0	0.875	0.556701030927835	NA
pairID481	Branstetter2017Formicidae.nwk	BranstetterDanforth2017Hymenoptera.nwk	O	O	OO	26	0.201161897804046	19.7200980392157	33	57.0613704707484	16	2017	2017	Hymenoptera	infraorder	2656	0	5	1056	0.730769230769231	0.838918918918919	UCE.UCE
pairID482	Branstetter2017Formicidae.nwk	DebevecCardinal2012Aculeata.nwk	O	G	GO	36	0.23233545246757	26.4209587060631	44	74.3236167042482	22	2017	2012	Hymenoptera	infraorder	1860	0	5	1852	0.805555555555556	0.809176225234619	NA
pairID483	Branstetter2017Formicidae.nwk	Faircloth2015Hymenoptera.nwk	O	O	OO	18	0.107045928923384	13.6190476190476	7	30.0832179129826	11	2017	2015	Hymenoptera	infraorder	2577	0	5	1135	0.722222222222222	0.967581047381546	UCE.UCE
pairID484	Branstetter2017Formicidae.nwk	FernandesLarabee2021Ponerinae.nwk	O	G	GO	9	0.138287967446788	5.5	2	2	8	2017	2021	Hymenoptera	tribe	1861	0	2	1851	1	0.912941176470588	NA
pairID485	Branstetter2017Formicidae.nwk	Jansen2010Myrmica.nwk	O	G	GO	7	0.23186719448805	3.5	2	2	6	2017	2010	Hymenoptera	family	1862	0	3	1850	1	0.915094339622642	NA
pairID486	Branstetter2017Formicidae.nwk	JansenSavolainen2010Myrmicini.nwk	O	G	GO	11	0.13804330862614	7.42857142857143	4	5.47722557505166	8	2017	2010	Hymenoptera	family	1864	0	3	1848	1	0.96039603960396	NA
pairID487	Branstetter2017Formicidae.nwk	Johnson2013Hymenoptera.nwk	O	O	OO	8	0.267081155039928	4.08333333333333	3	5.3851648071345	6	2017	2013	Hymenoptera	infraorder	2164	0	5	1548	0.75	0.983523447401774	TR.UCE
pairID488	Branstetter2017Formicidae.nwk	JuveWeyna2025Messor.nwk	O	O	OO	20	0.1049415409124	15.5333333333333	10	6.2449979983984	18	2017	2025	Hymenoptera	subfamily	4380	0	3	-668	0.9	0.868980963045913	UCE.UCE
pairID490	Branstetter2017Formicidae.nwk	KlimesDrescher2022Camponotini.nwk	O	G	GO	18	0.0643220999333245	14.1666666666667	5	8.88819441731559	17	2017	2022	Hymenoptera	subfamily	1861	0	3	1851	1	0.940606060606061	NA
pairID491	Branstetter2017Formicidae.nwk	LaPolla2010Prenolepis.nwk	O	G	GO	10	0.136620604164416	6.25	3	5.3851648071345	9	2017	2010	Hymenoptera	tribe	1861	0	2	1851	1	0.978562421185372	NA
pairID492	Branstetter2017Formicidae.nwk	LapollaKallal2012Prenolepis.nwk	O	G	GO	9	0.25539817125306	5	4	4.35889894354067	7	2017	2012	Hymenoptera	tribe	1862	0	2	1850	1	0.983523447401774	NA
pairID493	Branstetter2017Formicidae.nwk	LinSong2023Formicidae.nwk	O	M	MO	32	0.146312816602318	25.8444235588972	24	30.8382878902185	16	2017	2023	Hymenoptera	family	1869	0	3	1843	0.90625	0.9338146811071	NA
pairID494	Branstetter2017Formicidae.nwk	MoreauBell2006Formicidae.nwk	O	G	GO	111	0.30938413060772	76.0913437700849	298	97.7036335045939	61	2017	2006	Hymenoptera	family	1862	0	3	1850	0.774774774774775	0.942891859052248	NA
pairID495	Branstetter2017Formicidae.nwk	MoreauCorrie2008Pheidole.nwk	O	G	GO	20	0.250626774802436	13.8856060606061	22	15.0665191733194	16	2017	2008	Hymenoptera	family	1861	0	3	1851	0.9	0.860310421286031	NA
pairID496	Branstetter2017Formicidae.nwk	Prebus2017Temnothorax.nwk	O	O	OO	12	0.29155294645163	6.73333333333333	10	5.47722557505166	9	2017	2017	Hymenoptera	subfamily	3954	0	3	-242	1	0.959208899876391	UCE.UCE
pairID497	Branstetter2017Formicidae.nwk	RomiguierBorowiec2022Formicidae.nwk	O	O	OO	31	0.0540507922381157	26.4166666666667	8	3.60555127546399	29	2017	2022	Hymenoptera	infraorder	6271	0	5	-2559	0.806451612903226	0.941747572815534	UCE.UCE
pairID498	Branstetter2017Formicidae.nwk	Schmidt2013Ponerinae.nwk	O	G	GO	101	0.133041186803357	83.7144409208363	119	52.4118307255146	78	2017	2013	Hymenoptera	infraorder	1860	0	5	1852	0.940594059405941	0.97979797979798	NA
pairID499	Branstetter2017Formicidae.nwk	SosaCalvo2017Attini.nwk	O	G	GO	31	0.174968431396098	24.2484848484848	29	90.8350152749478	14	2017	2017	Hymenoptera	subfamily	1861	0	3	1851	0.870967741935484	0.934939759036145	NA
pairID501	Branstetter2017Formicidae.nwk	WardBrady2010Dolichoderinae.nwk	O	G	GO	46	0.027453900187074	41.6666666666667	6	3.46410161513775	43	2017	2010	Hymenoptera	family	1866	0	3	1846	0.978260869565217	0.997429305912596	NA
pairID503	Branstetter2017Formicidae.nwk	WardFisher2016Amblyoponinae.nwk	O	G	GO	37	0.211775840088004	28.1220975826663	44	28.9136645896019	25	2017	2016	Hymenoptera	infraorder	1867	0	5	1845	0.972972972972973	0.99614890885751	NA
pairID504	Branstetter2017Formicidae.nwk	WardFisher2025Camponotini.nwk	O	O	OO	14	0.152266375547008	9.46666666666667	7	6.78232998312527	12	2017	2025	Hymenoptera	subfamily	3296	0	3	416	1	0.803312629399586	UCE.UCE
pairID505	Branstetter2017Formicidae.nwk	ZhangLi2022Formicidae.nwk	O	M	MO	18	0.332614459838051	11.1047619047619	19	10.5356537528527	12	2017	2022	Hymenoptera	family	1869	0	3	1843	0.888888888888889	0.96039603960396	NA
pairID506	BranstetterDanforth2017Hymenoptera.nwk	Cardinal2010Apidae.nwk	O	G	GO	27	0.154291806250737	20.7251950947603	23	17.7482393492988	19	2017	2010	Hymenoptera	superfamily	807	0	4	793	0.518518518518518	0.52887537993921	NA
pairID507	BranstetterDanforth2017Hymenoptera.nwk	Cardinal2018Anthophila.nwk	O	G	GO	46	0.118316192266726	38.282634032634	46	35.0428309358705	22	2017	2018	Hymenoptera	superfamily	807	0	4	793	0.608695652173913	0.38074398249453	NA
pairID508	BranstetterDanforth2017Hymenoptera.nwk	DebevecCardinal2012Aculeata.nwk	O	G	GO	79	0.141143335290513	65.8843148231079	85	88.017043804027	54	2017	2012	Hymenoptera	infraorder	804	0	5	796	0.493670886075949	0.497142857142857	NA
pairID509	BranstetterDanforth2017Hymenoptera.nwk	Faircloth2015Hymenoptera.nwk	O	O	OO	26	0.134333663671419	20.885989010989	26	27.4772633280682	20	2017	2015	Hymenoptera	order	1521	0	6	79	0.923076923076923	0.91578947368421	UCE.UCE
pairID511	BranstetterDanforth2017Hymenoptera.nwk	HuangSu2016Hymenoptera.nwk	O	M	MO	19	0.516266879267217	9.70431235431236	45	35.9861084308932	10	2017	2016	Hymenoptera	suborder	813	0	5	787	0.315789473684211	0.840579710144927	NA
pairID512	BranstetterDanforth2017Hymenoptera.nwk	Johnson2013Hymenoptera.nwk	O	O	OO	16	0.0963999353289546	12.25	6	8.30662386291807	14	2017	2013	Hymenoptera	infraorder	1108	0	5	492	0.625	0.950819672131147	TR.UCE
pairID513	BranstetterDanforth2017Hymenoptera.nwk	LinSong2023Formicidae.nwk	O	M	MO	11	0.187456987202604	6.91666666666667	6	4	10	2017	2023	Hymenoptera	family	813	0	3	787	0.636363636363636	0.693227091633466	NA
pairID514	BranstetterDanforth2017Hymenoptera.nwk	MisofLiu2014Hexapoda.nwk	O	O	OO	10	0.132197476471909	6.25	3	5.3851648071345	9	2017	2014	Hymenoptera	suborder	2278	0	5	-678	0.6	0.576158940397351	TR.UCE
pairID515	BranstetterDanforth2017Hymenoptera.nwk	MunroHeraty2011Chalcidoidea.nwk	O	G	GO	15	0.480709141119503	7.12987012987013	24	13.8924439894498	9	2017	2011	Hymenoptera	infraorder	802	0	5	798	0.466666666666667	0.279742765273312	NA
pairID516	BranstetterDanforth2017Hymenoptera.nwk	Nyman2019Symphyta.nwk	O	G	GO	22	0.173600130752257	16.1666666666667	17	7.41619848709566	18	2017	2019	Hymenoptera	order	809	0	6	791	0.363636363636364	0.559485530546624	NA
pairID518	BranstetterDanforth2017Hymenoptera.nwk	RomiguierBorowiec2022Formicidae.nwk	O	O	OO	22	0	19	0	0	22	2017	2022	Hymenoptera	infraorder	5215	0	5	-3615	0.818181818181818	0.753246753246753	UCE.UCE
pairID519	BranstetterDanforth2017Hymenoptera.nwk	SannMeusemann2021Apoidea.nwk	O	O	OO	49	0.0707865158423893	42.8692640692641	30	59.0677577024894	42	2017	2021	Hymenoptera	infraorder	994	0	5	606	0.142857142857143	0.55591054313099	NA
pairID520	BranstetterDanforth2017Hymenoptera.nwk	SannNiehuis2018Apoidea.nwk	O	O	OO	50	0.102476844367779	42.8839544513458	33	80.8517161227886	32	2017	2018	Hymenoptera	infraorder	995	0	5	605	0.14	0.564935064935065	NA
pairID521	BranstetterDanforth2017Hymenoptera.nwk	ZhangLi2022Formicidae.nwk	O	M	MO	13	0.447321966883465	6.46666666666667	15	9.9498743710662	8	2017	2022	Hymenoptera	infraorder	813	0	5	787	0.692307692307692	0.813084112149533	NA
pairID522	Breitkreuz2022Chrysopidae.nwk	Gao2018Neuroptera.nwk	C	M	NA	8	0.204107761717123	4.2	4	2.64575131106459	7	2022	2018	Other	suborder	20	87	5	-6	0.875	0.69672131147541	NA
pairID523	Breitkreuz2022Chrysopidae.nwk	HaruyamaMochizuki2008Chrysopidae.nwk	C	G	CG	18	0	2	0	0	5	2022	2008	Other	family	10	87	3	4	0.722222222222222	0.566666666666667	NA
pairID524	Breitkreuz2022Chrysopidae.nwk	Song2019Neuroptera.nwk	C	M	NA	10	0.143071181251132	6.2	4	6.16441400296898	6	2022	2019	Other	suborder	22	87	5	-8	0.9	0.691056910569106	NA
pairID525	Breitkreuz2022Chrysopidae.nwk	Vasilikopoulos2020Neuropterida.nwk	C	O	NA	10	0	7	0	6.08276253029822	8	2022	2020	Other	suborder	3642	87	5	-3628	0.6	0.508982035928144	NA
pairID526	Breitkreuz2022Chrysopidae.nwk	Winterton2018Neuropterida.nwk	C	O	NA	11	0	8	0	4.24264068711928	9	2022	2018	Other	family	206	87	3	-192	0.727272727272727	0.412621359223301	NA
pairID527	Breitkreuz2022Chrysopidae.nwk	Winterton2019Chrysopidae.nwk	C	O	NA	42	0.177749133714574	32.5859943977591	42	20.9045449603669	30	2022	2019	Other	family	379	87	3	-365	0.80952380952381	0.607142857142857	NA
pairID529	BrowerFreitas2006Ithomiini.nwk	KawaharaStorer2023Papilionoidea.nwk	G	O	GO	30	0.204058623997508	21.8238849385908	29	27.6767050061961	21	2006	2023	Lepidoptera	subfamily	323	0	3	-315	0.833333333333333	0.035984007107952	NA
pairID531	BrunkeSolodovnikov2013Staphylinini.nwk	CaiWang2019Staphylininae.nwk	P	G	GP	24	0.483517460778538	8.75106837606838	29	15.52417469626	8	2013	2019	Coleoptera	tribe	6	79	2	-6	0.541666666666667	0.524590163934426	NA
pairID532	BrunkeSolodovnikov2013Staphylinini.nwk	RamirezSalamanca2023Philonthina.nwk	P	G	GP	20	0.440154057393388	9.06911976911977	30	22.3830292855994	10	2013	2023	Coleoptera	tribe	6	79	2	-6	0.5	0.365714285714286	NA
pairID534	BrunkeSolodovnikov2013Staphylinini.nwk	ZylaSolodovnikov2020Staphylininae.nwk	P	G	GP	17	0.476595325886888	6.73333333333333	24	15.0332963783729	7	2013	2020	Coleoptera	tribe	6	79	2	-6	0.411764705882353	0.566371681415929	NA
pairID535	BrustleAlaruikka2010Arrhipis.nwk	LinardVogler2018.nwk	C	M	NA	11	0.426756257600593	5.41190476190476	12	12.7671453348037	5	2010	2018	Coleoptera	genus	21	25	1	-11	0.909090909090909	0.00114558472553699	NA
pairID536	Bucek2019Termitidae.nwk	Bucek2022Kalotermitidae.nwk	O	M	MO	35	0.171157945827764	27.451268115942	37	25.2388589282479	28	2019	2022	Polyneoptera	superfamily	4102	0	4	4028	0.6	0.412790697674419	NA
pairID537	Bucek2019Termitidae.nwk	DumansGrimaldi2017Blattodea.nwk	O	M	MO	11	0	8	0	0	11	2019	2017	Polyneoptera	superorder	4078	0	7	4052	0.545454545454545	0.771739130434783	NA
pairID538	Bucek2019Termitidae.nwk	Evangelista2018Blattodea.nwk	O	G	GO	61	0.201079743815625	46.7414613164613	83	37.4966665185054	41	2019	2018	Polyneoptera	superorder	4071	0	7	4059	0.622950819672131	0.137330754352031	NA
pairID539	Bucek2019Termitidae.nwk	Evangelista2019Blattodea.nwk	O	O	OO	10	0	7	0	0	10	2019	2019	Polyneoptera	superorder	6435	0	7	1695	0.9	0.559055118110236	TR.TR
pairID540	Bucek2019Termitidae.nwk	LiuZhang2023Blattodea.nwk	O	O	OO	11	0.0855522242620168	7.33333333333333	2	1.4142135623731	10	2019	2023	Polyneoptera	superorder	6018	0	7	2112	0.909090909090909	0.482993197278912	TR.TR
pairID541	Bucek2019Termitidae.nwk	MisofLiu2014Hexapoda.nwk	O	O	OO	9	0	6	0	0	9	2019	2014	Polyneoptera	superorder	5543	0	7	2587	1	0.362244897959184	TR.TR
pairID542	Bucek2022Kalotermitidae.nwk	Evangelista2018Blattodea.nwk	M	G	GM	62	0.226280494125455	46.0376568479829	106	47.3392015141785	42	2022	2018	Polyneoptera	superfamily	43	0	4	31	0.67741935483871	0.216312056737589	NA
pairID543	Bucek2022Kalotermitidae.nwk	HerveBrune2017Termitidae.nwk	M	M	MM	7	0.50656269114965	2.46666666666667	5	3.60555127546399	5	2022	2017	Polyneoptera	superfamily	50	0	4	24	1	0.991869918699187	NA
pairID544	Bucek2022Kalotermitidae.nwk	WangZhang2023Blaberoidea.nwk	M	M	MM	9	0.133276304198401	5.33333333333333	2	1.4142135623731	8	2022	2023	Polyneoptera	superfamily	76	0	4	-2	1	0.416382252559727	NA
pairID545	Bucek2022Kalotermitidae.nwk	WangZhu2016Rhinotermitidae.nwk	M	M	MM	10	0	7	0	0	10	2022	2016	Polyneoptera	superfamily	50	0	4	24	1	0.960629921259842	NA
pairID546	BuckleyAttanayake2010Phasmatodea.nwk	YuanZhang2023Phasmatodea.nwk	G	M	GM	9	0.48713070525204	3.85238095238095	10	6.78232998312527	7	2010	2023	Polyneoptera	infraorder	17	0	5	-9	0.666666666666667	0.506024096385542	NA
pairID547	BuckmanMound2013Thysanoptera.nwk	MoundMorris2007Thysanoptera.nwk	G	B	NA	28	0.400747317203608	18.289652014652	54	41.3279566395437	17	2013	2007	Condylognatha	order	6	0	6	4	0.75	0.858490566037736	NA
pairID548	BuckmanMound2013Thysanoptera.nwk	PakrashiKumar2022Thysanoptera.nwk	G	M	GM	11	0.33715875647459	6.45714285714286	10	8.83176086632785	7	2013	2022	Condylognatha	order	18	0	6	-8	0.545454545454545	0.81981981981982	NA
pairID549	BuckmanMound2013Thysanoptera.nwk	Wahlberg2025Thysanoptera.nwk	G	M	GM	23	0.262739106522341	15.5626984126984	28	13.6747943311773	17	2013	2025	Condylognatha	family	45	0	3	-35	0.956521739130435	0.81981981981982	NA
pairID550	BuckmanMound2013Thysanoptera.nwk	ZhangMound2019Terebrantia.nwk	G	P	GP	27	0.530925951909157	13.7988048793312	76	56.6568618968612	9	2013	2019	Condylognatha	family	5	117	3	5	0.518518518518518	0.554878048780488	NA
pairID551	BuderGrossmann2008Ciidae.nwk	LinardVogler2018.nwk	G	M	GM	21	0.436794572880417	12.856327006327	48	26.944387170615	9	2008	2018	Coleoptera	infraorder	19	0	5	-13	0.952380952380952	0.0021954944635357	NA
pairID552	Buenaventura2021Oestroidea.nwk	CardosoCunha2025Calliphoridae.nwk	O	G	GO	13	0.224497289433618	8.08333333333333	10	5.74456264653803	10	2021	2025	Diptera	superfamily	729	0	4	721	0.615384615384615	0.64	NA
pairID554	Buenaventura2021Oestroidea.nwk	Junqueira2016Schizophora.nwk	O	M	MO	13	0.265933517993783	7.9	10	8.66025403784439	10	2021	2016	Diptera	superfamily	740	0	4	710	0.615384615384615	0.705882352941177	NA
pairID555	Buenaventura2021Oestroidea.nwk	KuttyPape2010Calyptratae.nwk	O	G	GO	30	0.176925534831458	22.5896103896104	25	17.8885438199983	22	2021	2010	Diptera	superfamily	734	0	4	716	0.433333333333333	0.297213622291022	NA
pairID556	Buenaventura2021Oestroidea.nwk	Piwczynski2017Miltogramminae.nwk	O	G	GO	9	0	6	0	11	4	2021	2017	Diptera	superfamily	729	0	4	721	0.777777777777778	0.585365853658537	NA
pairID557	Buenaventura2021Oestroidea.nwk	PiwczynskiSzpila2014Sarcophagidae.nwk	O	G	GO	16	0.421904476635312	8.33095238095238	22	12.4899959967968	11	2021	2014	Diptera	subfamily	734	0	3	716	0.6875	0.401673640167364	NA
pairID558	Buenaventura2021Oestroidea.nwk	Shang2022Oestroidea.nwk	O	M	MO	10	0.159453931456162	6.33333333333333	4	3.3166247903554	9	2021	2022	Diptera	superfamily	740	0	4	710	0.6	0.662068965517241	NA
pairID559	Buenaventura2021Oestroidea.nwk	SinghWells2011Chrysomyinae.nwk	O	G	GO	10	0.321273544935355	5.28571428571429	9	6.6332495807108	6	2021	2011	Diptera	subfamily	727	0	3	723	0.7	0.897196261682243	NA
pairID560	Buenaventura2021Oestroidea.nwk	StamperDahlem2013Sarcophaginae.nwk	O	G	GO	8	0.212673272368728	4.4	3	3.74165738677394	6	2021	2013	Diptera	subfamily	728	0	3	722	0.75	0.721804511278195	NA
pairID565	BueterWeckstein2009Phthiraptera.nwk	KolencikCacioppo2022Myrsidea.nwk	G	G	GG	15	0.382478967346459	8.20384615384616	19	17.8605710994918	8	2009	2022	Other	genus	4	0	1	0	1	0.397058823529412	NA
pairID568	BurksHeraty2011Eulophidae.nwk	GauthierLasalle2000Eulophidae.nwk	C	B	NA	20	0.218621741887636	9.48717948717949	10	18	7	2011	2000	Hymenoptera	family	3	31	3	1	0.4	0.469565217391304	NA
pairID571	BurksHeraty2011Eulophidae.nwk	Rasplus2020Eulophidae.nwk	C	O	NA	18	0	13	0	9.69535971483266	15	2011	2020	Hymenoptera	superfamily	881	31	4	-877	0.333333333333333	0.412213740458015	NA
pairID572	BybeeKalkman2021Odonata.nwk	Dijkstra2014Zygoptera.nwk	O	G	GO	58	0.379047670467977	39.236878039476	149	58.8047617119566	30	2021	2014	Palaeoptera	suborder	481	0	5	475	0.413793103448276	0.355371900826446	NA
pairID573	BybeeKalkman2021Odonata.nwk	Dumont2010Odonata.nwk	O	G	GO	42	0.445735929848326	22.4386488511489	108	48.5283422342037	17	2021	2010	Palaeoptera	order	482	0	6	474	0.285714285714286	0.38855421686747	NA
pairID574	BybeeKalkman2021Odonata.nwk	DumontVanfleteren2005Calopterygoidea.nwk	O	G	GO	10	0.139286175281535	6.2	4	9.79795897113271	6	2021	2005	Palaeoptera	suborder	482	0	5	474	0.6	0.724719101123595	NA
pairID575	BybeeKalkman2021Odonata.nwk	GoodmanAbbott2025Somatochlora.nwk	O	O	OO	14	0.100729330137393	10.1818181818182	5	16.2480768092719	8	2021	2025	Palaeoptera	superfamily	1049	0	4	-93	0.785714285714286	0.678947368421053	AHE.AHE
pairID576	BybeeKalkman2021Odonata.nwk	KohliLetsch2021Odonata.nwk	O	O	OO	49	0.0729281655037001	43.4386570875933	39	23.1516738055805	41	2021	2021	Palaeoptera	order	3458	0	6	-2502	0.306122448979592	0.589041095890411	AHE.TR
pairID577	BybeeKalkman2021Odonata.nwk	Letsch2016Anisoptera.nwk	O	G	GO	41	0.213967112971072	31.2815568815569	59	25.7487863791675	28	2021	2016	Palaeoptera	infraorder	487	0	5	469	0.682926829268293	0.210440456769984	NA
pairID578	BybeeKalkman2021Odonata.nwk	LiaoLin2023Odonata.nwk	O	M	MO	21	0.169400789465698	15.5279220779221	19	8.88819441731559	17	2021	2023	Palaeoptera	order	491	0	6	465	0.285714285714286	0.737142857142857	NA
pairID580	BybeeKalkman2021Odonata.nwk	SimonsenGlahder2022Lestidae.nwk	O	G	GO	11	0.213847763220758	6.58333333333333	7	12.328828005938	8	2021	2022	Palaeoptera	suborder	484	0	5	472	0.818181818181818	0.781818181818182	NA
pairID581	BybeeKalkman2021Odonata.nwk	WareMay2007Libelluloidea.nwk	O	G	GO	25	0.335929109704748	16.2196636696637	39	29.563490998189	15	2021	2007	Palaeoptera	superfamily	480	0	4	476	0.28	0.560869565217391	NA
pairID584	BybeeTaylor2004Asilidae.nwk	CohenNoble2021Asilidae.nwk	G	O	GO	22	0.405538863502353	13.4181780208096	39	29.4448637286709	11	2004	2021	Diptera	superfamily	2500	0	4	-2492	0.318181818181818	0.172185430463576	NA
pairID585	CabreroSanudo2004Aphodiini.nwk	LinardVogler2018.nwk	G	M	GM	17	0.458936258952023	8.93333333333333	24	15.0665191733194	8	2004	2018	Coleoptera	family	19	0	3	-13	0.470588235294118	0.00295406899180484	NA
pairID586	CaiTihelka2022Coleoptera.nwk	CheZhang2021Coccinellidae.nwk	O	O	OO	8	0.607899575958317	2.86666666666667	8	4.89897948556636	5	2022	2021	Coleoptera	superfamily	162	0	4	-26	0.75	0.75779376498801	NA
pairID587	CaiTihelka2022Coleoptera.nwk	DouglasKundrata2021Elateroidea.nwk	O	O	OO	11	0.511886834530612	4.96666666666667	14	10.770329614269	5	2022	2021	Coleoptera	family	2328	0	3	-2192	0.545454545454545	0.804071246819338	NA
pairID588	CaiTihelka2022Coleoptera.nwk	DresslerGe2011Adephaga.nwk	O	P	NA	7	0.343074842208707	2.25	3	3.46410161513775	5	2022	2011	Coleoptera	suborder	68	145	5	68	0.857142857142857	0.905444126074499	NA
pairID589	CaiTihelka2022Coleoptera.nwk	EscalonaLawrence2015Boganiidae.nwk	O	P	NA	10	0.297534963032323	5.23809523809524	7	10.295630140987	6	2022	2015	Coleoptera	superfamily	68	102	4	68	0.6	0.966360856269113	NA
pairID590	CaiTihelka2022Coleoptera.nwk	GimmelBocakova2019Cleroidea.nwk	O	G	GO	27	0.307489552531061	18.4663322185061	36	16.2788205960997	16	2022	2019	Coleoptera	superfamily	72	0	4	64	0.222222222222222	0.554385964912281	NA
pairID591	CaiTihelka2022Coleoptera.nwk	GunterLeavengood2013Cleridae.nwk	O	G	GO	13	0.310848180794474	7.7	15	20.2731349327133	8	2022	2013	Coleoptera	superfamily	72	0	4	64	0.461538461538462	0.710112359550562	NA
pairID592	CaiTihelka2022Coleoptera.nwk	GunterLevkanicova2014Tenebrionoidea.nwk	O	G	GO	24	0.448776095286855	13.6332722832723	54	29.3768616431368	11	2022	2014	Coleoptera	superfamily	74	0	4	62	0.708333333333333	0.661087866108787	NA
pairID593	CaiTihelka2022Coleoptera.nwk	HuntBergsten2007Coleoptera.nwk	O	G	GO	172	0.373879597729722	111.194613931427	623	269.588575425592	66	2022	2007	Coleoptera	suborder	71	0	5	65	0.209302325581395	0.179443498012493	NA
pairID594	CaiTihelka2022Coleoptera.nwk	KergoatSoldati2014Tenebrionidae.nwk	O	G	GO	33	0.316130341235389	23.3837749287749	59	26.7394839142419	23	2022	2014	Coleoptera	infraorder	76	0	5	60	0.181818181818182	0.495297805642633	NA
pairID595	CaiTihelka2022Coleoptera.nwk	Kundrata2016Elateriformia.nwk	O	G	GO	35	0.41011462685002	20.3043650793651	78	36.2353418639869	15	2022	2016	Coleoptera	infraorder	72	0	5	64	0.314285714285714	0.565295169946333	NA
pairID596	CaiTihelka2022Coleoptera.nwk	KundrataBocak2011Elateridae.nwk	O	G	GO	22	0.560349836156893	10.4874458874459	57	22.3383079036887	9	2022	2011	Coleoptera	superfamily	72	0	4	64	0.363636363636364	0.776412776412776	NA
pairID597	CaiTihelka2022Coleoptera.nwk	KundrataBocakova2013Elateroidea.nwk	O	G	GO	30	0.468330544511394	15.3121212121212	74	26.4952825989835	14	2022	2013	Coleoptera	infraorder	72	0	5	64	0.333333333333333	0.75779376498801	NA
pairID598	CaiTihelka2022Coleoptera.nwk	LiMoritz2024Tenebrionidae.nwk	O	O	OO	12	0.233551583465734	7.25	7	4.24264068711928	10	2022	2024	Coleoptera	family	624	0	3	-488	0.666666666666667	0.624505928853755	NA
pairID599	CaiTihelka2022Coleoptera.nwk	MckennaFarrell2015Staphyliniformia.nwk	O	G	GO	19	0.190560824377301	10.0277777777778	12	5.19615242270663	12	2022	2015	Coleoptera	infraorder	70	0	5	66	0.842105263157895	0.603053435114504	NA
pairID600	CaiTihelka2022Coleoptera.nwk	MckennaWild2015Coleoptera.nwk	O	G	GO	138	0.242070071104469	102.705384729649	322	277.962227649729	58	2022	2015	Coleoptera	order	76	0	6	60	0.543478260869565	0.53109243697479	NA
pairID601	CaiTihelka2022Coleoptera.nwk	MotykaKusy2023Elateridae.nwk	O	O	OO	9	0	6	0	6.6332495807108	7	2022	2023	Coleoptera	superfamily	134	0	4	2	0.888888888888889	0.946107784431138	NA
pairID602	CaiTihelka2022Coleoptera.nwk	RobertsonSlipinski2015Cucujoidea.nwk	O	G	GO	73	0.205260582967389	56.1292885335103	109	84.0119039184329	36	2022	2015	Coleoptera	infraorder	76	0	5	60	0.315068493150685	0.545768566493955	NA
pairID603	CaiTihelka2022Coleoptera.nwk	RobertsonWhiting2008Cucujoidea.nwk	O	G	GO	23	0.403970116531304	12.4998168498169	45	27.4408454680245	11	2022	2008	Coleoptera	infraorder	70	0	5	66	0.478260869565217	0.870523415977961	NA
pairID604	CaiTihelka2022Coleoptera.nwk	TomaszewskaSzawaryn2023Coccinelloidea.nwk	O	G	GO	20	0.258917223989007	12.9833333333333	21	9.53939201416946	14	2022	2023	Coleoptera	superfamily	76	0	4	60	0.4	0.683982683982684	NA
pairID605	CaiTihelka2022Coleoptera.nwk	ZhangChe2018Coleoptera.nwk	O	O	OO	308	0.0933791481393431	282.113554677188	415	298.409115142282	205	2022	2018	Coleoptera	superorder	163	0	7	-27	1	0.990595611285266	NA
pairID606	CaiWang2019Staphylininae.nwk	Chatzimanolis2014Xanthopygina.nwk	G	G	GG	16	0.25259787648224	10.7965367965368	18	9.74679434480896	11	2019	2014	Coleoptera	subfamily	12	0	3	0	0.9375	0.850574712643678	NA
pairID607	CaiWang2019Staphylininae.nwk	LinardVogler2018.nwk	G	M	GM	14	0.268285625574083	8.16666666666667	12	9.69535971483266	10	2019	2018	Coleoptera	family	22	0	3	-10	0.785714285714286	0.00702353834472285	NA
pairID608	CaiWang2019Staphylininae.nwk	RamirezSalamanca2023Philonthina.nwk	G	G	GG	34	0.171750888992629	26.0970418470418	32	22.293496809608	24	2019	2023	Coleoptera	subfamily	12	0	3	0	0.852941176470588	0.44578313253012	NA
pairID610	CaiWang2019Staphylininae.nwk	ZylaSolodovnikov2020Staphylininae.nwk	G	G	GG	32	0.207599173078985	24.3958053440812	44	50.9901951359278	22	2019	2020	Coleoptera	family	12	0	3	0	0.875	0.718446601941748	NA
pairID612	CameronLambkin2007Diptera.nwk	CastroDowton2007Endopterygota.nwk	M	M	MM	14	0	11	0	7.34846922834953	12	2007	2007	Other	superorder	26	0	7	0	0.785714285714286	0.764705882352941	NA
pairID614	CameronLambkin2007Diptera.nwk	Kaltenpoth2012Endopterygota.nwk	M	M	MM	17	0.141281970919708	12.7333333333333	9	12.5698050899765	10	2007	2012	Other	superorder	30	0	7	-4	0.705882352941177	0.257425742574257	NA
pairID616	CaoWang2021Plecoptera.nwk	ChenZhao2018Systellognatha.nwk	M	M	MM	13	0	10	0	0	13	2021	2018	Polyneoptera	order	26	0	6	0	1	0.980392156862745	NA
pairID617	CaoWang2021Plecoptera.nwk	DingLi2019Plecoptera.nwk	M	M	MM	23	0.0694225188799637	18.8611111111111	9	5.8309518948453	22	2021	2019	Polyneoptera	subclass	26	0	NA	0	0.956521739130435	0.961538461538462	NA
pairID618	CaoWang2021Plecoptera.nwk	LetschSimon2021Plecoptera.nwk	M	O	MO	28	0.168610535123961	21.6964285714286	25	11.6189500386223	22	2021	2021	Polyneoptera	order	3010	0	6	-2984	0.5	0.101214574898785	NA
pairID619	CaoWang2021Plecoptera.nwk	WangCao2022Peltoperlidae.nwk	M	M	MM	20	0	17	0	0	20	2021	2022	Polyneoptera	order	26	0	6	0	0.95	0.757575757575758	NA
pairID620	CaoWang2021Plecoptera.nwk	WangCao2022Systellognatha.nwk	M	M	MM	20	0	17	0	0	20	2021	2022	Polyneoptera	order	26	0	6	0	0.9	0.72463768115942	NA
pairID621	CaoWang2021Plecoptera.nwk	WangYang2025Plecoptera.nwk	M	M	MM	33	0.134032773625867	27.325	29	14.2828568570857	29	2021	2025	Polyneoptera	order	28	0	6	-2	0.909090909090909	0.442477876106195	NA
pairID622	Cardinal2010Apidae.nwk	Cardinal2018Anthophila.nwk	G	G	GG	136	0.0827546505329778	122.53790539795	105	111.503363177978	113	2010	2018	Hymenoptera	superfamily	14	0	4	0	1	0.497109826589595	NA
pairID623	Cardinal2010Apidae.nwk	DebevecCardinal2012Aculeata.nwk	G	G	GG	27	0.166191266432952	20.7934615384615	21	19.7737199332852	19	2010	2012	Hymenoptera	superfamily	11	0	4	3	0.888888888888889	0.473829201101928	NA
pairID624	Cardinal2010Apidae.nwk	GonzalezGriswold2012Megachilidae.nwk	G	P	GP	21	0.412013173812212	10.9075280112045	28	16.9705627484771	12	2010	2012	Hymenoptera	family	7	200	3	7	0.714285714285714	0.792626728110599	NA
pairID626	Cardinal2010Apidae.nwk	Hines2008Bombus.nwk	G	G	GG	8	0	5	0	4.69041575982343	6	2010	2008	Hymenoptera	subfamily	12	0	3	2	0.75	0.441025641025641	NA
pairID627	Cardinal2010Apidae.nwk	SchaeferRenner2008Ctenoplectrini.nwk	G	G	GG	11	0.509627306388499	4.83055555555556	15	12.9228479833201	5	2010	2008	Hymenoptera	family	11	0	3	3	0.454545454545455	0.877551020408163	NA
pairID628	Cardinal2010Apidae.nwk	StrakaBogusch2007Apidae.nwk	G	P	GP	27	0.446158970140685	15.8157410571884	60	25.6709953059869	14	2010	2007	Hymenoptera	superfamily	7	78	4	7	0.296296296296296	0.839024390243902	NA
pairID629	Cardinal2018Anthophila.nwk	DebevecCardinal2012Aculeata.nwk	G	G	GG	74	0.103759086613173	63.5007631257631	51	74.027022093287	33	2018	2012	Hymenoptera	superfamily	11	0	4	3	0.918918918918919	0.686274509803922	NA
pairID630	Cardinal2018Anthophila.nwk	Dellicour2014Melitta.nwk	G	G	GG	7	0.224187178421862	3.33333333333333	2	1.4142135623731	6	2018	2014	Hymenoptera	family	14	0	3	0	0.857142857142857	0.92375366568915	NA
pairID631	Cardinal2018Anthophila.nwk	Gibbs2012Halictinae.nwk	G	G	GG	17	0.139409066207909	12.4333333333333	8	4.58257569495584	14	2018	2012	Hymenoptera	subfamily	11	0	3	3	0.941176470588235	0.654885654885655	NA
pairID636	Cardinal2018Anthophila.nwk	Litman2016Anthidiini.nwk	G	G	GG	21	0.356155339919065	12.1825396825397	28	12.5299640861417	13	2018	2016	Hymenoptera	tribe	12	0	2	2	0.904761904761905	0.77970297029703	NA
pairID637	Cardinal2018Anthophila.nwk	Michez2009Melittidae.nwk	G	C	CG	15	0.0536668213852755	11.3333333333333	2	1.4142135623731	14	2018	2009	Hymenoptera	superfamily	12	68	4	2	0.866666666666667	0.9	NA
pairID638	Cardinal2018Anthophila.nwk	Packer2008Xeromelissinae.nwk	G	P	GP	9	0.352939886051464	3.93333333333333	4	6	6	2018	2008	Hymenoptera	family	7	248	3	7	0.666666666666667	0.867768595041322	NA
pairID639	Cardinal2018Anthophila.nwk	Peters2017Hymenoptera.nwk	G	O	GO	26	0.0482588967717021	22.2222222222222	7	17.6918060129541	18	2018	2017	Hymenoptera	superfamily	3263	0	4	-3249	0.230769230769231	0.65625	NA
pairID640	Cardinal2018Anthophila.nwk	Pisanty2022Andrenidae.nwk	G	O	GO	11	0.224858627633327	6.65	8	4.35889894354067	9	2018	2022	Hymenoptera	family	1016	0	3	-1002	0.636363636363636	0.58659217877095	NA
pairID641	Cardinal2018Anthophila.nwk	Ramos2022Andreninae.nwk	G	G	GG	30	0.177952150365166	22.9079365079365	24	11.916375287813	24	2018	2022	Hymenoptera	superfamily	16	0	4	-2	1	0.828947368421053	NA
pairID643	Cardinal2018Anthophila.nwk	SannMeusemann2021Apoidea.nwk	G	O	GO	26	0.0482588967717021	22.2222222222222	7	17.6918060129541	18	2018	2021	Hymenoptera	superfamily	201	0	4	-187	0.230769230769231	0.692307692307692	NA
pairID644	Cardinal2018Anthophila.nwk	SannNiehuis2018Apoidea.nwk	G	O	GO	27	0.0811651565969848	22.7	11	18.4661853126194	17	2018	2018	Hymenoptera	superfamily	202	0	4	-188	0.222222222222222	0.7	NA
pairID645	Cardinal2018Anthophila.nwk	SchaeferRenner2008Ctenoplectrini.nwk	G	G	GG	10	0.48429231636335	4.46904761904762	13	9.38083151964686	5	2018	2008	Hymenoptera	family	11	0	3	3	0.5	0.929203539823009	NA
pairID646	CardosoCunha2025Calliphoridae.nwk	ChenShi2016Calliphoridae.nwk	G	M	GM	15	0.199266166415502	10.1388888888889	12	6.08276253029822	12	2025	2016	Diptera	family	17	0	3	-9	0.933333333333333	0.911764705882353	NA
pairID648	CardosoCunha2025Calliphoridae.nwk	Junqueira2016Schizophora.nwk	G	M	GM	12	0.0985361820500798	8.25	3	2	11	2025	2016	Diptera	superfamily	19	0	4	-11	1	0.63265306122449	NA
pairID649	CardosoCunha2025Calliphoridae.nwk	KuttyPape2010Calyptratae.nwk	G	G	GG	11	0.264499181510043	6.4	7	3.87298334620742	8	2025	2010	Diptera	family	13	0	3	-5	0.909090909090909	0.212328767123288	NA
pairID650	CardosoCunha2025Calliphoridae.nwk	Shang2022Oestroidea.nwk	G	M	GM	22	0.110238109737437	16.8166666666667	9	4.47213595499958	19	2025	2022	Diptera	family	19	0	3	-11	0.954545454545455	0.645833333333333	NA
pairID651	CardosoCunha2025Calliphoridae.nwk	SinghWells2011Chrysomyinae.nwk	G	G	GG	12	0.227839850077931	7.33333333333333	8	4.35889894354067	10	2025	2011	Diptera	subfamily	6	0	3	2	1	0.911764705882353	NA
pairID652	CardosoCunha2025Calliphoridae.nwk	Yan2021Calliphoridae.nwk	G	O	GO	7	0.23186719448805	3.5	2	2	6	2025	2021	Diptera	family	2225	0	3	-2217	0.857142857142857	0.652631578947368	NA
pairID653	CardosoCunha2025Calliphoridae.nwk	YusseffVanegas2016Cochliomyia.nwk	G	G	GG	7	0	4	0	3.16227766016838	5	2025	2016	Diptera	family	8	0	3	0	1	0.953846153846154	NA
pairID654	CastroDowton2007Endopterygota.nwk	Kaltenpoth2012Endopterygota.nwk	M	M	MM	17	0.133138870571272	12.9	9	10.4880884817015	12	2007	2012	Other	superorder	30	0	7	-4	0.705882352941177	0.2	NA
pairID655	CaterinoTishechkin2015Exosternini.nwk	LeivasBicho2015Omalodini.nwk	C	P	NA	7	0.630150437983092	2.3	7	6.85565460040104	3	2015	2015	Coleoptera	subfamily	3	390	3	3	0.571428571428571	0.951219512195122	NA
pairID656	CaterinoTishechkin2015Exosternini.nwk	ZhouCaterino2020Histeridae.nwk	C	C	NA	13	0.734924051705034	3.72222222222222	25	14.7648230602334	6	2015	2020	Coleoptera	family	7	328	3	-1	0.538461538461538	0.912280701754386	NA
pairID657	CenLi2025Archaeognatha.nwk	GuanShen2021Machilidae.nwk	M	M	MM	10	0.214406945712374	6	5	5.3851648071345	9	2025	2021	Other	order	26	0	6	0	0.8	0.764705882352941	NA
pairID658	CenLi2025Archaeognatha.nwk	MaHe2015Archaeognatha.nwk	M	M	MM	8	0.299429946358791	4.15	4	3.74165738677394	7	2025	2015	Other	NA	26	0	NA	0	0.875	0.333333333333333	NA
pairID659	CenLi2025Archaeognatha.nwk	ShenCai2020Archaeognatha.nwk	M	M	MM	9	0.259362335795229	5.13333333333333	5	5	8	2025	2020	Other	order	26	0	6	0	0.777777777777778	0.764705882352941	NA
pairID660	CerrettiOHara2014Tachinidae.nwk	PeiXu2024Tachinidae.nwk	P	M	NA	52	0.466922517845176	28.2160245310245	153	79.5172937165243	18	2014	2024	Diptera	family	13	135	3	-13	0.230769230769231	0.639575971731449	NA
pairID661	ChamorroHolzenthal2011Polycentropodidae.nwk	JohansonMalm2012Polycentropodidae.nwk	P	G	GP	13	0.6342643075975	4.38690476190476	21	16.7032930884901	6	2011	2012	Other	subfamily	3	86	3	-3	0.923076923076923	0.345132743362832	NA
pairID662	ChangHuang2016Acrididae.nwk	GaugelHawlitschek2023Orthoptera.nwk	M	M	MM	14	0	11	0	0	14	2016	2023	Polyneoptera	infraorder	28	0	5	-2	1	0.0564516129032258	NA
pairID663	ChangHuang2016Acrididae.nwk	LiuQiu2016Catantopidae.nwk	M	M	MM	9	0	6	0	0	9	2016	2016	Polyneoptera	family	28	0	3	-2	1	0.666666666666667	NA
pairID664	ChangHuang2016Acrididae.nwk	SongMarinoPerez2018Acrididae.nwk	M	M	MM	11	0	8	0	0	11	2016	2018	Polyneoptera	family	53	0	3	-27	1	0.103703703703704	NA
pairID665	ChangHuang2016Acrididae.nwk	ZhangLin2016Catantopidae.nwk	M	M	MM	9	0	6	0	4.89897948556636	6	2016	2016	Polyneoptera	family	28	0	3	-2	1	0.666666666666667	NA
pairID666	ChaniPosse2013Philonthina.nwk	LinardVogler2018.nwk	P	M	NA	8	0.343074842208707	2.25	3	3.46410161513775	3	2013	2018	Coleoptera	subfamily	16	110	3	-16	0.75	0.00730273141122913	NA
pairID667	ChaniPosse2013Philonthina.nwk	RamirezSalamanca2023Philonthina.nwk	P	G	GP	22	0.136661351985379	10.5	7	3.60555127546399	13	2013	2023	Coleoptera	subfamily	6	110	3	-6	0.545454545454545	0.418478260869565	NA
pairID668	Chatzimanolis2014Xanthopygina.nwk	RamirezSalamanca2023Philonthina.nwk	G	G	GG	17	0.356846768144153	9.9732905982906	24	15.2643375224737	11	2014	2023	Coleoptera	tribe	12	0	2	0	0.823529411764706	0.213235294117647	NA
pairID669	Chatzimanolis2014Xanthopygina.nwk	ZylaSolodovnikov2020Staphylininae.nwk	G	G	GG	10	0.249448774454372	6	6	5.29150262212918	8	2014	2020	Coleoptera	subfamily	12	0	3	0	0.8	0.371794871794872	NA
pairID670	Che2016Cryptocercus.nwk	Evangelista2018Blattodea.nwk	G	G	GG	7	0.801647994093788	1.8	9	5.74456264653803	4	2016	2018	Polyneoptera	genus	10	0	1	-2	1	0.0441767068273092	NA
pairID671	CheZhang2021Coccinellidae.nwk	EscalonaZwick2017Coccinellini.nwk	O	G	GO	18	0.296846619562123	11.7722222222222	25	18.0277563773199	10	2021	2017	Coleoptera	family	98	0	3	90	0.333333333333333	0.713333333333333	NA
pairID672	CheZhang2021Coccinellidae.nwk	LinardVogler2018.nwk	O	M	MO	35	0.464655928681915	20.4068441713603	83	39.1024295920343	18	2021	2018	Coleoptera	family	110	0	3	78	0.314285714285714	0.0101239473933201	NA
pairID673	CheZhang2021Coccinellidae.nwk	RobertsonSlipinski2015Cucujoidea.nwk	O	G	GO	38	0.477714005664409	23.4748453398453	124	58.2151183113115	18	2021	2015	Coleoptera	superfamily	102	0	4	86	0.473684210526316	0.285333333333333	NA
pairID674	CheZhang2021Coccinellidae.nwk	RobertsonWhiting2008Cucujoidea.nwk	O	G	GO	12	0.498641525893546	5.36666666666667	16	10.4880884817015	7	2021	2008	Coleoptera	superfamily	96	0	4	92	0.5	0.672955974842767	NA
pairID675	CheZhang2021Coccinellidae.nwk	TomaszewskaEscalona2021Coccinellini.nwk	O	G	GO	30	0.458093025338335	17.003277157625	66	30.0665927567458	13	2021	2021	Coleoptera	family	100	0	3	88	0.466666666666667	0.447698744769874	NA
pairID676	CheZhang2021Coccinellidae.nwk	TomaszewskaSzawaryn2023Coccinelloidea.nwk	O	G	GO	38	0.508981607631999	22.0128106567762	117	58.1807528311554	17	2021	2023	Coleoptera	superfamily	102	0	4	86	0.473684210526316	0.440329218106996	NA
pairID677	CheZhang2021Coccinellidae.nwk	ZhangChe2018Coleoptera.nwk	O	O	OO	7	0.551563448952365	2.41666666666667	6	3.87298334620742	5	2021	2018	Coleoptera	superfamily	189	0	4	-1	0.857142857142857	0.2590799031477	NA
pairID678	Chen2021Platygastroidea.nwk	MunroHeraty2011Chalcidoidea.nwk	C	G	CG	7	0.25255408270619	3.25	3	5.56776436283002	4	2021	2011	Hymenoptera	infraorder	6	119	5	2	0.857142857142857	0.173112338858195	NA
pairID679	Chen2021Platygastroidea.nwk	MurphyCarey2007Platygastroidea.nwk	C	G	CG	27	0.266938971127822	19.1631257631258	38	25.9615099714943	19	2021	2007	Hymenoptera	infraorder	7	119	5	1	0.740740740740741	0.691176470588235	NA
pairID680	Chen2021Platygastroidea.nwk	TaekulValerio2014Telenominae.nwk	C	G	CG	13	0.221028866345125	8.54761904761905	6	8.83176086632785	10	2021	2014	Hymenoptera	family	8	119	3	0	0.769230769230769	0.846846846846847	NA
pairID681	ChenDeng2018Scelimeninae.nwk	LiYing2021Tetrigoidea.nwk	G	M	GM	7	0.216781933149046	3.33333333333333	2	4.12310562561766	3	2018	2021	Polyneoptera	subfamily	16	0	3	-10	0.857142857142857	0.625	NA
pairID684	ChenLiu2023Siphonaptera.nwk	DuanLiu2025Siphonaptera.nwk	M	M	MM	10	0.198177957849583	6	4	3	9	2023	2025	Other	order	26	0	6	0	1	0.545454545454545	NA
pairID685	ChenLiu2023Siphonaptera.nwk	FuXun2024Siphonaptera.nwk	M	M	MM	10	0.280563803455689	5.5	6	4.24264068711928	8	2023	2024	Other	order	26	0	6	0	1	0.580645161290323	NA
pairID686	ChenLiu2023Siphonaptera.nwk	LinPu2024Siphonaptera.nwk	M	M	MM	10	0.286998350292257	5.41666666666667	6	3.3166247903554	8	2023	2024	Other	order	28	0	6	-2	1	0.5625	NA
pairID687	ChenLiu2023Siphonaptera.nwk	LinPu2025Pygiopsyllidae.nwk	M	M	MM	10	0.198177957849583	6	4	3	9	2023	2025	Other	order	26	0	6	0	1	0.529411764705882	NA
pairID688	ChenLiu2023Siphonaptera.nwk	LinPu2025Siphonaptera.nwk	M	M	MM	10	0.132860666379185	6.25	3	9.38083151964686	5	2023	2025	Other	order	26	0	6	0	1	0.5625	NA
pairID689	ChenLiu2023Siphonaptera.nwk	LiuChen2023Siphonaptera.nwk	M	M	MM	8	0.181293833661421	4.5	2	2	7	2023	2023	Other	order	26	0	6	0	1	0.857142857142857	NA
pairID691	ChenLiu2023Siphonaptera.nwk	PuLin2024Siphonaptera.nwk	M	M	MM	11	0.363314241838947	5.85714285714286	11	9.79795897113271	7	2023	2024	Other	superorder	28	0	7	-2	1	0.72	NA
pairID692	ChenLiu2023Siphonaptera.nwk	PuLinDong2024Amphipsyllinae.nwk	M	M	MM	10	0.132860666379185	6.25	3	2	9	2023	2024	Other	order	28	0	6	-2	1	0.580645161290323	NA
pairID693	ChenLiu2023Siphonaptera.nwk	VerhoevePlumer2020Siphonaptera.nwk	M	M	MM	6	0	3	0	0	6	2023	2020	Other	superorder	26	0	7	0	1	1	NA
pairID694	ChenLiu2023Siphonaptera.nwk	WeiJia2022Siphonaptera.nwk	M	M	MM	10	0	7	0	0	10	2023	2022	Other	superorder	26	0	7	0	1	1	NA
pairID695	ChenLiu2023Siphonaptera.nwk	ZhangFu2022Siphonaptera.nwk	M	M	MM	15	0	13	0	0	16	2023	2022	Other	superorder	26	0	7	0	1	0.327272727272727	NA
pairID696	ChenLu2017Oligotomidae.nwk	MillerHayashi2012Embioptera.nwk	M	C	NA	11	0	8	0	0	11	2017	2012	Polyneoptera	order	18	96	6	8	1	0.19672131147541	NA
pairID699	ChenShi2016Calliphoridae.nwk	Junqueira2016Schizophora.nwk	M	M	MM	10	0.16651959524328	6.33333333333333	4	3.16227766016838	8	2016	2016	Diptera	family	28	0	3	-2	0.9	0.338983050847458	NA
pairID700	ChenShi2016Calliphoridae.nwk	Shang2022Oestroidea.nwk	M	M	MM	17	0.0795508429924611	13.5	4	4.24264068711928	15	2016	2022	Diptera	superfamily	28	0	4	-2	0.941176470588235	0.338983050847458	NA
pairID701	ChenShi2016Calliphoridae.nwk	SinghWells2011Chrysomyinae.nwk	M	G	GM	6	0.343074842208707	2.25	3	4	3	2016	2011	Diptera	subfamily	15	0	3	11	1	0.625	NA
pairID702	ChenZhao2018Systellognatha.nwk	DingLi2019Plecoptera.nwk	M	M	MM	11	0.13955445405707	7.08333333333333	3	6.48074069840786	10	2018	2019	Polyneoptera	order	26	0	6	0	0.818181818181818	0.466666666666667	NA
pairID703	ChenZhao2018Systellognatha.nwk	LetschSimon2021Plecoptera.nwk	M	O	MO	14	0.111862936096962	10	4	9	13	2018	2021	Polyneoptera	superfamily	3010	0	4	-2984	0.571428571428571	0.0301075268817204	NA
pairID704	ChenZhao2018Systellognatha.nwk	WangCao2022Peltoperlidae.nwk	M	M	MM	14	0	11	0	0	14	2018	2022	Polyneoptera	superfamily	26	0	4	0	0.785714285714286	0.368421052631579	NA
pairID705	ChenZhao2018Systellognatha.nwk	WangCao2022Systellognatha.nwk	M	M	MM	14	0	11	0	0	14	2018	2022	Polyneoptera	superfamily	26	0	4	0	0.714285714285714	0.341463414634146	NA
pairID706	ChenZhao2018Systellognatha.nwk	WangYang2025Plecoptera.nwk	M	M	MM	13	0.128455566062888	9	4	8.30662386291807	12	2018	2025	Polyneoptera	order	28	0	6	-2	0.769230769230769	0.142857142857143	NA
pairID707	ChenZhou2013Formicinae.nwk	JandaFolkova2004Lasius.nwk	G	C	CG	8	0	5	0	0	8	2013	2004	Hymenoptera	tribe	6	81	2	0	0.75	0.564102564102564	NA
pairID708	ChenZhou2013Formicinae.nwk	LinSong2023Formicidae.nwk	G	M	GM	7	0.23186719448805	3.5	2	3	6	2013	2023	Hymenoptera	subfamily	16	0	3	-10	0.857142857142857	0.360655737704918	NA
pairID809	Cho2011Lepidoptera.nwk	Earl2021Papilionoidea.nwk	G	G	GG	8	0	5	0	0	8	2011	2021	Lepidoptera	suborder	39	0	5	13	0.75	0.0804749340369393	NA
pairID810	Cho2011Lepidoptera.nwk	HamiltonStLaurent2019Bombycoidea.nwk	G	O	GO	13	0.207407117024554	8.4	6	3.60555127546399	11	2011	2019	Lepidoptera	superfamily	597	0	4	-545	0.615384615384615	0.583732057416268	NA
pairID811	Cho2011Lepidoptera.nwk	Heikkila2015Ditrysia.nwk	G	C	CG	84	0.290524996798559	58.4378416779302	184	80.2433797892387	44	2011	2015	Lepidoptera	suborder	34	530	5	18	0.285714285714286	0.223853211009174	NA
pairID812	Cho2011Lepidoptera.nwk	Kawahara2009Sphingidae.nwk	G	G	GG	9	0.252225608520959	4.95	5	12.2882057274445	4	2011	2009	Lepidoptera	superfamily	31	0	4	21	0.777777777777778	0.47843137254902	NA
pairID813	Cho2011Lepidoptera.nwk	Kawahara2017Gracillariidae.nwk	G	G	GG	13	0.412379317462868	7.30833333333333	17	12.0415945787923	10	2011	2017	Lepidoptera	suborder	48	0	5	4	0.923076923076923	0.559633027522936	NA
pairID814	Cho2011Lepidoptera.nwk	Kawahara2019Lepidoptera.nwk	G	O	GO	50	0.218286834433342	38.369696969697	74	58.9151932866217	35	2011	2019	Lepidoptera	suborder	2124	0	5	-2072	0.48	0.434163701067616	NA
pairID815	Cho2011Lepidoptera.nwk	KawaharaStorer2023Papilionoidea.nwk	G	O	GO	16	0.0535602553628646	12.5	2	18.8679622641132	10	2011	2023	Lepidoptera	suborder	345	0	5	-293	0.625	0.0528825314260945	NA
pairID816	Cho2011Lepidoptera.nwk	Leger2020Crambidae.nwk	G	G	GG	12	0	9	0	0	12	2011	2020	Lepidoptera	superfamily	36	0	4	16	1	0.603960396039604	NA
pairID817	Cho2011Lepidoptera.nwk	MayerDietz2021Lepidoptera.nwk	G	O	GO	44	0.257480656936236	31.8182072829132	69	48.9285192909003	28	2011	2021	Lepidoptera	suborder	1861	0	5	-1809	0.431818181818182	0.471042471042471	NA
pairID818	Cho2011Lepidoptera.nwk	Regier2012Tortricidae.nwk	G	G	GG	13	0.212902604600973	8.16666666666667	6	12.0830459735946	10	2011	2012	Lepidoptera	suborder	31	0	5	21	0.615384615384615	0.739393939393939	NA
pairID819	Cho2011Lepidoptera.nwk	Regier2013Lepidoptera.nwk	G	G	GG	106	0.193335123834334	82.797231476095	163	110.367567699936	68	2011	2013	Lepidoptera	suborder	45	0	5	7	0.858490566037736	0.247464503042596	NA
pairID820	Cho2011Lepidoptera.nwk	RegierCook2008Bombycoidea.nwk	G	G	GG	23	0.143707621136275	17.4	15	16.8226038412607	18	2011	2008	Lepidoptera	suborder	31	0	5	21	0.826086956521739	0.787096774193548	NA
pairID821	Cho2011Lepidoptera.nwk	Sohn2013Yponomeutoidea.nwk	G	G	GG	13	0.452638797957132	6.72142857142857	15	14.7309198626562	9	2011	2013	Lepidoptera	suborder	45	0	5	7	0.692307692307692	0.542222222222222	NA
pairID822	Cho2011Lepidoptera.nwk	Zwick2011Bombycoidea.nwk	G	G	GG	20	0.186167897626265	14.043137254902	14	4.79583152331272	16	2011	2011	Lepidoptera	superfamily	51	0	4	1	0.9	0.802631578947368	NA
pairID823	ChoMitchell2008Heliothinae.nwk	Keegan2021Noctuidae.nwk	G	G	GG	13	0.178610366872011	8.65	6	4.35889894354067	11	2008	2021	Lepidoptera	family	11	0	3	-5	0.923076923076923	0.142857142857143	NA
pairID824	ChoMitchell2008Heliothinae.nwk	Pogue2013Heliothinae.nwk	G	C	CG	10	0	7	0	0	10	2008	2013	Lepidoptera	subfamily	6	20	3	0	1	0.933333333333333	NA
pairID825	ChoMitchell2008Heliothinae.nwk	Riyaz2023Noctuoidea.nwk	G	G	GG	6	0.308181620264318	2.33333333333333	2	2.44948974278318	5	2008	2023	Lepidoptera	subfamily	18	0	3	-12	1	0.434782608695652	NA
pairID826	ChoMitchell2008Heliothinae.nwk	Toussaint2012Apameini.nwk	G	G	GG	6	0	3	0	0	6	2008	2012	Lepidoptera	family	5	0	3	1	1	0.460526315789474	NA
pairID827	Choi2018Macrosiphini.nwk	KimLee2008Aphidini.nwk	G	G	GG	8	0	5	0	4.58257569495584	5	2018	2008	Condylognatha	subfamily	9	0	3	1	0.875	0.757352941176471	NA
pairID828	Choi2018Macrosiphini.nwk	Liu2022Chaitophorinae.nwk	G	G	GG	9	0.159595393491505	5.25	3	2	8	2018	2022	Condylognatha	family	9	0	3	1	0.666666666666667	0.656050955414013	NA
pairID829	Choi2018Macrosiphini.nwk	RenBai2016Aphididae.nwk	G	M	GM	10	0.136620604164416	6.25	3	2	9	2018	2016	Condylognatha	family	18	0	3	-8	0.7	0.944954128440367	NA
pairID830	Choi2018Macrosiphini.nwk	RenWen2017Aphidinae.nwk	G	M	GM	9	0.159595393491505	5.25	3	2	8	2018	2017	Condylognatha	subfamily	20	0	3	-10	0.666666666666667	0.919642857142857	NA
pairID831	ChuWu2016Culicidae.nwk	DayGweon2016Nematocera.nwk	M	M	MM	8	0	5	0	0	8	2016	2016	Diptera	family	26	0	3	0	1	0.333333333333333	NA
pairID832	ChuWu2016Culicidae.nwk	daSilva2020Culicidae.nwk	M	M	MM	12	0.120355122127568	8.33333333333333	4	11.916375287813	6	2016	2020	Diptera	family	26	0	3	0	0.916666666666667	0.2	NA
pairID834	ClementSaxton2022Aeshnidae.nwk	Letsch2016Anisoptera.nwk	G	G	GG	11	0.426024670695826	5.49166666666667	15	9.53939201416946	7	2022	2016	Palaeoptera	family	14	0	3	-4	0.909090909090909	0.047438330170778	NA
pairID835	ClementSaxton2022Aeshnidae.nwk	SchneiderVierstraete2023Aeshnidae.nwk	G	G	GG	18	0.282208209151649	11.2485431235431	23	12.8840987267251	8	2022	2023	Palaeoptera	family	7	0	3	3	0.944444444444444	0.21551724137931	NA
pairID836	ClineSmith2014Nitidulidae.nwk	LeeLee2020Nitidulidae.nwk	G	G	GG	20	0.171812945900751	14.25	11	5.29150262212918	17	2014	2020	Coleoptera	family	12	0	3	2	0.6	0.470588235294118	NA
pairID837	ClineSmith2014Nitidulidae.nwk	LinardVogler2018.nwk	G	M	GM	29	0.183518024225065	21.1519230769231	29	17.8044938147649	21	2014	2018	Coleoptera	infraorder	23	0	5	-9	0.586206896551724	0.0038109756097561	NA
pairID838	ClineSmith2014Nitidulidae.nwk	PowellCline2020Carpophilinae.nwk	G	G	GG	8	0.303975896680236	3.66666666666667	4	2	6	2014	2020	Coleoptera	family	13	0	3	1	0.75	0.655737704918033	NA
pairID839	ClineSmith2014Nitidulidae.nwk	RobertsonSlipinski2015Cucujoidea.nwk	G	G	GG	19	0.230028296103458	13.3325216450216	17	15.1986841535707	11	2014	2015	Coleoptera	infraorder	15	0	5	-1	0.684210526315789	0.12779552715655	NA
pairID840	ClouseJanda2015Camponotus.nwk	KlimesDrescher2022Camponotini.nwk	G	G	GG	6	0.729986474356593	1.5	5	4.58257569495584	4	2015	2022	Hymenoptera	genus	11	0	1	1	1	0.166666666666667	NA
pairID841	Coeurdacier2007Aphis.nwk	KimLee2008Aphidini.nwk	G	G	GG	10	0.243831707703535	5	5	4.12310562561766	8	2007	2008	Condylognatha	subgenus	7	0	1	-1	0.7	0.492537313432836	NA
pairID842	CohenNoble2021Asilidae.nwk	Dikow2009Asilidae.nwk	O	C	NA	51	0.374551702363011	35.5020527208552	141	90.7248587764125	23	2021	2009	Diptera	superfamily	2501	211	4	2491	0.352941176470588	0.666666666666667	NA
pairID843	CohenNoble2021Asilidae.nwk	Shin2018.nwk	O	G	GO	48	0.391332986540536	31.8025216062867	124	92.9300812439115	23	2021	2018	Diptera	superfamily	2516	0	4	2476	0.375	0.136186770428016	NA
pairID844	Condamine2012Troidini.nwk	Earl2021Papilionoidea.nwk	G	G	GG	10	0.288694294450135	5.55	5	5.56776436283002	9	2012	2021	Lepidoptera	subfamily	16	0	3	-10	1	0.0225035161744023	NA
pairID845	Condamine2012Troidini.nwk	KawaharaStorer2023Papilionoidea.nwk	G	O	GO	9	0.133276304198401	5.33333333333333	2	4.69041575982343	8	2012	2023	Lepidoptera	subfamily	322	0	3	-316	1	0.0144274120829576	NA
pairID846	Condamine2012Troidini.nwk	Simonsen2011Papilioninae.nwk	G	C	CG	7	0.224187178421862	3.33333333333333	2	3.3166247903554	6	2012	2011	Lepidoptera	subfamily	10	94	3	-4	1	0.56140350877193	NA
pairID847	CondamineSoldati2011Blaps.nwk	KergoatSoldati2014Tenebrionidae.nwk	P	G	GP	12	0.325359838597322	6.90476190476191	12	8.77496438739212	9	2011	2014	Coleoptera	genus	8	47	1	-8	1	0.14207650273224	NA
pairID848	CondamineSoldati2011Blaps.nwk	LinardVogler2018.nwk	P	M	NA	26	0.380211576845126	15.5155303030303	45	27.9642629082191	15	2011	2018	Coleoptera	genus	16	47	1	-16	1	0.00495285265263358	NA
pairID849	CosandeyKonvicka2024Tenebrionoidea.nwk	GimmelBocakova2019Cleroidea.nwk	G	G	GG	9	0.799705038460929	2.53333333333333	15	12.1243556529821	6	2024	2019	Coleoptera	infraorder	8	0	5	0	0.888888888888889	0.314207650273224	NA
pairID850	CosandeyKonvicka2024Tenebrionoidea.nwk	GunterLevkanicova2014Tenebrionoidea.nwk	G	G	GG	59	0.314013300436075	45.6674722922006	130	86.0871651293037	24	2024	2014	Coleoptera	infraorder	10	0	5	-2	0.542372881355932	0.438931297709924	NA
pairID851	CosandeyKonvicka2024Tenebrionoidea.nwk	HuntBergsten2007Coleoptera.nwk	G	G	GG	81	0.566297883053605	45.3289557315301	375	210.009523593574	28	2024	2007	Coleoptera	infraorder	7	0	5	1	0.814814814814815	0.0752125572269457	NA
pairID852	CosandeyKonvicka2024Tenebrionoidea.nwk	KergoatSoldati2014Tenebrionidae.nwk	G	G	GG	78	0.289287667014388	60.0818041610718	202	117.584012518709	37	2024	2014	Coleoptera	infraorder	12	0	5	-4	0.935897435897436	0.311653116531165	NA
pairID853	CosandeyKonvicka2024Tenebrionoidea.nwk	KobayashiSota2021Ciidae.nwk	G	O	GO	8	0.512730719057774	3.26666666666667	8	4	5	2024	2021	Coleoptera	subfamily	565	0	3	-557	0.75	0.76158940397351	NA
pairID854	CosandeyKonvicka2024Tenebrionoidea.nwk	LinardVogler2018.nwk	G	M	GM	93	0.417000979319925	63.5051538177636	333	201.146712625387	29	2024	2018	Coleoptera	infraorder	20	0	5	-12	0.795698924731183	0.0109388376296014	NA
pairID855	CosandeyKonvicka2024Tenebrionoidea.nwk	RiccieriMancini2022Meloidae.nwk	G	G	GG	16	0.363300910961061	9.80634920634921	20	14.7648230602334	8	2024	2022	Coleoptera	superfamily	8	0	4	0	0.5625	0.440613026819923	NA
pairID856	CramptonPlatt2015Coleoptera.nwk	DuanQuan2017Coleoptera.nwk	M	M	MM	29	0.233608857606885	20.7205738705739	34	45.2327315115946	16	2015	2017	Coleoptera	order	26	0	6	0	0.931034482758621	0.725490196078431	NA
pairID857	CramptonPlatt2015Coleoptera.nwk	HuntBergsten2007Coleoptera.nwk	M	G	GM	30	0.319572566712706	19.9485863351188	51	40.5339363990225	16	2015	2007	Coleoptera	order	16	0	6	10	0.3	0.0245358090185676	NA
pairID858	CramptonPlatt2015Coleoptera.nwk	Kaltenpoth2012Endopterygota.nwk	M	M	MM	22	0.275403886395173	14.9333333333333	27	18.1934053986603	12	2015	2012	Coleoptera	order	30	0	6	-4	0.863636363636364	0.349056603773585	NA
pairID859	CramptonPlatt2015Coleoptera.nwk	LinardVogler2018.nwk	M	M	MM	34	0.149085213077554	27.1309523809524	25	45.7711699653832	23	2015	2018	Coleoptera	order	29	0	6	-3	0.705882352941177	0.00352885073915117	NA
pairID860	CramptonPlatt2015Coleoptera.nwk	MckennaWild2015Coleoptera.nwk	M	G	GM	29	0.241067079995939	20.7140846082023	36	16	20	2015	2015	Coleoptera	order	21	0	6	5	0.310344827586207	0.0966057441253264	NA
pairID861	CramptonPlatt2015Coleoptera.nwk	Song2010Coleoptera.nwk	M	M	MM	21	0.190358636641204	14.7552631578947	17	13.6747943311773	14	2015	2010	Coleoptera	order	26	0	6	0	0.285714285714286	0.685185185185185	NA
pairID863	CramptonPlatt2015Coleoptera.nwk	Uribe2016Elateroidea.nwk	M	M	MM	7	0.380065892841669	3	4	3.46410161513775	6	2015	2016	Coleoptera	infraorder	26	0	5	0	1	0.840909090909091	NA
pairID864	CramptonPlatt2015Coleoptera.nwk	WangHong2017Elateroidea.nwk	M	M	MM	5	0.489714670274654	1.33333333333333	2	3.46410161513775	3	2015	2017	Coleoptera	superfamily	26	0	4	0	1	0.804347826086957	NA
pairID866	Cranston2012Chironomidae.nwk	CranstonHardy2010Chironomidae.nwk	G	G	GG	34	0.145209985515948	27.2735722610723	30	15.2315462117278	27	2012	2010	Diptera	superfamily	8	0	4	0	0.852941176470588	0.948051948051948	NA
pairID867	Cranston2012Chironomidae.nwk	Krosch2022Tanypodinae.nwk	G	G	GG	18	0.194083191671485	12.2666666666667	10	11.5325625946708	14	2012	2022	Diptera	family	7	0	3	1	0.5	0.701923076923077	NA
pairID868	Cranston2012Chironomidae.nwk	KroschBaker2011Orthocladiinae.nwk	G	G	GG	11	0	8	0	0	11	2012	2011	Diptera	subfamily	8	0	3	0	0.818181818181818	0.935897435897436	NA
pairID869	Cranston2012Chironomidae.nwk	SemenchenkoCranston2024Diamesinae.nwk	G	G	GG	40	0.142755323940981	32.1761437908497	28	14.7309198626562	31	2012	2024	Diptera	family	10	0	3	-2	0.775	0.621276595744681	NA
pairID870	CranstonHardy2010Chironomidae.nwk	Krosch2022Tanypodinae.nwk	G	G	GG	6	0.491528404008749	2	3	2.64575131106459	5	2010	2022	Diptera	family	7	0	3	1	0.833333333333333	0.394495412844037	NA
pairID871	CranstonHardy2010Chironomidae.nwk	SemenchenkoCranston2024Diamesinae.nwk	G	G	GG	20	0.233229619280645	13.7777777777778	22	12.2882057274445	14	2010	2024	Diptera	family	10	0	3	-2	0.65	0.286666666666667	NA
pairID872	CranstonKrosch2015Cricotopus.nwk	Krosch2015Cricotopus.nwk	G	G	GG	11	0.123487164746886	7.2	4	5.19615242270663	10	2015	2015	Diptera	subfamily	8	0	3	0	1	0.75	NA
pairID873	Cruaud2010Agaonidae.nwk	MunroHeraty2011Chalcidoidea.nwk	G	G	GG	50	0.248237654560297	37.1851025998724	82	73.6478105580879	28	2010	2011	Hymenoptera	superfamily	8	0	4	4	0.94	0.143763213530655	NA
pairID874	Cruaud2024Chalcidoidea.nwk	Desjardins2007Pteromalidae.nwk	O	G	GO	23	0.609039834772956	11.121688034188	78	55.2539591341652	13	2024	2007	Hymenoptera	superfamily	2058	0	4	2050	0.826086956521739	0.942196531791908	NA
pairID875	Cruaud2024Chalcidoidea.nwk	GauthierLasalle2000Eulophidae.nwk	O	B	NA	18	0.280117849336563	11.2	19	23.3238075793812	8	2024	2000	Hymenoptera	family	2055	0	3	2053	0.388888888888889	0.84020618556701	NA
pairID876	Cruaud2024Chalcidoidea.nwk	JanstaCruaud2018Torymidae.nwk	O	G	GO	26	0.235773360004554	18.4166666666667	28	16.0934769394311	15	2024	2018	Hymenoptera	superfamily	2059	0	4	2049	0.230769230769231	0.785542168674699	NA
pairID877	Cruaud2024Chalcidoidea.nwk	MunroHeraty2011Chalcidoidea.nwk	O	G	GO	180	0.479769985366938	117.31427452665	1061	522.024903620507	50	2024	2011	Hymenoptera	infraorder	2056	0	5	2052	0.433333333333333	0.463726884779516	NA
pairID878	Cruaud2024Chalcidoidea.nwk	Rasplus2020Eulophidae.nwk	O	O	OO	33	0.0351637918911692	28.8333333333333	4	13.228756555323	25	2024	2020	Hymenoptera	superfamily	2933	0	4	1175	0.212121212121212	0.810945273631841	AHE.UCE
pairID879	Cruaud2024Chalcidoidea.nwk	Sharkey2011Hymenoptera.nwk	O	C	NA	21	0.317431931302057	7.8	16	7.74596669241483	10	2024	2011	Hymenoptera	infraorder	2058	392	5	2050	0.761904761904762	0.783653846153846	NA
pairID880	CruaudDelvare2021Chalcididae.nwk	Heraty2013Chalcidoidea.nwk	O	C	NA	17	0.326111991411857	10.1143578643579	20	10.0995049383621	11	2021	2013	Hymenoptera	superfamily	540	233	4	536	0.529411764705882	0.258426966292135	NA
pairID881	CruaudDelvare2021Chalcididae.nwk	MunroHeraty2011Chalcidoidea.nwk	O	G	GO	10	0.43127115684607	4.73809523809524	15	10.816653826392	5	2021	2011	Hymenoptera	superfamily	540	0	4	536	0.7	0.17037037037037	NA
pairID882	Cryan2004Membracidae.nwk	Cryan2005Cicadomorpha.nwk	C	G	CG	8	0.409728060767646	3	4	4.35889894354067	4	2004	2005	Condylognatha	superfamily	7	83	4	1	1	0.703296703296703	NA
pairID883	Cryan2004Membracidae.nwk	CryanUrban2012Hemiptera.nwk	C	G	CG	7	0.323732119916531	2.5	2	2	5	2004	2012	Condylognatha	superfamily	11	83	4	-3	1	0.516129032258065	NA
pairID884	Cryan2004Membracidae.nwk	DietrichMckamey2001Membracidae.nwk	C	P	NA	17	0.482592233239705	5.59166666666667	16	10.0498756211209	7	2004	2001	Condylognatha	family	4	166	3	4	0.470588235294118	0.621359223300971	NA
pairID885	Cryan2005Cicadomorpha.nwk	CryanSvenson2010Cercopoidea.nwk	G	G	GG	18	0.100517057604571	13.9	5	11.7898261225516	12	2005	2010	Condylognatha	superfamily	9	0	4	-3	0.944444444444444	0.310344827586207	NA
pairID886	Cryan2005Cicadomorpha.nwk	CryanUrban2012Hemiptera.nwk	G	G	GG	19	0.160740051947869	13.7916666666667	13	7.61577310586391	16	2005	2012	Condylognatha	suborder	10	0	5	-4	0.789473684210526	0.409090909090909	NA
pairID887	CryanSvenson2010Cercopoidea.nwk	CryanUrban2012Hemiptera.nwk	G	G	GG	18	0.331922698149265	11.65	23	15.6843871413581	11	2010	2012	Condylognatha	superfamily	13	0	4	-1	1	0.668918918918919	NA
pairID888	CryanSvenson2010Cercopoidea.nwk	PaladiniTakiya2015Ischnorhininae.nwk	G	P	GP	16	0.572205555634814	7.65384615384615	31	16.6433169770932	8	2010	2015	Condylognatha	superfamily	6	108	4	6	0.9375	0.626582278481013	NA
pairID894	CuciniFanciulli2020Collembola.nwk	MaHe2015Archaeognatha.nwk	M	M	MM	7	0	3	0	0	6	2020	2015	Other	NA	26	0	NA	0	1	0.736842105263158	NA
pairID900	CuiXie2013Hemiptera.nwk	LiuSong2018Hemiptera.nwk	M	M	MM	9	0.161898555534915	5.25	3	4.12310562561766	7	2013	2018	Condylognatha	order	26	0	6	0	0.888888888888889	0.271739130434783	NA
pairID901	CunhaVerdu2011Geotrupidae.nwk	LinardVogler2018.nwk	G	M	GM	32	0.309632009786329	21.2994043594449	59	37.7491721763537	20	2011	2018	Coleoptera	superfamily	20	0	4	-12	1	0.00305547598586842	NA
pairID902	CunhaVerdu2011Geotrupidae.nwk	VerduGalante2004Geotrupidae.nwk	G	P	GP	8	0.343074842208707	2.25	3	5.56776436283002	3	2011	2004	Coleoptera	family	4	38	3	4	0.875	0.780487804878049	NA
pairID903	CurlerMoulton2012Psychodidae.nwk	DAgostino2022Phlebotominae.nwk	G	B	NA	12	0.276919453867264	7.07142857142857	12	5.91607978309962	8	2012	2022	Diptera	family	3	0	3	1	0.666666666666667	0.365217391304348	NA
pairID904	DAgostino2022Phlebotominae.nwk	Pavlou2022Phlebotomus.nwk	B	G	NA	10	0.108146959097458	6.33333333333333	2	1.4142135623731	9	2022	2022	Diptera	subfamily	7	0	3	-5	0.9	0.920454545454545	NA
pairID905	DaSilva2018Pentaneura.nwk	Krosch2017Tanypodinae.nwk	P	G	GP	11	0.287579326973358	6.26071428571429	8	5.09901951359278	8	2018	2017	Diptera	subfamily	3	61	3	-3	0.545454545454545	0.541666666666667	NA
pairID906	DaSilva2018Pentaneura.nwk	SilvaEkrem2016Tanypodinae.nwk	P	P	NA	18	0.271411095165462	11.6880952380952	20	9.16515138991168	14	2018	2016	Diptera	family	0	147	3	0	0.444444444444444	0.40625	NA
pairID907	DaSilva2024Labrundinia.nwk	SilvaEkrem2015Labrundinia.nwk	C	C	NA	12	0.552506719572928	5.25	19	11.2694276695846	8	2024	2015	Diptera	genus	11	92	1	9	1	0.930232558139535	NA
pairID908	Dahle2012Paratanytarsus.nwk	Ekrem2010Chironomidae.nwk	G	G	GG	12	0.220957550476729	7.25	6	3.16227766016838	10	2012	2010	Diptera	tribe	10	0	2	0	1	0.388888888888889	NA
pairID909	DamgaardAndersen2005Gerromorpha.nwk	DamgaardCognato2006Gerridae.nwk	C	C	NA	7	0.23186719448805	3.5	2	3	6	2005	2006	Condylognatha	subfamily	6	146	3	-2	0.857142857142857	0.441860465116279	NA
pairID911	Danforth2003Lasioglossum.nwk	Gibbs2012Halictinae.nwk	G	G	GG	38	0.159296880587951	30.2125902992776	40	58.8812364000621	16	2003	2012	Hymenoptera	genus	7	0	1	-1	1	0.247311827956989	NA
pairID913	DangWang2021Thysanoptera.nwk	LiGao2024Thysanoptera.nwk	M	M	MM	15	0.370115804981591	9.2047619047619	20	13.3041346956501	10	2021	2024	Condylognatha	order	26	0	6	0	0.933333333333333	0.5	NA
pairID914	DangWang2021Thysanoptera.nwk	LiuHe2022Thysanoptera.nwk	M	M	MM	12	0.386493930846769	6.60833333333333	16	14.9331845230681	8	2021	2022	Condylognatha	order	26	0	6	0	0.916666666666667	0.882352941176471	NA
pairID915	DangWang2021Thysanoptera.nwk	PakrashiKumar2022Thysanoptera.nwk	M	M	MM	14	0.376283162863567	8.41428571428571	20	16.7332005306815	10	2021	2022	Condylognatha	order	26	0	6	0	0.857142857142857	0.517241379310345	NA
pairID916	DangWang2021Thysanoptera.nwk	PakrashiTyagi2021Thysanoptera.nwk	M	M	MM	15	0.339276270456121	9.3719696969697	20	13.076696830622	10	2021	2021	Condylognatha	order	26	0	6	0	0.933333333333333	0.714285714285714	NA
pairID917	DangWang2021Thysanoptera.nwk	TyagiChakraborty2020Thysanoptera.nwk	M	M	MM	11	0.336299865396281	6.30357142857143	11	8.88819441731559	8	2021	2020	Condylognatha	order	26	0	6	0	1	1	NA
pairID918	DangWang2021Thysanoptera.nwk	WuZhang2023Thysanoptera.nwk	M	M	MM	13	0.420597336614359	7.31944444444444	17	10.9544511501033	8	2021	2023	Condylognatha	order	26	0	6	0	1	0.535714285714286	NA
pairID919	DayGweon2016Nematocera.nwk	SallumSchultz2002Anophelinae.nwk	M	G	GM	11	0	8	0	9.4339811320566	7	2016	2002	Diptera	genus	19	0	1	7	0.727272727272727	0.647058823529412	NA
pairID920	DayGweon2016Nematocera.nwk	WiegmannTrautwein2011Diptera.nwk	M	C	NA	10	0.726658585115106	3.31666666666667	20	16.9115345252878	4	2016	2011	Diptera	suborder	27	371	5	-1	0.7	0.184100418410042	NA
pairID921	DayGweon2016Nematocera.nwk	Zhang2019Culicomorpha.nwk	M	M	MM	11	0	6	0	8.06225774829855	6	2016	2019	Diptera	infraorder	28	0	5	-2	0.909090909090909	0.814814814814815	NA
pairID922	DayGweon2016Nematocera.nwk	ZhangKang2016Tipulomorpha.nwk	M	M	MM	12	0.470619979969152	5.55	13	14.7648230602334	7	2016	2016	Diptera	suborder	26	0	5	0	0.916666666666667	0.698412698412698	NA
pairID923	DayGweon2016Nematocera.nwk	daSilva2020Culicidae.nwk	M	M	MM	19	0.0859440921290296	15.3	7	10.6301458127346	14	2016	2020	Diptera	family	26	0	3	0	0.947368421052632	0.407407407407407	NA
pairID924	DeMoya2022Philopteridae.nwk	LightSmith2010Anoplura.nwk	O	G	GO	11	0.179059627855515	6.96666666666667	6	4.69041575982343	10	2022	2010	Other	order	1075	0	6	1069	0.636363636363636	0.789473684210526	NA
pairID925	DeMoya2022Philopteridae.nwk	NieFu2021Philopteridae.nwk	O	M	MO	14	0.169382636831067	9.91904761904762	7	18.8679622641132	10	2022	2021	Other	order	1084	0	6	1060	0.428571428571429	0.909090909090909	NA
pairID926	DeMoya2022Philopteridae.nwk	Perez2023Philopteridae.nwk	O	G	GO	8	0.50656269114965	2.46666666666667	5	6.70820393249937	4	2022	2023	Other	family	1075	0	3	1069	0.875	0.9375	NA
pairID927	DeMoya2022Philopteridae.nwk	ShaoLi2017Anoplura.nwk	O	M	MO	11	0.205342573463275	6.58333333333333	7	3.3166247903554	9	2022	2017	Other	order	1082	0	6	1062	0.545454545454545	0.925925925925926	NA
pairID928	DeMoya2022Philopteridae.nwk	SongLi2019Phthiraptera.nwk	O	M	MO	13	0.231748054199564	8.25079365079365	12	11.1803398874989	10	2022	2019	Other	order	1082	0	6	1062	0.538461538461538	0.872093023255814	NA
pairID929	DeMoya2022Philopteridae.nwk	deMoya2021Psocodea.nwk	O	O	OO	38	0.11280870786796	31.4361667744021	26	12.4096736459909	32	2022	2021	Other	order	3442	0	6	-1298	0.973684210526316	0.704225352112676	NA
pairID932	DePaula2024Tachinidae.nwk	KuttyPape2010Calyptratae.nwk	O	G	GO	15	0.390516130148304	8.3984348984349	21	16.2788205960997	6	2024	2010	Diptera	superfamily	1951	0	4	1933	0.4	0.176056338028169	NA
pairID933	DePaula2024Tachinidae.nwk	NarayananKutty2019.nwk	O	O	OO	18	0.153020947530649	13.05	10	6.32455532033676	16	2024	2019	Diptera	superfamily	3398	0	4	486	0.833333333333333	0.666666666666667	TR.TR
pairID934	DePaula2024Tachinidae.nwk	Yan2021Calliphoridae.nwk	O	O	OO	14	0.0950642397319716	10	3	2.44948974278318	13	2024	2021	Diptera	superfamily	4163	0	4	-279	0.785714285714286	0.641025641025641	TR.TR
pairID935	DebevecCardinal2012Aculeata.nwk	Dellicour2014Melitta.nwk	G	G	GG	7	0.224187178421862	3.33333333333333	2	1.4142135623731	6	2012	2014	Hymenoptera	family	11	0	3	-3	0.857142857142857	0.89344262295082	NA
pairID936	DebevecCardinal2012Aculeata.nwk	Faircloth2015Hymenoptera.nwk	G	O	GO	13	0	10	0	12.0415945787923	7	2012	2015	Hymenoptera	infraorder	725	0	5	-717	0.538461538461538	0.868525896414343	NA
pairID937	DebevecCardinal2012Aculeata.nwk	Field2011Ammophilini.nwk	G	G	GG	10	0	7	0	0	10	2012	2011	Hymenoptera	family	7	0	3	1	0.6	0.816479400749064	NA
pairID938	DebevecCardinal2012Aculeata.nwk	Hedtke2013Anthophila.nwk	G	G	GG	95	0.425221100587455	56.990147239091	308	227.569769521349	35	2012	2013	Hymenoptera	superfamily	24	0	4	-16	0.894736842105263	0.438631790744467	NA
pairID939	DebevecCardinal2012Aculeata.nwk	Keller2011Formicidae.nwk	G	P	GP	17	0.597343072064635	6.63030303030303	33	30.0998338865848	5	2012	2011	Hymenoptera	family	4	139	3	4	0.352941176470588	0.70096463022508	NA
pairID941	DebevecCardinal2012Aculeata.nwk	Michez2009Melittidae.nwk	G	C	CG	14	0.149820433223524	9.47619047619047	8	7.34846922834953	12	2012	2009	Hymenoptera	superfamily	9	68	4	-1	0.928571428571429	0.861660079051383	NA
pairID942	DebevecCardinal2012Aculeata.nwk	MoreauBell2006Formicidae.nwk	G	G	GG	20	0.175607599986709	14.75	13	6.557438524302	16	2012	2006	Hymenoptera	family	10	0	3	-2	0.3	0.622857142857143	NA
pairID943	DebevecCardinal2012Aculeata.nwk	OhlBleidorn2006Apoidea.nwk	G	B	NA	19	0.407974838268622	10.8130988292753	33	18.8148877222268	10	2012	2006	Hymenoptera	infraorder	5	0	5	3	0.842105263157895	0.977578475336323	NA
pairID944	DebevecCardinal2012Aculeata.nwk	Peters2017Hymenoptera.nwk	G	O	GO	42	0.127729463454351	34.8748313090418	38	22.9782505861521	34	2012	2017	Hymenoptera	infraorder	3260	0	5	-3252	0.333333333333333	0.581333333333333	NA
pairID945	DebevecCardinal2012Aculeata.nwk	Ramos2022Andreninae.nwk	G	G	GG	14	0.11046395106119	10.3333333333333	6	4.58257569495584	13	2012	2022	Hymenoptera	superfamily	13	0	4	-5	0.928571428571429	0.726666666666667	NA
pairID946	DebevecCardinal2012Aculeata.nwk	RomiguierBorowiec2022Formicidae.nwk	G	O	GO	23	0.180205436576346	16.5785714285714	17	6.32455532033676	19	2012	2022	Hymenoptera	infraorder	4419	0	5	-4411	0.260869565217391	0.759581881533101	NA
pairID947	DebevecCardinal2012Aculeata.nwk	SannMeusemann2021Apoidea.nwk	G	O	GO	46	0.120073529373534	38.608120438811	30	55.4256258422041	34	2012	2021	Hymenoptera	infraorder	198	0	5	-190	0.391304347826087	0.630057803468208	NA
pairID948	DebevecCardinal2012Aculeata.nwk	SannNiehuis2018Apoidea.nwk	G	O	GO	47	0.0948494889287472	39.8385836385836	26	89.4315380612455	27	2012	2018	Hymenoptera	infraorder	199	0	5	-191	0.361702127659574	0.637426900584795	NA
pairID949	DebevecCardinal2012Aculeata.nwk	Schmidt2013Ponerinae.nwk	G	G	GG	28	0.149411140792895	21.5809523809524	16	6.85565460040104	23	2012	2013	Hymenoptera	infraorder	8	0	5	0	0.464285714285714	0.670769230769231	NA
pairID950	DebevecCardinal2012Aculeata.nwk	WaichertRodriguez2015Pompilidae.nwk	G	G	GG	8	0.306545077920216	3.73333333333333	5	3.60555127546399	6	2012	2015	Hymenoptera	superfamily	8	0	4	0	0.625	0.679127725856698	NA
pairID951	DebevecCardinal2012Aculeata.nwk	Ward2015Myrmicinae.nwk	G	G	GG	14	0.281112624914449	8.6	13	6	10	2012	2015	Hymenoptera	family	15	0	3	-7	0.428571428571429	0.496583143507973	NA
pairID952	DebevecCardinal2012Aculeata.nwk	WardDownie2005Pseudomyrmecinae.nwk	G	G	GG	11	0.364137085184008	4.98809523809524	8	7.14142842854285	6	2012	2005	Hymenoptera	infraorder	9	0	5	-1	0.636363636363636	0.784172661870504	NA
pairID953	Dellicour2014Melitta.nwk	Michez2009Melittidae.nwk	G	C	CG	13	0.228260220468579	8.13650793650794	11	5.47722557505166	10	2014	2009	Hymenoptera	family	12	68	3	2	1	0.477611940298507	NA
pairID954	DengStroinski2024Fulgoromorpha.nwk	Johnson2018Paraneoptera.nwk	O	O	OO	10	0	7	0	0	10	2024	2018	Condylognatha	superfamily	3572	0	4	-1218	0.6	0.601485148514851	NA
pairID955	DengStroinski2024Fulgoromorpha.nwk	MaoYang2017Cicadellidae.nwk	O	M	MO	7	0.25255408270619	3.25	3	2	6	2024	2017	Condylognatha	superfamily	1190	0	4	1164	0.857142857142857	0.952941176470588	NA
pairID956	DengStroinski2024Fulgoromorpha.nwk	UrbanBartlett2010Delphacidae.nwk	O	C	NA	16	0.10973450141415	11.7916666666667	8	5.09901951359278	15	2024	2010	Condylognatha	family	1181	132	3	1173	0.4375	0.738601823708207	NA
pairID957	DeroclesPlantegenest2016Aphidiinae.nwk	KambhampatiVolkl2000Aphidiinae.nwk	G	G	GG	6	0	1	0	0	4	2016	2000	Hymenoptera	subfamily	9	0	3	5	1	0.576923076923077	NA
pairID959	Desjardins2007Pteromalidae.nwk	MunroHeraty2011Chalcidoidea.nwk	G	G	GG	29	0.74106582566926	11.1044174235351	137	85.9418407994616	12	2007	2011	Hymenoptera	suborder	6	0	5	2	0.586206896551724	0.0817610062893082	NA
pairID964	Dhaese2003Poduromorpha.nwk	MaHe2015Archaeognatha.nwk	P	M	NA	8	0	1	0	0	4	2003	2015	Other	NA	13	130	NA	-13	0.875	0.714285714285714	NA
pairID969	Dijkstra2014Zygoptera.nwk	Dumont2010Odonata.nwk	G	G	GG	39	0.437689449767795	22.5225178960473	104	48.6621002423858	19	2014	2010	Palaeoptera	suborder	7	0	5	-1	0.769230769230769	0.584269662921348	NA
pairID970	Dijkstra2014Zygoptera.nwk	DumontVanfleteren2005Calopterygoidea.nwk	G	G	GG	14	0.395627370612868	7.84166666666667	18	12.9228479833201	6	2014	2005	Palaeoptera	suborder	7	0	5	-1	0.714285714285714	0.852459016393443	NA
pairID971	Dijkstra2014Zygoptera.nwk	JiangLi2021Zygoptera.nwk	G	M	GM	9	0.437572126216681	4.25	8	9.16515138991168	7	2014	2021	Palaeoptera	suborder	16	0	5	-10	0.666666666666667	0.931899641577061	NA
pairID972	Dijkstra2014Zygoptera.nwk	KohliLetsch2021Odonata.nwk	G	O	GO	19	0.260797856592157	13.2915417915418	26	23.895606290697	13	2014	2021	Palaeoptera	suborder	2983	0	5	-2977	0.421052631578947	0.728291316526611	NA
pairID973	Dijkstra2014Zygoptera.nwk	OGradyMay2003Coenagrionidae.nwk	G	P	GP	15	0.365366286645668	8.72857142857143	19	11.8743420870379	11	2014	2003	Palaeoptera	suborder	3	43	5	3	0.666666666666667	0.766961651917404	NA
pairID974	Dijkstra2014Zygoptera.nwk	Rehn2003Odonata.nwk	G	P	GP	27	0.536283406245803	8.46299533799534	41	44.2040722106007	8	2014	2003	Palaeoptera	suborder	3	122	5	3	0.37037037037037	0.778443113772455	NA
pairID975	Dijkstra2014Zygoptera.nwk	SimonsenGlahder2022Lestidae.nwk	G	G	GG	16	0.0846772509051832	12.2	4	8.30662386291807	14	2014	2022	Palaeoptera	suborder	9	0	5	-3	0.9375	0.896551724137931	NA
pairID976	Dikow2009Asilidae.nwk	GalinskayaAstakhov2020Asilidae.nwk	C	G	CG	14	0.38439141583514	5.43333333333333	12	10.2469507659596	5	2009	2020	Diptera	family	8	211	3	2	0.428571428571429	0.692913385826772	NA
pairID977	Dikow2009Asilidae.nwk	Shin2018.nwk	C	G	CG	80	0.232155339035572	62.0033789245141	140	68.0881781221968	50	2009	2018	Diptera	superfamily	25	211	4	-15	0.9625	0.0960698689956332	NA
pairID978	DingLi2019Plecoptera.nwk	LetschSimon2021Plecoptera.nwk	M	O	MO	23	0.216723270340987	16.6176470588235	29	13.2664991614216	18	2019	2021	Polyneoptera	order	3010	0	6	-2984	0.565217391304348	0.0530785562632696	NA
pairID979	DingLi2019Plecoptera.nwk	WangCao2022Peltoperlidae.nwk	M	M	MM	11	0.139554454057071	7.08333333333333	3	6.48074069840786	10	2019	2022	Polyneoptera	superfamily	26	0	4	0	0.636363636363636	0.471698113207547	NA
pairID980	DingLi2019Plecoptera.nwk	WangCao2022Systellognatha.nwk	M	M	MM	11	0.139554454057071	7.08333333333333	3	6.48074069840786	10	2019	2022	Polyneoptera	superfamily	26	0	4	0	0.636363636363636	0.454545454545455	NA
pairID981	DingLi2019Plecoptera.nwk	WangYang2025Plecoptera.nwk	M	M	MM	23	0.169080876889521	17.572619047619	20	10.8627804912002	19	2019	2025	Polyneoptera	order	28	0	6	-2	0.782608695652174	0.247524752475248	NA
pairID985	DingYu2019Entomobrya.nwk	ZhangChen2014Entomobryidae.nwk	G	G	GG	14	0.520755458821325	6.81547619047619	22	14.1774468787578	9	2019	2014	Other	family	6	0	3	0	1	0.723404255319149	NA
pairID987	Djernaes2020Blaberoidea.nwk	DjernaesKlass2012Blattodea.nwk	G	G	GG	29	0.146763879753783	23.2439309056956	25	18.3303027798234	19	2020	2012	Polyneoptera	order	12	0	6	2	0.862068965517241	0.801587301587302	NA
pairID988	Djernaes2020Blaberoidea.nwk	DjernaesMurienne2022Blattoidea.nwk	G	G	GG	14	0.207018702343791	9.44285714285714	11	11.2249721603218	11	2020	2022	Polyneoptera	order	16	0	6	-2	0.928571428571429	0.583815028901734	NA
pairID989	Djernaes2020Blaberoidea.nwk	DumansGrimaldi2017Blattodea.nwk	G	M	GM	11	0.146296350598711	7.08333333333333	3	2.64575131106459	10	2020	2017	Polyneoptera	order	20	0	6	-6	0.727272727272727	0.841666666666667	NA
pairID990	Djernaes2020Blaberoidea.nwk	Evangelista2018Blattodea.nwk	G	G	GG	74	0.205886504410834	58.7479252659626	117	55.659680200303	48	2020	2018	Polyneoptera	order	13	0	6	1	0.932432432432432	0.195736434108527	NA
pairID991	Djernaes2020Blaberoidea.nwk	Evangelista2019Blattodea.nwk	G	O	GO	25	0.273289362378955	17.3125	32	17.3493515728975	12	2020	2019	Polyneoptera	order	2377	0	6	-2363	0.6	0.66887417218543	NA
pairID992	Djernaes2020Blaberoidea.nwk	LiuZhang2023Blattodea.nwk	G	O	GO	34	0.264940992290504	24.2321428571429	43	25.0599281722833	19	2020	2023	Polyneoptera	order	1960	0	6	-1946	0.588235294117647	0.604790419161677	NA
pairID993	Djernaes2020Blaberoidea.nwk	Wang2017Blattodea.nwk	G	G	GG	39	0.25898283044192	28.331884057971	55	20.8086520466848	24	2020	2017	Polyneoptera	order	12	0	6	2	0.769230769230769	0.590643274853801	NA
pairID994	Djernaes2020Blaberoidea.nwk	WangZhang2023Blaberoidea.nwk	G	M	GM	36	0.273791109268213	25.5405695611578	54	28.4077454226836	20	2020	2023	Polyneoptera	order	46	0	6	-32	0.722222222222222	0.397637795275591	NA
pairID1000	DjernaesKlass2012Blattodea.nwk	LiuZhang2023Blattodea.nwk	G	O	GO	23	0.229046217084892	16.949635452267	24	13.2664991614216	16	2012	2023	Other	order	1958	0	6	-1948	0.782608695652174	0.428571428571429	NA
pairID1001	DjernaesKlass2012Blattodea.nwk	MaekawaMatsumoto2000Blattaria.nwk	G	B	NA	7	0.216781933149046	3.33333333333333	2	9.21954445729289	4	2012	2000	Other	order	6	0	6	4	0.714285714285714	0.80952380952381	NA
pairID1002	DjernaesKlass2012Blattodea.nwk	Wang2017Blattodea.nwk	G	G	GG	22	0.28533577667664	14.8166248955723	27	13.5277492584687	15	2012	2017	Other	superorder	10	0	7	0	0.727272727272727	0.375	NA
pairID1003	DjernaesKlass2012Blattodea.nwk	WangZhang2023Blaberoidea.nwk	G	M	GM	25	0.208050035155028	19.1818376068376	23	16.8522995463527	18	2012	2023	Other	order	44	0	6	-34	0.8	0.241706161137441	NA
pairID1004	DjernaesKlass2012Blattodea.nwk	WareLitman2008Dictyoptera.nwk	G	C	CG	20	0.300141790330505	9.2	20	12.2882057274445	10	2012	2008	Other	order	9	175	6	1	0.45	0.536842105263158	NA
pairID996	DjernaesKlass2012Blattodea.nwk	DjernaesMurienne2022Blattoidea.nwk	G	G	GG	8	0.162756072874927	4.33333333333333	2	4.58257569495584	4	2012	2022	Other	superfamily	14	0	4	-4	0.875	0.392307692307692	NA
pairID997	DjernaesKlass2012Blattodea.nwk	DumansGrimaldi2017Blattodea.nwk	G	M	GM	9	0.127621593498722	5.33333333333333	2	1.4142135623731	8	2012	2017	Other	order	18	0	6	-8	0.666666666666667	0.708333333333333	NA
pairID998	DjernaesKlass2012Blattodea.nwk	Evangelista2018Blattodea.nwk	G	G	GG	43	0.149855906232576	34.05641996892	38	20.6397674405503	33	2012	2018	Other	superorder	11	0	7	-1	0.813953488372093	0.102	NA
pairID999	DjernaesKlass2012Blattodea.nwk	Evangelista2019Blattodea.nwk	G	O	GO	21	0.203573622957868	15.4781746031746	18	10.4403065089106	15	2012	2019	Other	superorder	2375	0	7	-2365	0.761904761904762	0.51	NA
pairID1005	DjernaesMurienne2022Blattoidea.nwk	DumansGrimaldi2017Blattodea.nwk	G	M	GM	8	0	5	0	0	8	2022	2017	Polyneoptera	order	22	0	6	-4	0.75	0.810810810810811	NA
pairID1006	DjernaesMurienne2022Blattoidea.nwk	Evangelista2018Blattodea.nwk	G	G	GG	36	0.139210245389638	29.0091596638655	35	24.7991935352745	29	2022	2018	Polyneoptera	order	15	0	6	3	0.888888888888889	0.166051660516605	NA
pairID1007	DjernaesMurienne2022Blattoidea.nwk	Evangelista2019Blattodea.nwk	G	O	GO	11	0.273867172007685	6.48888888888889	8	6.32455532033676	8	2022	2019	Polyneoptera	order	2379	0	6	-2361	0.818181818181818	0.616438356164384	NA
pairID1008	DjernaesMurienne2022Blattoidea.nwk	LiuZhang2023Blattodea.nwk	G	O	GO	14	0.262557005763906	8.825	13	9.59166304662544	11	2022	2023	Polyneoptera	order	1962	0	6	-1944	0.857142857142857	0.548780487804878	NA
pairID1009	DjernaesMurienne2022Blattoidea.nwk	MaekawaMatsumoto2000Blattaria.nwk	G	B	NA	7	0	4	0	5.56776436283002	5	2022	2000	Polyneoptera	order	10	0	6	8	1	0.9	NA
pairID1010	DjernaesMurienne2022Blattoidea.nwk	Wang2017Blattodea.nwk	G	G	GG	22	0.156206228881044	16.5630720157036	15	15	18	2022	2017	Polyneoptera	order	14	0	6	4	1	0.538922155688623	NA
pairID1011	DjernaesMurienne2022Blattoidea.nwk	WangZhang2023Blaberoidea.nwk	G	M	GM	15	0.19239138584532	10.2727272727273	11	9.53939201416946	11	2022	2023	Polyneoptera	order	48	0	6	-30	0.933333333333333	0.3515625	NA
pairID1013	DongZhao2022Anoplura.nwk	Leonardi2019Echinophthiriidae.nwk	M	O	MO	6	0	3	0	0	6	2022	2019	Other	suborder	1035	0	5	-1009	1	0.91304347826087	NA
pairID1014	DongZhao2022Anoplura.nwk	LightSmith2010Anoplura.nwk	M	G	GM	7	0	4	0	0	7	2022	2010	Other	order	16	0	6	10	1	0.344262295081967	NA
pairID1015	DongZhao2022Anoplura.nwk	NieFu2021Philopteridae.nwk	M	M	MM	6	0.343074842208707	2.25	3	2.64575131106459	5	2022	2021	Other	order	25	0	6	1	1	0.583333333333333	NA
pairID1016	DongZhao2022Anoplura.nwk	ShaoBarker2015Phthiraptera.nwk	M	M	MM	6	0.343074842208707	2.25	3	2.64575131106459	5	2022	2015	Other	order	26	0	6	0	1	0.7	NA
pairID1017	DongZhao2022Anoplura.nwk	ShaoLi2017Anoplura.nwk	M	M	MM	11	0	8	0	0	11	2022	2017	Other	order	23	0	6	3	1	0.75	NA
pairID1018	DongZhao2022Anoplura.nwk	SongLi2019Phthiraptera.nwk	M	M	MM	11	0	8	0	0	11	2022	2019	Other	order	23	0	6	3	1	0.538461538461538	NA
pairID1019	DongZhu2016Papilionidae.nwk	WuSong2016Papilioninae.nwk	M	M	MM	7	0	4	0	0	7	2016	2016	Lepidoptera	family	26	0	3	0	1	0.6875	NA
pairID1020	Doorenweerd2017Nepticulidae.nwk	Regier2013Lepidoptera.nwk	G	G	GG	6	0	3	0	5.29150262212918	4	2017	2013	Lepidoptera	subfamily	27	0	3	-11	0.833333333333333	0.345272206303725	NA
pairID1021	Dorchin2019Cecidomyiidae.nwk	Elsayed2023Cecidomyiidae.nwk	G	G	GG	26	0.0964730454925453	21.6666666666667	14	19.4935886896179	19	2019	2023	Diptera	subfamily	10	0	3	0	0.884615384615385	0.944444444444444	NA
pairID1022	Dorchin2019Cecidomyiidae.nwk	LimBang2024Sciaroidea.nwk	G	G	GG	66	0.370980843373884	41.7666296203796	197	137.444534267464	35	2019	2024	Diptera	family	11	0	3	-1	0.878787878787879	0.304347826086957	NA
pairID1023	Dorchin2019Cecidomyiidae.nwk	Sikora2019Cecidomyiidae.nwk	G	G	GG	17	0.0664513910281824	13.2	4	21.095023109729	14	2019	2019	Diptera	family	14	0	3	-4	0.823529411764706	0.668539325842697	NA
pairID1024	Dorchin2021Eucerini.nwk	Freitas2022Eucerinae.nwk	G	O	GO	6	0	3	0	0	6	2021	2022	Hymenoptera	tribe	133	0	2	-121	0.833333333333333	0.392344497607655	NA
pairID1025	DouglasKonstantinov2023Alticini.nwk	KirschOkamura2025Chrysomelidae.nwk	O	O	OO	18	0.0396142268351226	14.3333333333333	2	10.3923048454133	11	2023	2025	Coleoptera	family	1030	0	3	-40	0.444444444444444	0.627118644067797	AHE.TR
pairID1026	DouglasKonstantinov2023Alticini.nwk	LinardVogler2018.nwk	O	M	MO	56	0.314897740009383	37.401302104604	102	42.5675933075855	23	2023	2018	Coleoptera	family	511	0	3	479	0.267857142857143	0.0105034065102195	NA
pairID1027	DouglasKonstantinov2023Alticini.nwk	NieBreeschoten2018Galerucinae.nwk	O	M	MO	27	0.379431123705926	16.8093101343101	45	17.3493515728975	15	2023	2018	Coleoptera	subfamily	510	0	3	480	0.222222222222222	0.536231884057971	NA
pairID1028	DouglasKonstantinov2023Alticini.nwk	ZhangSong2022Chrysomelidae.nwk	O	M	MO	46	0.364627015326027	30.0164627039627	93	45.5302097513288	22	2023	2022	Coleoptera	family	508	0	3	482	0.195652173913043	0.390845070422535	NA
pairID1029	DouglasKundrata2021Elateroidea.nwk	Kundrata2016Elateriformia.nwk	O	G	GO	26	0.471750056889907	14.3232919254658	64	54.972720507539	13	2021	2016	Coleoptera	family	2264	0	3	2256	0.384615384615385	0.253822629969419	NA
pairID1030	DouglasKundrata2021Elateroidea.nwk	KundrataBocak2011Elateridae.nwk	O	G	GO	29	0.411407314637759	17.1556277056277	60	29.4448637286709	14	2021	2011	Coleoptera	superfamily	2264	0	4	2256	0.551724137931034	0.5	NA
pairID1031	DouglasKundrata2021Elateroidea.nwk	KundrataBocakova2013Elateroidea.nwk	O	G	GO	28	0.532131437545649	14.1393517009306	81	40.7921561087423	12	2021	2013	Coleoptera	family	2264	0	3	2256	0.392857142857143	0.453551912568306	NA
pairID1032	DouglasKundrata2021Elateroidea.nwk	MotykaKusy2023Elateridae.nwk	O	O	OO	15	0.216138795908839	10.225	7	11.4455231422596	11	2021	2023	Coleoptera	family	2326	0	3	2194	0.4	0.805825242718447	NA
pairID1033	DouglasKundrata2021Elateroidea.nwk	ZhangChe2018Coleoptera.nwk	O	O	OO	10	0.380418238125619	5.21666666666667	7	8.06225774829855	6	2021	2018	Coleoptera	family	2355	0	3	2165	0.6	0.213367609254499	NA
pairID1035	DowtonAustin1998Braconidae.nwk	ShiChen2005Braconidae.nwk	G	C	CG	10	0.103255779531413	6.33333333333333	2	1.4142135623731	9	1998	2005	Hymenoptera	family	5	96	3	-1	0.7	0.159574468085106	NA
pairID1036	DresslerGe2011Adephaga.nwk	MckennaWild2015Coleoptera.nwk	P	G	GP	21	0.319367779607073	12.4652777777778	25	16.2172747402269	13	2011	2015	Coleoptera	suborder	8	145	5	-8	0.904761904761905	0.116094986807388	NA
pairID1037	DresslerGe2011Adephaga.nwk	ZhangChe2018Coleoptera.nwk	P	O	NA	9	0.169829003194892	4.33333333333333	2	1.4142135623731	7	2011	2018	Coleoptera	suborder	95	145	5	-95	0.666666666666667	0.125714285714286	NA
pairID1038	DuanLiu2025Siphonaptera.nwk	FuXun2024Siphonaptera.nwk	M	M	MM	23	0.170882194916649	17.45	18	20.2237484161567	13	2025	2024	Other	order	26	0	6	0	0.956521739130435	0.961538461538462	NA
pairID1039	DuanLiu2025Siphonaptera.nwk	LinPu2024Siphonaptera.nwk	M	M	MM	24	0.0365060628736425	20.2	4	2.64575131106459	23	2025	2024	Other	superorder	28	0	7	-2	0.916666666666667	0.925925925925926	NA
pairID1040	DuanLiu2025Siphonaptera.nwk	LinPu2025Pygiopsyllidae.nwk	M	M	MM	25	0.0272278854489995	21.7142857142857	2	3.16227766016838	24	2025	2025	Other	superorder	26	0	7	0	0.96	0.925925925925926	NA
pairID1041	DuanLiu2025Siphonaptera.nwk	LinPu2025Siphonaptera.nwk	M	M	MM	23	0.183600034796871	17.9783882783883	21	22.956480566498	15	2025	2025	Other	superorder	26	0	7	0	1	0.961538461538462	NA
pairID1042	DuanLiu2025Siphonaptera.nwk	LiuChen2023Siphonaptera.nwk	M	M	MM	10	0.117483525581478	6.5	2	2	9	2025	2023	Other	order	26	0	6	0	1	0.961538461538462	NA
pairID1044	DuanLiu2025Siphonaptera.nwk	PuLin2024Siphonaptera.nwk	M	M	MM	17	0.176815144769357	12.1540404040404	13	18.6010752377383	12	2025	2024	Other	order	28	0	6	-2	0.941176470588235	0.925925925925926	NA
pairID1045	DuanLiu2025Siphonaptera.nwk	PuLinDong2024Amphipsyllinae.nwk	M	M	MM	23	0.165387014711954	18.2402597402597	17	17.1755640373177	19	2025	2024	Other	superorder	28	0	7	-2	0.91304347826087	0.925925925925926	NA
pairID1046	DuanLiu2025Siphonaptera.nwk	WeiJia2022Siphonaptera.nwk	M	M	MM	7	0	4	0	0	7	2025	2022	Other	order	26	0	6	0	0.857142857142857	0.862068965517241	NA
pairID1047	DuanLiu2025Siphonaptera.nwk	ZhangFu2022Siphonaptera.nwk	M	M	MM	9	0	6	0	0	9	2025	2022	Other	superorder	26	0	7	0	1	0.36231884057971	NA
pairID1048	DuanLiu2025Siphonaptera.nwk	ZhouLiu2024Siphonaptera.nwk	M	G	GM	8	0.362141354931442	3.8	6	5	6	2025	2024	Other	order	18	0	6	8	0.875	0.5	NA
pairID1049	DuanLiu2025Siphonaptera.nwk	ZuritaMatthee2025Ceratophyllomorpha.nwk	M	G	GM	10	0.46210648484854	4.71666666666667	12	10.6301458127346	7	2025	2025	Other	order	20	0	6	6	0.7	0.153374233128834	NA
pairID1050	DuanQuan2017Coleoptera.nwk	HuntBergsten2007Coleoptera.nwk	M	G	GM	30	0.379304903549086	18.8100048100048	60	31.6385840391128	15	2017	2007	Coleoptera	order	16	0	6	10	0.366666666666667	0.0290812954395241	NA
pairID1051	DuanQuan2017Coleoptera.nwk	Kaltenpoth2012Endopterygota.nwk	M	M	MM	22	0.297668914945233	14	28	35.1283361405006	13	2017	2012	Coleoptera	superorder	30	0	7	-4	0.909090909090909	0.392857142857143	NA
pairID1052	DuanQuan2017Coleoptera.nwk	LinardVogler2018.nwk	M	M	MM	39	0.23309481195778	28.2008433758434	55	27.4043792120894	25	2017	2018	Coleoptera	order	29	0	6	-3	0.846153846153846	0.00419727177334732	NA
pairID1054	DuanQuan2017Coleoptera.nwk	Uribe2016Elateroidea.nwk	M	M	MM	8	0.17903380457159	4.6	2	2.44948974278318	7	2017	2016	Coleoptera	infraorder	26	0	5	0	0.875	0.862745098039216	NA
pairID1055	DuanQuan2017Coleoptera.nwk	WangHong2017Elateroidea.nwk	M	M	MM	5	0	2	0	2.44948974278318	3	2017	2017	Coleoptera	superfamily	26	0	4	0	1	0.830188679245283	NA
pairID1058	DumansGrimaldi2017Blattodea.nwk	Evangelista2018Blattodea.nwk	M	G	GM	25	0.140571279960714	19.2772727272727	13	6.92820323027551	21	2017	2018	Other	superorder	19	0	7	7	0.68	0.0565656565656566	NA
pairID1059	DumansGrimaldi2017Blattodea.nwk	Evangelista2019Blattodea.nwk	M	O	MO	11	0.0983988320462175	7.66666666666667	2	2.82842712474619	10	2017	2019	Other	order	2383	0	6	-2357	0.545454545454545	0.32183908045977	NA
pairID1060	DumansGrimaldi2017Blattodea.nwk	LiuLiu2016Blattaria.nwk	M	M	MM	8	0	5	0	0	8	2017	2016	Other	order	28	0	6	-2	1	0.933333333333333	NA
pairID1061	DumansGrimaldi2017Blattodea.nwk	LiuLiu2023Mantodea.nwk	M	M	MM	9	0	6	0	0	9	2017	2023	Other	superorder	28	0	7	-2	0.777777777777778	0.285714285714286	NA
pairID1062	DumansGrimaldi2017Blattodea.nwk	LiuZhang2023Blattodea.nwk	M	O	MO	12	0.177182687209021	7.82142857142857	6	4.12310562561766	10	2017	2023	Other	order	1966	0	6	-1940	0.583333333333333	0.261682242990654	NA
pairID1063	DumansGrimaldi2017Blattodea.nwk	MaZhang2023Mantodea.nwk	M	M	MM	9	0	6	0	0	9	2017	2023	Other	superorder	28	0	7	-2	1	0.252252252252252	NA
pairID1064	DumansGrimaldi2017Blattodea.nwk	MaekawaMatsumoto2000Blattaria.nwk	M	B	NA	7	0.224187178421862	3.33333333333333	2	8.77496438739212	3	2017	2000	Other	order	14	0	6	12	0.714285714285714	0.7	NA
pairID1065	DumansGrimaldi2017Blattodea.nwk	Wang2017Blattodea.nwk	M	G	GM	17	0.237838654963706	11.0222222222222	14	9.1104335791443	13	2017	2017	Other	superorder	18	0	7	8	0.647058823529412	0.23728813559322	NA
pairID1066	DumansGrimaldi2017Blattodea.nwk	WangZhang2023Blaberoidea.nwk	M	M	MM	14	0.199222818262706	9.50833333333333	9	7.14142842854285	12	2017	2023	Other	superorder	52	0	7	-26	0.928571428571429	0.143589743589744	NA
pairID1067	DumansGrimaldi2017Blattodea.nwk	WareLitman2008Dictyoptera.nwk	M	C	NA	18	0.296699251288388	6.75	9	8.18535277187245	5	2017	2008	Other	order	17	175	6	9	0.388888888888889	0.378378378378378	NA
pairID1068	DumansGrimaldi2017Blattodea.nwk	ZhangYu2018Mantodea.nwk	M	M	MM	9	0	6	0	0	9	2017	2018	Other	superorder	26	0	7	0	1	0.509090909090909	NA
pairID1070	Dumont2010Odonata.nwk	GoodmanAbbott2025Somatochlora.nwk	G	O	GO	9	0	6	0	0	9	2010	2025	Palaeoptera	superfamily	575	0	4	-567	0.777777777777778	0.77112676056338	NA
pairID1071	Dumont2010Odonata.nwk	GuanHan2012Calopteryginae.nwk	G	B	NA	25	0.0953752222433623	16.7666666666667	12	18.9736659610103	16	2010	2012	Palaeoptera	superfamily	5	0	4	3	1	0.931914893617021	NA
pairID1072	Dumont2010Odonata.nwk	JiangLi2021Zygoptera.nwk	G	M	GM	12	0.135971669806016	7.25	5	5.3851648071345	9	2010	2021	Palaeoptera	order	17	0	6	-9	0.833333333333333	0.939914163090129	NA
pairID1073	Dumont2010Odonata.nwk	KohliLetsch2021Odonata.nwk	G	O	GO	40	0.320578291956384	26.0311706844542	78	46.7653718043597	21	2010	2021	Palaeoptera	order	2984	0	6	-2976	0.575	0.727574750830565	NA
pairID1074	Dumont2010Odonata.nwk	LanShen2019Odonata.nwk	G	M	GM	12	0.346801736683097	6.94642857142857	12	9.05538513813742	8	2010	2019	Palaeoptera	order	17	0	6	-9	0.75	0.916317991631799	NA
pairID1076	Dumont2010Odonata.nwk	LiaoLin2023Odonata.nwk	G	M	GM	20	0.163838884389207	14.0272727272727	15	21.3072757526625	12	2010	2023	Palaeoptera	order	17	0	6	-9	0.75	0.858823529411765	NA
pairID1077	Dumont2010Odonata.nwk	MisofAnderson2000Calopteryx.nwk	G	B	NA	10	0.23186719448805	3.5	2	2	6	2010	2000	Palaeoptera	family	5	0	3	3	0.9	0.977678571428571	NA
pairID1078	Dumont2010Odonata.nwk	OGradyMay2003Coenagrionidae.nwk	G	P	GP	18	0.502243311355692	9.21875901875902	35	21.3541565040626	10	2010	2003	Palaeoptera	suborder	4	43	5	4	0.611111111111111	0.737373737373737	NA
pairID1079	Dumont2010Odonata.nwk	PilgrimvonDohlen2008Sympetrinae.nwk	G	G	GG	10	0.452180659657326	3.41666666666667	7	8.66025403784439	4	2010	2008	Palaeoptera	family	7	0	3	1	0.7	0.755172413793103	NA
pairID1080	Dumont2010Odonata.nwk	Rehn2003Odonata.nwk	G	P	GP	21	0.571558216671774	5.46984126984127	25	21.5870331449229	7	2010	2003	Palaeoptera	order	4	122	6	4	0.428571428571429	0.744897959183674	NA
pairID1081	Dumont2010Odonata.nwk	SchneiderVierstraete2023Aeshnidae.nwk	G	G	GG	6	0.491528404008749	2	3	2.64575131106459	5	2010	2023	Palaeoptera	family	6	0	3	2	1	0.682242990654206	NA
pairID1084	Dumont2010Odonata.nwk	XuGuan2018Calopterygidae.nwk	G	M	GM	10	0.434631284988493	4.92857142857143	11	8.66025403784439	6	2010	2018	Palaeoptera	order	17	0	6	-9	0.7	0.920168067226891	NA
pairID1085	Dumont2010Odonata.nwk	ZhangWang2017Odonata.nwk	G	M	GM	11	0.367906537557878	6	11	9.9498743710662	7	2010	2017	Palaeoptera	order	17	0	6	-9	0.727272727272727	0.939914163090129	NA
pairID1086	DumontVanfleteren2005Calopterygoidea.nwk	GuanHan2012Calopteryginae.nwk	G	B	NA	27	0.229396203864407	19.4382736104475	28	16.1864140562386	20	2005	2012	Palaeoptera	superfamily	5	0	4	3	1	0.8	NA
pairID1087	DumontVanfleteren2005Calopterygoidea.nwk	MisofAnderson2000Calopteryx.nwk	G	B	NA	10	0.288796203128394	5.35238095238095	7	4.79583152331272	8	2005	2000	Palaeoptera	family	5	0	3	3	0.9	0.918032786885246	NA
pairID1088	Dyer2008Glossinidae.nwk	Petersen2007Hippoboscoidea.nwk	G	G	GG	5	0	3	0	0	6	2008	2007	Diptera	subgenus	8	0	1	0	1	0.275	NA
pairID1089	Earl2021Papilionoidea.nwk	Espeland2015Riodinidae.nwk	G	G	GG	35	0.283282655089375	25.3645976572447	50	22.113344387496	22	2021	2015	Lepidoptera	superfamily	18	0	4	8	0.628571428571429	0.909321496512365	NA
pairID1090	Earl2021Papilionoidea.nwk	FreitasBrown2004.nwk	G	P	GP	38	0.333813129527449	25.6903452685422	76	33.7638860322683	21	2021	2004	Lepidoptera	family	13	234	3	13	0.789473684210526	0.957915831663327	NA
pairID1091	Earl2021Papilionoidea.nwk	GarzonOrduna2012Hamadryas.nwk	G	P	GP	11	0.40783017124169	5.85714285714286	13	10.1488915650922	7	2021	2012	Lepidoptera	genus	13	93	1	13	0.909090909090909	0.993074792243767	NA
pairID1092	Earl2021Papilionoidea.nwk	Hall2002Theopeina.nwk	G	P	GP	6	0	1	0	0	4	2021	2002	Lepidoptera	tribe	13	104	2	13	1	0.95663775850567	NA
pairID1093	Earl2021Papilionoidea.nwk	HardyOtto2014Heliconiini.nwk	G	G	GG	20	0.0525197994403525	16.2	4	9.8488578017961	13	2021	2014	Lepidoptera	tribe	25	0	2	1	1	0.971544715447154	NA
pairID1094	Earl2021Papilionoidea.nwk	Heikkila2015Ditrysia.nwk	G	C	CG	8	0	5	0	0	8	2021	2015	Lepidoptera	suborder	21	530	5	5	0.75	0.7648	NA
pairID1095	Earl2021Papilionoidea.nwk	Kawahara2019Lepidoptera.nwk	G	O	GO	13	0	10	0	0	13	2021	2019	Lepidoptera	suborder	2111	0	5	-2085	0.846153846153846	0.892901618929016	NA
pairID1096	Earl2021Papilionoidea.nwk	KawaharaStorer2023Papilionoidea.nwk	G	O	GO	467	0.213681693658379	351.859568486875	1339	312.90413867509	248	2021	2023	Lepidoptera	suborder	332	0	5	-306	0.880085653104925	0.447146866230122	NA
pairID1097	Earl2021Papilionoidea.nwk	MayerDietz2021Lepidoptera.nwk	G	O	GO	9	0	6	0	0	9	2021	2021	Lepidoptera	suborder	1848	0	5	-1822	0.888888888888889	0.906447534766119	NA
pairID1098	Earl2021Papilionoidea.nwk	Nazari2007Parnassiinae.nwk	G	C	CG	12	0.141554321438561	7.42857142857143	4	11.5325625946708	7	2021	2007	Lepidoptera	suborder	20	236	5	6	1	0.978171896316507	NA
pairID1099	Earl2021Papilionoidea.nwk	OrtizAcevedo2013Preponini.nwk	G	G	GG	8	0	5	0	0	8	2021	2013	Lepidoptera	tribe	16	0	2	10	1	0.990331491712707	NA
pairID1100	Earl2021Papilionoidea.nwk	Penz1999Heliconiinae.nwk	G	P	GP	11	0.18126689093862	6.78571428571429	7	5.65685424949238	8	2021	1999	Lepidoptera	subfamily	13	146	3	13	0.818181818181818	0.992387543252595	NA
pairID1102	Earl2021Papilionoidea.nwk	PenzPeggie2003.nwk	G	P	GP	8	0.204107761717123	4.2	4	2.64575131106459	7	2021	2003	Lepidoptera	family	13	185	3	13	0.875	0.974847042828008	NA
pairID1103	Earl2021Papilionoidea.nwk	Regier2013Lepidoptera.nwk	G	G	GG	12	0.174886007254264	7.58333333333333	5	2.44948974278318	10	2021	2013	Lepidoptera	suborder	32	0	5	-6	0.833333333333333	0.759936406995231	NA
pairID1105	Earl2021Papilionoidea.nwk	Simonsen2011Papilioninae.nwk	G	C	CG	9	0	6	0	0	9	2021	2011	Lepidoptera	superfamily	20	94	4	6	1	0.984214138641043	NA
pairID1106	Earl2021Papilionoidea.nwk	Talavera2013Polyommatus.nwk	G	G	GG	12	0.289538582802467	6.68333333333333	10	4.47213595499958	9	2021	2013	Lepidoptera	subfamily	22	0	3	4	0.916666666666667	0.945910290237467	NA
pairID1107	Earl2021Papilionoidea.nwk	ValenciaMontoya2021Eumaeini.nwk	G	O	GO	70	0.626513058982408	33.7441931498968	392	325.940178560422	17	2021	2021	Lepidoptera	tribe	392	0	2	-366	0.857142857142857	0.925758553905746	NA
pairID1108	Earl2021Papilionoidea.nwk	Wahlberg2006Nymphalinae.nwk	G	G	GG	23	0.0699230886066818	18.5333333333333	6	14.560219778561	14	2021	2006	Lepidoptera	subfamily	16	0	3	10	0.956521739130435	0.976174268209666	NA
pairID1109	Earl2021Papilionoidea.nwk	WahlbergOliveira2003Phyciodes.nwk	G	B	NA	11	0.180027098735313	7.16666666666667	4	6.92820323027551	9	2021	2003	Lepidoptera	genus	14	0	1	12	1	0.999303135888502	NA
pairID1110	Earl2021Papilionoidea.nwk	WahlbergWheat2008Lepidoptera.nwk	G	G	GG	10	0	7	0	0	10	2021	2008	Lepidoptera	family	24	0	3	2	0.9	0.968264686022957	NA
pairID1112	Earl2021Papilionoidea.nwk	Wiemers2020Papilionoidea.nwk	G	G	GG	40	0.112155731890509	33.4377477477477	31	16.2788205960997	35	2021	2020	Lepidoptera	suborder	25	0	5	1	0.975	0.761550716941051	NA
pairID1113	Earl2021Papilionoidea.nwk	Willmott2003Adelpha.nwk	G	P	GP	8	1	0.333333333333333	2	1.4142135623731	3	2021	2003	Lepidoptera	genus	13	114	1	13	1	0.959197324414716	NA
pairID1114	EimanifarKimball2017Apis.nwk	LoGloag2010Apis.nwk	M	G	GM	7	0	4	0	3.60555127546399	6	2017	2010	Hymenoptera	genus	16	0	1	10	1	0.583333333333333	NA
pairID1115	EimanifarKimball2017Apis.nwk	WakamiyaTingek2017Apis.nwk	M	M	MM	6	0	3	0	3	5	2017	2017	Hymenoptera	genus	26	0	1	0	1	0.875	NA
pairID1116	Elsayed2023Cecidomyiidae.nwk	LimBang2024Sciaroidea.nwk	G	G	GG	22	0.3870549279485	13.3059523809524	30	21.6333076527839	11	2023	2024	Diptera	subfamily	11	0	3	-1	0.954545454545455	0.093841642228739	NA
pairID1117	EscalonaLawrence2015Boganiidae.nwk	MckennaWild2015Coleoptera.nwk	P	G	GP	14	0.700017176438562	5.08499278499279	32	21.2837966537928	7	2015	2015	Coleoptera	infraorder	8	102	5	-8	0.928571428571429	0.0604395604395604	NA
pairID1118	EscalonaLawrence2015Boganiidae.nwk	RobertsonSlipinski2015Cucujoidea.nwk	P	G	GP	16	0.58714859781524	7.41529304029304	31	24.3310501211929	9	2015	2015	Coleoptera	infraorder	8	102	5	-8	0.375	0.0728476821192053	NA
pairID1119	EscalonaLawrence2015Boganiidae.nwk	ZhangChe2018Coleoptera.nwk	P	O	NA	12	0.608509437064712	4.90714285714286	20	15.9687194226713	7	2015	2018	Coleoptera	superfamily	95	102	4	-95	0.5	0.0670731707317073	NA
pairID1120	EscalonaSlipinski2012Microweiseinae.nwk	RobertsonSlipinski2015Cucujoidea.nwk	P	G	GP	10	0	3	0	0	6	2012	2015	Coleoptera	family	8	45	3	-8	0.8	0.0855263157894737	NA
pairID1121	EscalonaZwick2017Coccinellini.nwk	LinardVogler2018.nwk	G	M	GM	30	0.349120297919936	19.1399517149517	49	35.5105618091294	14	2017	2018	Coleoptera	subfamily	20	0	3	-12	0.633333333333333	0.00476009139375476	NA
pairID1122	EscalonaZwick2017Coccinellini.nwk	MagroLecompte2010Coccinellidae.nwk	G	G	GG	22	0.382327016618224	13.1003968253968	37	21.8403296678416	11	2017	2010	Coleoptera	subfamily	10	0	3	-2	0.5	0.515463917525773	NA
pairID1123	EscalonaZwick2017Coccinellini.nwk	SongLi2020Coccinellidae.nwk	G	M	GM	15	0.337507341408466	8.63333333333333	19	11.8321595661992	10	2017	2020	Coleoptera	tribe	41	0	2	-33	0.466666666666667	0.694444444444444	NA
pairID1124	EscalonaZwick2017Coccinellini.nwk	TomaszewskaEscalona2021Coccinellini.nwk	G	G	GG	48	0.183404949466658	37.7503846153846	67	46.6047207909242	31	2017	2021	Coleoptera	family	10	0	3	-2	0.958333333333333	0.335570469798658	NA
pairID1126	Espeland2015Riodinidae.nwk	Kaliszewska2015Miletinae.nwk	G	G	GG	6	0.343074842208707	2.25	3	2.64575131106459	5	2015	2015	Lepidoptera	family	12	0	3	-2	1	0.691056910569106	NA
pairID1127	Espeland2015Riodinidae.nwk	KawaharaStorer2023Papilionoidea.nwk	G	O	GO	98	0.234556378014084	71.976771743365	172	86.5332306111357	63	2015	2023	Lepidoptera	superfamily	324	0	4	-314	0.63265306122449	0.0738167607468519	NA
pairID1128	Evangelista2018Blattodea.nwk	Evangelista2019Blattodea.nwk	G	O	GO	36	0.129457432633319	28.5111111111111	20	15.2643375224737	29	2018	2019	Polyneoptera	superorder	2376	0	7	-2364	0.472222222222222	0.91214953271028	NA
pairID1129	Evangelista2018Blattodea.nwk	LeeHan2017Reticulitermes.nwk	G	M	GM	7	0.23186719448805	3.5	2	3	6	2018	2017	Polyneoptera	family	19	0	3	-7	1	0.989858012170385	NA
pairID1130	Evangelista2018Blattodea.nwk	LiuLiu2016Blattaria.nwk	G	M	GM	8	0.219035286381712	4.33333333333333	4	2.44948974278318	7	2018	2016	Polyneoptera	order	21	0	6	-9	0.875	0.993890020366599	NA
pairID1131	Evangelista2018Blattodea.nwk	LiuZhang2023Blattodea.nwk	G	O	GO	38	0.240537066643643	27.5434523809524	49	21.2367605815953	27	2018	2023	Polyneoptera	superorder	1959	0	7	-1947	0.605263157894737	0.885662431941924	NA
pairID1132	Evangelista2018Blattodea.nwk	MaekawaMatsumoto2000Blattaria.nwk	G	B	NA	15	0.150141751091589	10.8	9	22	8	2018	2000	Polyneoptera	order	7	0	6	5	0.933333333333333	0.993890020366599	NA
pairID1133	Evangelista2018Blattodea.nwk	MisofLiu2014Hexapoda.nwk	G	O	GO	18	0.126584784061684	13.4666666666667	8	8.71779788708135	16	2018	2014	Polyneoptera	superorder	1484	0	7	-1472	0.388888888888889	0.79349593495935	NA
pairID1134	Evangelista2018Blattodea.nwk	RochaCancello2012Syntermitinae.nwk	G	P	GP	10	0.489714670274654	1.33333333333333	2	2	4	2018	2012	Polyneoptera	family	6	57	3	6	0.6	0.953125	NA
pairID1135	Evangelista2018Blattodea.nwk	SvensonWhiting2004Mantodea.nwk	G	G	GG	15	0.33740520803773	8.33095238095238	17	11.0905365064094	11	2018	2004	Polyneoptera	superorder	11	0	7	1	0.4	0.927756653992395	NA
pairID1137	Evangelista2018Blattodea.nwk	Wang2017Blattodea.nwk	G	G	GG	61	0.239588569320255	45.4283400995369	98	41.6773319683494	31	2018	2017	Polyneoptera	superorder	11	0	7	1	0.770491803278688	0.900369003690037	NA
pairID1138	Evangelista2018Blattodea.nwk	WangZhang2023Blaberoidea.nwk	G	M	GM	53	0.282755284930672	37.7363063195791	108	42.0238027789014	32	2018	2023	Polyneoptera	superorder	45	0	7	-33	0.754716981132076	0.777070063694268	NA
pairID1139	Evangelista2018Blattodea.nwk	WangZhu2016Rhinotermitidae.nwk	G	M	GM	10	0	7	0	0	10	2018	2016	Polyneoptera	superfamily	19	0	4	-7	1	0.989858012170385	NA
pairID1141	Evangelista2018Blattodea.nwk	Wieland2013Mantodea.nwk	G	P	GP	21	0.671480993937987	8.74720993660622	56	33.6749164809655	10	2018	2013	Polyneoptera	superorder	6	152	7	6	0.285714285714286	0.848695652173913	NA
pairID1142	Evangelista2019Blattodea.nwk	LiuZhang2023Blattodea.nwk	O	O	OO	44	0.0288366510079813	39.6190476190476	7	4.24264068711928	42	2019	2023	Polyneoptera	superorder	4323	0	7	417	0.977272727272727	0.605504587155963	TR.TR
pairID1143	Evangelista2019Blattodea.nwk	MaekawaMatsumoto2000Blattaria.nwk	O	B	NA	9	0.296289031403771	4.83333333333333	6	10.9087121146357	5	2019	2000	Polyneoptera	order	2371	0	6	2369	0.666666666666667	0.857142857142857	NA
pairID1144	Evangelista2019Blattodea.nwk	MisofLiu2014Hexapoda.nwk	O	O	OO	21	0	18	0	0	21	2019	2014	Polyneoptera	superorder	3848	0	7	892	0.761904761904762	0.358695652173913	TR.TR
pairID1145	Evangelista2019Blattodea.nwk	Wang2017Blattodea.nwk	O	G	GO	29	0.235403549342972	20.3015250544662	36	16.1864140562386	16	2019	2017	Polyneoptera	order	2375	0	6	2365	0.482758620689655	0.431372549019608	NA
pairID1146	Evangelista2019Blattodea.nwk	WangZhang2023Blaberoidea.nwk	O	M	MO	28	0.123373072831467	22.4574175824176	21	22.5166604983954	21	2019	2023	Polyneoptera	order	2409	0	6	2331	0.642857142857143	0.289473684210526	NA
pairID1148	EvansMcKenna2015Buprestoidea.nwk	Kundrata2016Elateriformia.nwk	G	G	GG	52	0.529276900587495	27.9068218068935	181	79.4166229450737	20	2015	2016	Coleoptera	superfamily	8	0	4	0	0.865384615384615	0.373493975903614	NA
pairID1149	EvansMcKenna2015Buprestoidea.nwk	LinardVogler2018.nwk	G	M	GM	95	0.460202246061193	59.0517276029409	380	136.268118061416	34	2015	2018	Coleoptera	infraorder	20	0	5	-12	0.926315789473684	0.0117994100294985	NA
pairID1150	FailleRibera2010Trechini.nwk	LinardVogler2018.nwk	G	M	GM	28	0.379504078295324	16.5247469197469	49	29.3087017795057	14	2010	2018	Coleoptera	tribe	23	0	2	-9	1	0.00353188239786178	NA
pairID1151	Faircloth2015Hymenoptera.nwk	JuveWeyna2025Messor.nwk	O	O	OO	10	0	7	0	5.8309518948453	6	2015	2025	Hymenoptera	subfamily	3245	0	3	-1803	1	0.242424242424242	UCE.UCE
pairID1152	Faircloth2015Hymenoptera.nwk	LinSong2023Formicidae.nwk	O	M	MO	11	0.122574651486915	7.2	4	4.69041575982343	10	2015	2023	Hymenoptera	family	734	0	3	708	0.636363636363636	0.341880341880342	NA
pairID1153	Faircloth2015Hymenoptera.nwk	RomiguierBorowiec2022Formicidae.nwk	O	O	OO	12	0	9	0	0	12	2015	2022	Hymenoptera	infraorder	5136	0	5	-3694	0.75	0.377358490566038	UCE.UCE
pairID1154	FangWang2023Chironomidae.nwk	Lin2021Prodiamesinae.nwk	M	M	MM	8	0	5	0	4.69041575982343	6	2023	2021	Diptera	family	30	0	3	0	1	0.848484848484849	NA
pairID1155	FartyalGao2013Colocasiomyia.nwk	FinetKassner2021Drosophilidae.nwk	P	G	GP	10	0.400770236819322	4.78333333333333	12	8.48528137423857	6	2013	2021	Diptera	tribe	17	70	2	-17	1	0.0241477272727273	NA
pairID1157	FeindtHerzog2016Zygoptera.nwk	XuGuan2018Calopterygidae.nwk	M	M	MM	6	0.308181620264318	2.33333333333333	2	2.64575131106459	5	2016	2018	Palaeoptera	infraclass	28	0	7	2	1	0.230769230769231	NA
pairID1158	FeindtHerzog2016Zygoptera.nwk	ZhangWang2017Odonata.nwk	M	M	MM	6	0.308181620264318	2.33333333333333	2	2.64575131106459	5	2016	2017	Palaeoptera	infraclass	28	0	7	2	1	0.272727272727273	NA
pairID1159	FeindtOsigus2016Zygoptera.nwk	JiangLi2021Zygoptera.nwk	M	M	MM	8	0.17903380457159	4.6	2	3.46410161513775	7	2016	2021	Palaeoptera	order	28	0	6	2	1	0.433333333333333	NA
pairID1160	FeindtOsigus2016Zygoptera.nwk	KimJeong2018Odonata.nwk	M	M	MM	12	0.284486552085036	7.09722222222222	14	12.8062484748657	9	2016	2018	Palaeoptera	order	28	0	6	2	0.916666666666667	0.5	NA
pairID1161	FeindtOsigus2016Zygoptera.nwk	LanShen2019Odonata.nwk	M	M	MM	13	0.264144227223242	8.24444444444444	15	12.9614813968157	9	2016	2019	Palaeoptera	order	28	0	6	2	0.846153846153846	0.419354838709677	NA
pairID1162	FeindtOsigus2016Zygoptera.nwk	LiaoLin2023Odonata.nwk	M	M	MM	13	0.215959531952202	8.58333333333333	11	13.2664991614216	9	2016	2023	Palaeoptera	order	28	0	6	2	0.923076923076923	0.245283018867925	NA
pairID1163	FeindtOsigus2016Zygoptera.nwk	XuGuan2018Calopterygidae.nwk	M	M	MM	13	0.264144227223242	8.24444444444444	15	12.9614813968157	9	2016	2018	Palaeoptera	order	28	0	6	2	0.923076923076923	0.481481481481481	NA
pairID1164	FeindtOsigus2016Zygoptera.nwk	YongSong2016Odonata.nwk	M	M	MM	10	0.212185685556515	5.95238095238095	7	6.48074069840786	7	2016	2016	Palaeoptera	order	28	0	6	2	0.9	0.590909090909091	NA
pairID1165	FeindtOsigus2016Zygoptera.nwk	ZhangWang2017Odonata.nwk	M	M	MM	13	0.264144227223242	8.24444444444444	15	12.9614813968157	9	2016	2017	Palaeoptera	order	28	0	6	2	0.923076923076923	0.565217391304348	NA
pairID1166	FengYitong2017Paronellidae.nwk	GodeiroBellini2021Entomobryoidea.nwk	G	M	GM	15	0.551563448952365	2.41666666666667	6	5.29150262212918	5	2017	2021	Other	order	17	0	6	-9	0.866666666666667	0.563380281690141	NA
pairID1169	FengYitong2017Paronellidae.nwk	YuZhang2015Tomoceridae.nwk	G	G	GG	13	0	1	0	0	4	2017	2015	Other	order	6	0	6	2	0.923076923076923	0.512820512820513	NA
pairID1170	FengYitong2017Paronellidae.nwk	ZhangBellini2019Entomobryoidea.nwk	G	P	GP	11	0.345464649786158	3	3	4.79583152331272	5	2017	2019	Other	superfamily	4	153	4	4	0.727272727272727	0.701754385964912	NA
pairID1171	FengYitong2017Paronellidae.nwk	ZhangChen2014Entomobryidae.nwk	G	G	GG	23	0	7	0	0	10	2017	2014	Other	order	7	0	6	1	1	0.909090909090909	NA
pairID1172	FengYitong2017Paronellidae.nwk	ZhangSun2015Entomobryoidea.nwk	G	G	GG	30	0	11	0	0	14	2017	2015	Other	order	8	0	6	0	1	1	NA
pairID1173	FernandesLarabee2021Ponerinae.nwk	Schmidt2013Ponerinae.nwk	G	G	GG	8	0.17903380457159	4.6	2	3.46410161513775	7	2021	2013	Hymenoptera	tribe	9	0	2	1	1	0.425641025641026	NA
pairID1174	FerreiraKeller2020Lampyridae.nwk	HohnaLower2021Lampyridae.nwk	G	O	GO	24	0.284801493086375	15.9345238095238	31	19.4164878389476	15	2020	2021	Coleoptera	family	439	0	3	-433	0.708333333333333	0.642857142857143	NA
pairID1175	FerreiraKeller2020Lampyridae.nwk	LinardVogler2018.nwk	G	M	GM	39	0.329891635398653	25.819533019533	71	31.0644491340181	22	2020	2018	Coleoptera	family	19	0	3	-13	0.948717948717949	0.0051487414187643	NA
pairID1176	FerreiraKeller2020Lampyridae.nwk	MartinBranham2017Lampyridae.nwk	G	C	CG	47	0.26319837730421	34.2435626825675	74	73.0205450541147	27	2020	2017	Coleoptera	family	6	410	3	0	0.978723404255319	0.701298701298701	NA
pairID1177	FerreiraKeller2020Lampyridae.nwk	MartinStangerHall2019Lampyridae.nwk	G	O	GO	24	0.302621829772577	15.4852813852814	31	20.0499376557634	14	2020	2019	Coleoptera	family	439	0	3	-433	0.75	0.627906976744186	NA
pairID1178	FerreiraKeller2020Lampyridae.nwk	StangerHallLloyd2007Lampyridae.nwk	G	G	GG	31	0.159697651968115	25.1240981240981	31	19.4422220952236	24	2020	2007	Coleoptera	family	6	0	3	0	0.967741935483871	0.72	NA
pairID1184	Filho2017Megachilini.nwk	GonzalezGriswold2012Megachilidae.nwk	P	P	NA	8	0.371360062807747	2.91666666666667	4	5.29150262212918	5	2017	2012	Hymenoptera	subfamily	0	439	3	0	0.625	0.625	NA
pairID1186	FinetKassner2021Drosophilidae.nwk	Junqueira2016Schizophora.nwk	G	M	GM	6	0.308181620264318	2.33333333333333	2	1.4142135623731	5	2021	2016	Diptera	subgenus	32	0	1	2	1	0.945736434108527	NA
pairID1187	FinetKassner2021Drosophilidae.nwk	KimKim2016Drosophila.nwk	G	M	GM	12	0.0940890323201621	8.25	3	2	11	2021	2016	Diptera	subgenus	30	0	1	4	1	0.998635743519782	NA
pairID1190	Flook1999Orthoptera.nwk	SongAmedegnato2015Orthoptera.nwk	G	M	GM	18	0.282678024936	10.675	23	9.4339811320566	13	1999	2015	Polyneoptera	order	44	0	6	-38	0.388888888888889	0.32183908045977	NA
pairID1191	FoleyIvie2008Zopherini.nwk	LinardVogler2018.nwk	P	M	NA	7	0	4	0	4	5	2008	2018	Coleoptera	tribe	16	32	2	-16	0.857142857142857	0.00162151850438764	NA
pairID1192	ForgiePhilips2005Scarabaeini.nwk	LinardVogler2018.nwk	P	M	NA	15	0.577944188771562	6.427331002331	35	29.8496231131986	6	2005	2018	Coleoptera	family	16	216	3	-16	0.933333333333333	0.00295575896262395	NA
pairID1193	ForgiePhilips2005Scarabaeini.nwk	MonaghanInward2007Scarabaeinae.nwk	P	G	GP	6	0.514401820125203	1.91666666666667	4	4	3	2005	2007	Coleoptera	subfamily	3	216	3	-3	0.833333333333333	0.149038461538462	NA
pairID1194	FrandsenHolzenthal2024Trichoptera.nwk	Geraci2007Hydropsychidae.nwk	O	C	NA	4	0	1	0	0	4	2024	2007	Other	genus	3209	30	1	3203	0.25	0.625	NA
pairID1195	FrandsenHolzenthal2024Trichoptera.nwk	JohansonKeijsner2008Helicophidae.nwk	O	C	NA	6	0.343074842208707	2.25	3	4	3	2024	2008	Other	superfamily	3209	70	4	3203	0.833333333333333	0.574712643678161	NA
pairID1196	FrandsenHolzenthal2024Trichoptera.nwk	JohansonMalm2012Polycentropodidae.nwk	O	G	GO	5	0	2	0	0	5	2024	2012	Other	suborder	3209	0	5	3203	0.6	0.37593984962406	NA
pairID1197	FrandsenHolzenthal2024Trichoptera.nwk	JohansonMalm2017Sericostomatoidea.nwk	O	G	GO	10	0.1098243646752	6.33333333333333	2	6.2449979983984	7	2024	2017	Other	superfamily	3211	0	4	3201	0.6	0.33112582781457	NA
pairID1198	FrandsenHolzenthal2024Trichoptera.nwk	MalmJohanson2013Trichoptera.nwk	O	G	GO	16	0.24512203796927	10.1928571428571	16	12.8452325786651	7	2024	2013	Other	order	3210	0	6	3202	0.375	0.304878048780488	NA
pairID1199	FrandsenHolzenthal2024Trichoptera.nwk	Rawlinson2021Limnephilidae.nwk	O	O	OO	8	0	5	0	0	8	2024	2021	Other	infraorder	4128	0	5	2284	0.875	0.520833333333333	AHE.TR
pairID1200	FrandsenHolzenthal2024Trichoptera.nwk	ThomasFrandsen2020Trichoptera.nwk	O	G	GO	19	0.0742729057438167	15.1538461538462	8	8.18535277187245	18	2024	2020	Other	order	3212	0	6	3200	0.421052631578947	0.222222222222222	NA
pairID1201	FrandsenHolzenthal2024Trichoptera.nwk	ThomsonFrandsen2022Hydroptilidae.nwk	O	O	OO	7	0	4	0	3.60555127546399	6	2024	2022	Other	suborder	3506	0	5	2906	0.714285714285714	0.304878048780488	NA
pairID1202	FreitasBrown2004.nwk	HardyOtto2014Heliconiini.nwk	P	G	GP	7	0.517977217724351	2.65	6	6.70820393249937	4	2004	2014	Lepidoptera	tribe	12	234	2	-12	1	0.633333333333333	NA
pairID1203	FreitasBrown2004.nwk	KawaharaStorer2023Papilionoidea.nwk	P	O	NA	88	0.278249564303271	62.5818420560443	216	121.708668549122	35	2004	2023	Lepidoptera	family	319	234	3	-319	0.477272727272727	0.0422597864768683	NA
pairID1204	FreitasBrown2004.nwk	Penz1999Heliconiinae.nwk	P	P	NA	10	0.435259156386016	4.45238095238095	14	15.6524758424985	5	2004	1999	Lepidoptera	subfamily	0	380	3	0	0.6	0.871559633027523	NA
pairID1205	FreitasBrown2004.nwk	Penz2007Brassolini.nwk	P	P	NA	7	0.216781933149046	3.33333333333333	2	3.3166247903554	6	2004	2007	Lepidoptera	tribe	0	314	2	0	0.857142857142857	0.766129032258065	NA
pairID1206	FreitasBrown2004.nwk	PenzFreitas2013Brassolini.nwk	P	P	NA	7	0	2	0	0	5	2004	2013	Lepidoptera	tribe	0	368	2	0	0.857142857142857	0.708955223880597	NA
pairID1207	FreitasBrown2004.nwk	PenzPeggie2003.nwk	P	P	NA	13	0.246267000021577	8.08333333333333	8	4.69041575982343	11	2004	2003	Lepidoptera	family	0	419	3	0	0.769230769230769	0.730769230769231	NA
pairID1208	FreitasBrown2004.nwk	Wahlberg2006Nymphalinae.nwk	P	G	GP	12	0.340379848115735	6.5	10	11.8743420870379	8	2004	2006	Lepidoptera	family	3	234	3	-3	0.583333333333333	0.646258503401361	NA
pairID1210	FroufeFerreira2014Cordulegaster.nwk	Letsch2016Anisoptera.nwk	B	G	NA	8	0	4	0	7.07106781186548	4	2014	2016	Palaeoptera	infraorder	10	0	5	-8	0.875	0.0250965250965251	NA
pairID1211	FuXun2024Siphonaptera.nwk	LinPu2024Siphonaptera.nwk	M	M	MM	22	0.179870802876327	16.6219298245614	17	19.3907194296653	12	2024	2024	Other	order	28	0	6	-2	0.954545454545455	0.884615384615385	NA
pairID1212	FuXun2024Siphonaptera.nwk	LinPu2025Pygiopsyllidae.nwk	M	M	MM	23	0.202169956944733	17.1642857142857	20	20.4694894904587	12	2024	2025	Other	order	26	0	6	0	1	0.884615384615385	NA
pairID1213	FuXun2024Siphonaptera.nwk	LinPu2025Siphonaptera.nwk	M	M	MM	21	0.141655442425186	16.0198412698413	12	24.738633753706	13	2024	2025	Other	order	26	0	6	0	1	0.884615384615385	NA
pairID1214	FuXun2024Siphonaptera.nwk	LiuChen2023Siphonaptera.nwk	M	M	MM	10	0.117483525581478	6.5	2	2	9	2024	2023	Other	order	26	0	6	0	1	0.958333333333333	NA
pairID1216	FuXun2024Siphonaptera.nwk	PuLin2024Siphonaptera.nwk	M	M	MM	16	0.191789294861287	11.0555555555556	9	17.0880074906351	11	2024	2024	Other	order	28	0	6	-2	1	0.92	NA
pairID1217	FuXun2024Siphonaptera.nwk	PuLinDong2024Amphipsyllinae.nwk	M	M	MM	22	0.131355251086885	17.0198412698413	12	21.5638586528478	14	2024	2024	Other	order	28	0	6	-2	0.954545454545455	0.92	NA
pairID1218	FuXun2024Siphonaptera.nwk	WeiJia2022Siphonaptera.nwk	M	M	MM	6	0	3	0	0	6	2024	2022	Other	order	26	0	6	0	1	0.851851851851852	NA
pairID1219	FuXun2024Siphonaptera.nwk	ZhangFu2022Siphonaptera.nwk	M	M	MM	8	0	5	0	0	8	2024	2022	Other	order	26	0	6	0	1	0.338235294117647	NA
pairID1220	FuXun2024Siphonaptera.nwk	ZhouLiu2024Siphonaptera.nwk	M	G	GM	7	0.25255408270619	3.25	3	4.24264068711928	6	2024	2024	Other	order	18	0	6	8	1	0.479166666666667	NA
pairID1221	FuXun2024Siphonaptera.nwk	ZhuHastriter2015Siphonaptera.nwk	M	G	GM	13	0.186934101844648	8.36666666666667	9	8.36660026534076	6	2024	2015	Other	order	22	0	6	4	0.461538461538462	0.102678571428571	NA
pairID1222	FuXun2024Siphonaptera.nwk	ZuritaMatthee2025Ceratophyllomorpha.nwk	M	G	GM	9	0.499478441806649	3.88333333333333	9	10.6301458127346	6	2024	2025	Other	order	20	0	6	6	0.777777777777778	0.142857142857143	NA
pairID1223	GalinskayaAstakhov2020Asilidae.nwk	Shin2018.nwk	G	G	GG	11	0.295457229454345	3.91666666666667	4	4.89897948556636	4	2020	2018	Diptera	family	23	0	3	-17	0.545454545454545	0.0476190476190476	NA
pairID1224	Gao2018Neuroptera.nwk	LanChen2016Myrmeleontidae.nwk	M	M	MM	18	0.300464317585733	11.5916666666667	22	15.6204993518133	12	2018	2016	Other	superorder	26	0	7	0	0.944444444444444	0.916666666666667	NA
pairID1225	Gao2018Neuroptera.nwk	LinardVogler2018.nwk	M	M	MM	8	0.302733333151049	3.86666666666667	5	6.78232998312527	6	2018	2018	Other	order	29	0	6	-3	1	0.00418688742982206	NA
pairID1226	Gao2018Neuroptera.nwk	Lu2021Sisyridae.nwk	M	M	MM	6	0.323732119916531	2.5	2	2.44948974278318	5	2018	2021	Other	superorder	26	0	7	0	1	0.846153846153846	NA
pairID1227	Gao2018Neuroptera.nwk	Machado2019Myrmeleontidae.nwk	M	O	MO	12	0.291028366836691	7.08333333333333	9	13.228756555323	9	2018	2019	Other	order	338	0	6	-312	0.666666666666667	0.195555555555556	NA
pairID1228	Gao2018Neuroptera.nwk	Michel2017Myrmeleontidae.nwk	M	G	GM	8	0.212673272368728	4.4	3	2.64575131106459	7	2018	2017	Other	order	21	0	6	5	0.75	0.323529411764706	NA
pairID1229	Gao2018Neuroptera.nwk	Song2019Neuroptera.nwk	M	M	MM	40	0.140571183350472	33.6066181566182	37	31.3368792319848	31	2018	2019	Other	superorder	28	0	7	-2	1	0.862745098039216	NA
pairID1230	Gao2018Neuroptera.nwk	Vasilikopoulos2020Neuropterida.nwk	M	O	MO	15	0.142257877316858	11.0833333333333	6	5.74456264653803	13	2018	2020	Other	superorder	3648	0	7	-3622	0.666666666666667	0.360655737704918	NA
pairID1231	Gao2018Neuroptera.nwk	Wang2017Neuropterida.nwk	M	M	MM	34	0.0953603624238058	28.3978494623656	15	18.9736659610103	29	2018	2017	Other	superorder	26	0	7	0	0.970588235294118	0.745762711864407	NA
pairID1232	Gao2018Neuroptera.nwk	Winterton2018Neuropterida.nwk	M	O	MO	26	0.186417885428675	20.0245614035088	23	11.9582607431014	19	2018	2018	Other	order	212	0	6	-186	0.307692307692308	0.266666666666667	NA
pairID1233	Gao2018Neuroptera.nwk	Winterton2019Chrysopidae.nwk	M	O	MO	11	0	8	0	0	11	2018	2019	Other	order	385	0	6	-359	0.636363636363636	0.346456692913386	NA
pairID1234	Gao2018Neuroptera.nwk	ZhangWang2025Neuropterida.nwk	M	O	MO	17	0.0768701697418992	13.2857142857143	5	4	16	2018	2025	Other	order	2137	0	6	-2111	0.352941176470588	0.478260869565217	NA
pairID1235	GaoGe2022Muscidae.nwk	Gomes2021Anthomyiidae.nwk	G	G	GG	11	0.305361883617372	6.05555555555556	9	5.29150262212918	9	2022	2021	Diptera	suborder	8	0	5	-2	0.727272727272727	0.6328125	NA
pairID1236	GaoGe2022Muscidae.nwk	Grzywacz2021Muscidae.nwk	G	O	GO	12	0.316233983936039	6.8452380952381	11	8.12403840463596	10	2022	2021	Diptera	family	492	0	3	-486	0.5	0.771428571428571	NA
pairID1237	GaoGe2022Muscidae.nwk	Haseyama2015Muscidae.nwk	G	G	GG	16	0.492139459112627	7.84630647130647	28	19.7737199332852	10	2022	2015	Diptera	family	7	0	3	-1	0.5625	0.58273381294964	NA
pairID1238	GaoGe2022Muscidae.nwk	HaseyamaBoiarski2024Cyrtoneurininae.nwk	G	G	GG	14	0.403179665219197	7.41666666666667	17	10.9087121146357	9	2022	2024	Diptera	family	6	0	3	0	0.857142857142857	0.637795275590551	NA
pairID1239	GaoGe2022Muscidae.nwk	KuttyPape2010Calyptratae.nwk	G	G	GG	13	0.390483482092017	6.78571428571429	17	8.42614977317636	10	2022	2010	Diptera	suborder	12	0	5	-6	0.769230769230769	0.260450160771704	NA
pairID1240	GaugelHawlitschek2023Orthoptera.nwk	GuanGuo2016Tettigoniidae.nwk	M	M	MM	11	0.123277255868357	7.5	3	3.16227766016838	10	2023	2016	Polyneoptera	infraorder	30	0	5	0	1	0.992156862745098	NA
pairID1241	GaugelHawlitschek2023Orthoptera.nwk	HanWang2016Acridoidea.nwk	M	M	MM	14	0.124471698614371	9.25	6	11.1803398874989	9	2023	2016	Polyneoptera	family	28	0	3	2	1	0.98828125	NA
pairID1242	GaugelHawlitschek2023Orthoptera.nwk	LiYing2021Tetrigoidea.nwk	M	M	MM	8	0	5	0	0	8	2023	2021	Polyneoptera	suborder	28	0	5	2	1	0.951127819548872	NA
pairID1244	GaugelHawlitschek2023Orthoptera.nwk	LiuQiu2016Orthoptera.nwk	M	M	MM	12	0.227868463399951	7.76190476190476	7	8.18535277187245	10	2023	2016	Polyneoptera	order	30	0	6	0	1	1	NA
pairID1245	GaugelHawlitschek2023Orthoptera.nwk	SannoKataoka2021Gryllidea.nwk	M	M	MM	25	0.0656458587238089	20.3333333333333	6	14.8323969741913	22	2023	2021	Polyneoptera	order	28	0	6	2	1	0.98443579766537	NA
pairID1247	GaugelHawlitschek2023Orthoptera.nwk	ZhangHan2011Pamphagidae.nwk	M	B	NA	7	0.25255408270619	3.25	3	3.3166247903554	6	2023	2011	Polyneoptera	infraorder	16	0	5	14	1	0.965648854961832	NA
pairID1249	GaugelHawlitschek2023Orthoptera.nwk	ZhengShi2021Filchnerella.nwk	M	M	MM	8	0	5	0	0	8	2023	2021	Polyneoptera	family	30	0	3	0	1	0.973076923076923	NA
pairID1250	GaugelHawlitschek2023Orthoptera.nwk	ZhouShi2014Ensifera.nwk	M	M	MM	16	0.0716853545440572	12.5	3	3.16227766016838	15	2023	2014	Polyneoptera	order	30	0	6	0	1	1	NA
pairID1253	GauldDubois2006Pimplinae.nwk	QuickeLaurenne2009Ichneumonidae.nwk	P	C	NA	11	0.42959751109123	3.6	7	8.66025403784439	5	2006	2009	Hymenoptera	tribe	1	258	2	-1	0.545454545454545	0.0767295597484277	NA
pairID1254	GauldWahl2002Pimplinae.nwk	Matsumoto2016Pimplinae.nwk	P	G	GP	9	0.489714670274654	1.33333333333333	2	3.3166247903554	3	2002	2016	Hymenoptera	tribe	3	166	2	-3	0.888888888888889	0.786458333333333	NA
pairID1255	GauldWahl2002Pimplinae.nwk	QuickeLaurenne2009Ichneumonidae.nwk	P	C	NA	21	0.365810922380894	9.74458874458874	26	12.328828005938	11	2002	2009	Hymenoptera	family	1	328	3	-1	0.761904761904762	0.172571428571429	NA
pairID1256	GauthierLasalle2000Eulophidae.nwk	MunroHeraty2011Chalcidoidea.nwk	B	G	NA	14	0.313822991751468	7.66666666666667	14	14.2828568570857	9	2000	2011	Hymenoptera	family	3	0	3	-1	0.357142857142857	0.134874759152216	NA
pairID1257	GauthierLasalle2000Eulophidae.nwk	Rasplus2020Eulophidae.nwk	B	O	NA	26	0.305885064038993	16.1444444444444	29	29.0344622819159	15	2000	2020	Hymenoptera	family	880	0	3	-878	0.307692307692308	0.482758620689655	NA
pairID1258	GeBeutel2007Derodontidae.nwk	MckennaWild2015Coleoptera.nwk	P	G	GP	10	0.315737017719547	5.18571428571429	10	16.0312195418814	6	2007	2015	Coleoptera	order	8	56	6	-8	1	0.0308988764044944	NA
pairID1259	GeGomezZurita2012Alticinae.nwk	GomezZurita2007Chrysomelidae.nwk	G	G	GG	50	0.229715118787582	37.9019365647273	72	68.5638388656878	19	2012	2007	Coleoptera	family	7	0	3	1	0.84	0.571428571428571	NA
pairID1260	GeGomezZurita2012Alticinae.nwk	HuntBergsten2007Coleoptera.nwk	G	G	GG	56	0.343238312187789	37.1621735616695	119	68.4543643604993	20	2012	2007	Coleoptera	family	7	0	3	1	0.821428571428571	0.0913705583756345	NA
pairID1261	GeGomezZurita2012Alticinae.nwk	LinardVogler2018.nwk	G	M	GM	103	0.414486724044985	66.4623341604298	376	123.243661094597	34	2012	2018	Coleoptera	family	20	0	3	-12	0.844660194174757	0.013677811550152	NA
pairID1262	GeGomezZurita2012Alticinae.nwk	NieBreeschoten2018Galerucinae.nwk	G	M	GM	55	0.444857981525595	30.5326089323413	168	56.1159513863928	30	2012	2018	Coleoptera	family	19	0	3	-11	0.509090909090909	0.666666666666667	NA
pairID1263	GeGomezZurita2012Alticinae.nwk	ZhangSong2022Chrysomelidae.nwk	G	M	GM	65	0.387034716302674	39.5609400595829	173	73.0684610485263	30	2012	2022	Coleoptera	family	17	0	3	-9	0.415384615384615	0.481605351170569	NA
pairID1264	GePeng2023Trichoptera.nwk	GeZang2022Hydropsychidae.nwk	M	M	MM	13	0	10	0	0	13	2023	2022	Other	suborder	26	0	5	0	0.923076923076923	0.818181818181818	NA
pairID1265	GePeng2023Trichoptera.nwk	PengGe2022Philopotamidae.nwk	M	M	MM	11	0.202526780034463	6.58333333333333	5	2.44948974278318	9	2023	2022	Other	suborder	26	0	5	0	0.818181818181818	0.835051546391753	NA
pairID1266	GePeng2023Trichoptera.nwk	ThomasFrandsen2020Trichoptera.nwk	M	G	GM	33	0.207635079723469	23.7	36	25.3574446662119	22	2023	2020	Other	order	19	0	6	7	0.212121212121212	0.315175097276265	NA
pairID1267	GeZang2022Hydropsychidae.nwk	PengGe2022Philopotamidae.nwk	M	M	MM	11	0	8	0	0	11	2022	2022	Other	suborder	26	0	5	0	1	0.697674418604651	NA
pairID1268	Geraci2007Hydropsychidae.nwk	ThomasFrandsen2020Trichoptera.nwk	C	G	CG	10	0.468224321393444	4.85	10	10.6301458127346	8	2007	2020	Other	family	9	30	3	-3	0.8	0.150485436893204	NA
pairID1269	GermannPollet2011Dolichopodidae.nwk	Goodman2014Campsicnemus.nwk	G	G	GG	15	0.17629017734388	5.4	3	11.4891252930761	5	2011	2014	Diptera	subfamily	11	0	3	-3	1	0.745762711864407	NA
pairID1270	GermannPollet2011Dolichopodidae.nwk	LimHwang2010Empidoidea.nwk	G	G	GG	38	0.395491814360602	24.5273797886701	92	63.08724118235	17	2011	2010	Diptera	superfamily	10	0	4	-2	0.947368421052632	0.874172185430464	NA
pairID1271	GermannPollet2011Dolichopodidae.nwk	PolletGermann2011Medetera.nwk	G	G	GG	14	0.157575979484626	9.7	10	8.36660026534076	11	2011	2011	Diptera	family	7	0	3	1	1	0.904109589041096	NA
pairID1272	GermannPollet2011Dolichopodidae.nwk	Shin2018.nwk	G	G	GG	116	0.329885985316483	83.9132728240967	345	261.183843298164	47	2011	2018	Diptera	superfamily	24	0	4	-16	0.991379310344828	0.143167028199566	NA
pairID1273	GhanaviChazot2025Geometridae.nwk	Heikkila2015Ditrysia.nwk	G	C	CG	13	0.374360850972262	7.49761904761905	12	17	9	2025	2015	Lepidoptera	family	19	530	3	3	0.846153846153846	0.714285714285714	NA
pairID1274	GhanaviChazot2025Geometridae.nwk	JiangLi2017Boarmiini.nwk	G	G	GG	104	0.177268185859637	90.8111016456276	172	97.4320275884681	61	2025	2017	Lepidoptera	subfamily	16	0	3	6	0.980769230769231	0.989110707803993	NA
pairID1275	GhanaviChazot2025Geometridae.nwk	MurilloRamosChazot2021Boarmiini.nwk	G	G	GG	245	0.196435316014645	210.001070487028	545	519.300491045406	163	2025	2021	Lepidoptera	suborder	19	0	5	3	0.96734693877551	0.981098109810981	NA
pairID1276	GhanaviChazot2025Geometridae.nwk	MurilloRamosTwort2023Geometridae.nwk	G	O	GO	15	0.126671924035061	10.5833333333333	5	9.69535971483266	12	2025	2023	Lepidoptera	family	911	0	3	-889	0.666666666666667	0.984643179765131	NA
pairID1277	GhanaviChazot2025Geometridae.nwk	Ounap2016Larentiinae.nwk	G	G	GG	88	0.0807830082382258	80.3894237945962	57	100.672737123811	71	2025	2016	Lepidoptera	family	20	0	3	2	0.988636363636364	0.990009082652134	NA
pairID1278	GhanaviChazot2025Geometridae.nwk	OunapJavois2011Ennominae.nwk	G	G	GG	16	0.254757683037894	10.6222943722944	15	28.7402157263998	9	2025	2011	Lepidoptera	family	18	0	3	4	1	0.98731884057971	NA
pairID1279	GhanaviChazot2025Geometridae.nwk	OunapNedumpally2025Geometridae.nwk	G	O	GO	69	0.240100993973293	52.1882756546936	149	76.1708605701682	23	2025	2025	Lepidoptera	suborder	659	0	5	-637	0.869565217391304	0.952797202797203	NA
pairID1280	GhanaviChazot2025Geometridae.nwk	PlotkinBreinholt2025Geometrinae.nwk	G	O	GO	26	0.206759450522634	18.7333333333333	29	35.1140997321589	18	2025	2025	Lepidoptera	subfamily	416	0	3	-394	0.461538461538462	0.962897526501767	NA
pairID1281	GhanaviChazot2025Geometridae.nwk	Seifert2022Geometridae.nwk	G	G	GG	167	0.147345797354666	140.288476577911	277	104.393486386843	121	2025	2022	Lepidoptera	suborder	19	0	5	3	0.910179640718563	0.659407138535995	NA
pairID1282	GhanaviChazot2025Geometridae.nwk	Sihvonen2020Sterrhinae.nwk	G	G	GG	60	0.0975478525989586	51.3874396135266	41	14.7309198626562	54	2025	2020	Lepidoptera	family	22	0	3	0	0.916666666666667	0.984643179765131	NA
pairID1283	GhanaviChazot2025Geometridae.nwk	SihvonenKaila2004Scopulini.nwk	G	P	GP	13	0.234861039145649	4.78571428571429	6	6.557438524302	6	2025	2004	Lepidoptera	family	11	96	3	11	0.692307692307692	0.966312056737589	NA
pairID1284	GhanaviChazot2025Geometridae.nwk	SihvonenMutanen2011Geometridae.nwk	G	G	GG	129	0.189605520694018	102.285410799459	239	112.822870021995	70	2025	2011	Lepidoptera	family	19	0	3	3	0.945736434108527	0.974955277280859	NA
pairID1286	GhanaviChazot2025Geometridae.nwk	WahlbergSnall2010Ennominae.nwk	G	G	GG	32	0.366186209502267	21.1610902255639	61	52.5261839466756	15	2025	2010	Lepidoptera	suborder	18	0	5	4	0.9375	0.989110707803993	NA
pairID1287	GhanaviTwort2022Erebidae.nwk	Kawahara2019Lepidoptera.nwk	M	O	MO	15	0.127209307059852	10.8333333333333	5	3.46410161513775	13	2022	2019	Lepidoptera	superfamily	2109	0	4	-2087	0.666666666666667	0.379928315412186	NA
pairID1288	GhanaviTwort2022Erebidae.nwk	Keegan2021Noctuidae.nwk	M	G	GM	18	0.447267139105352	10.3837301587302	33	32.0468407179241	8	2022	2021	Lepidoptera	superfamily	19	0	4	3	0.388888888888889	0.199623352165725	NA
pairID1289	GhanaviTwort2022Erebidae.nwk	MayerDietz2021Lepidoptera.nwk	M	O	MO	11	0.117488658470283	7.4	3	2.64575131106459	10	2022	2021	Lepidoptera	superfamily	1846	0	4	-1824	0.636363636363636	0.415686274509804	NA
pairID1290	GhanaviTwort2022Erebidae.nwk	Riyaz2023Noctuoidea.nwk	M	G	GM	50	0.126668149013875	41.6747140522876	42	20.9284495364563	41	2022	2023	Lepidoptera	superfamily	26	0	4	-4	0.92	0.67515923566879	NA
pairID1291	GhanaviTwort2022Erebidae.nwk	Wang2015Lymantriinae.nwk	M	G	GM	14	0.226076051893	9.20562770562771	9	11.8743420870379	8	2022	2015	Lepidoptera	family	19	0	3	3	0.714285714285714	0.473214285714286	NA
pairID1292	GhanaviTwort2022Erebidae.nwk	Zahiri2012Erebidae.nwk	M	G	GM	53	0.365634876344841	34.7376995616807	138	68.0955211449329	25	2022	2012	Lepidoptera	superfamily	19	0	4	3	0.905660377358491	0.42741935483871	NA
pairID1293	GhanaviTwort2022Erebidae.nwk	Zaspel2014Arctiinae.nwk	M	G	GM	13	0.109227545858674	9	4	6.85565460040104	7	2022	2014	Lepidoptera	family	20	0	3	2	0.692307692307692	0.588888888888889	NA
pairID1294	GhanaviTwort2022Erebidae.nwk	ZenkerWahlberg2017Arctiinae.nwk	M	G	GM	10	0.195252866114318	5.9	5	3.46410161513775	8	2022	2017	Lepidoptera	subfamily	19	0	3	3	0.7	0.308139534883721	NA
pairID1296	GillespieTallamy2008Chrysomelidae.nwk	GomezZurita2007Chrysomelidae.nwk	G	G	GG	23	0.343322830768214	13.8785714285714	34	20.174241001832	11	2008	2007	Coleoptera	superfamily	6	0	4	0	0.391304347826087	0.496503496503497	NA
pairID1297	GillespieTallamy2008Chrysomelidae.nwk	HuntBergsten2007Coleoptera.nwk	G	G	GG	27	0.382090621857555	15.647619047619	44	27.8388218141501	15	2008	2007	Coleoptera	superfamily	6	0	4	0	0.333333333333333	0.088034717916925	NA
pairID1298	GillespieTallamy2008Chrysomelidae.nwk	LinardVogler2018.nwk	G	M	GM	70	0.398388337847368	42.3114047101136	199	141.10634287657	32	2008	2018	Coleoptera	superfamily	19	0	4	-13	0.628571428571429	0.013434247871334	NA
pairID1299	GillespieTallamy2008Chrysomelidae.nwk	NieBreeschoten2018Galerucinae.nwk	G	M	GM	22	0.371710423239574	12.9952380952381	32	35.1140997321589	12	2008	2018	Coleoptera	subfamily	18	0	3	-12	0.272727272727273	0.596638655462185	NA
pairID1300	GillespieTallamy2008Chrysomelidae.nwk	ZhangSong2022Chrysomelidae.nwk	G	M	GM	36	0.440325476847974	19.9636917331398	96	125.083971794951	15	2008	2022	Coleoptera	family	16	0	3	-10	0.333333333333333	0.453674121405751	NA
pairID1301	GimenoBelshaw1997Braconidae.nwk	JassoMartinez2022Braconidae4.nwk	G	O	GO	11	0.364409320794279	5.90476190476191	12	8.94427190999916	8	1997	2022	Hymenoptera	family	2593	0	3	-2587	0.545454545454545	0.0977198697068404	NA
pairID1302	GimenoBelshaw1997Braconidae.nwk	ShiChen2005Braconidae.nwk	G	C	CG	10	0.657337556527146	3.62857142857143	14	8.24621125123532	6	1997	2005	Hymenoptera	family	6	96	3	0	0.9	0.277777777777778	NA
pairID1303	GimmelBocakova2019Cleroidea.nwk	GunterLeavengood2013Cleridae.nwk	G	G	GG	62	0.245814381988187	45.521762855756	104	80.5108688314814	41	2019	2013	Coleoptera	superfamily	8	0	4	0	0.758064516129032	0.751428571428571	NA
pairID1304	GimmelBocakova2019Cleroidea.nwk	GunterLevkanicova2014Tenebrionoidea.nwk	G	G	GG	11	0.687233452264692	3.67222222222222	21	20.5182845286832	4	2019	2014	Coleoptera	superfamily	10	0	4	-2	0.636363636363636	0.604597701149425	NA
pairID1305	GimmelBocakova2019Cleroidea.nwk	HuntBergsten2007Coleoptera.nwk	G	G	GG	67	0.21170887659651	47.7577398296148	96	27.8747197295327	44	2019	2007	Coleoptera	suborder	7	0	5	1	0.850746268656716	0.155898043864849	NA
pairID1306	GimmelBocakova2019Cleroidea.nwk	KergoatSoldati2014Tenebrionidae.nwk	G	G	GG	15	0.418018010821978	8.38095238095238	19	13.490737563232	9	2019	2014	Coleoptera	infraorder	12	0	5	-4	0.733333333333333	0.453448275862069	NA
pairID1307	GimmelBocakova2019Cleroidea.nwk	KolibacHuang2016Cleroidea.nwk	G	P	GP	12	0.093233440688966	7.33333333333333	2	6.08276253029822	10	2019	2016	Coleoptera	superfamily	4	96	4	4	0.666666666666667	0.963369963369963	NA
pairID1308	GimmelBocakova2019Cleroidea.nwk	LeschenLackner2013Gymnochilini.nwk	G	P	GP	12	0.280124393062322	6.33333333333333	10	6	9	2019	2013	Coleoptera	subfamily	4	47	3	4	0.833333333333333	0.966911764705882	NA
pairID1309	GimmelBocakova2019Cleroidea.nwk	LinardVogler2018.nwk	G	M	GM	134	0.205756355011305	102.83950519858	288	213.536882060219	82	2019	2018	Coleoptera	suborder	20	0	5	-12	0.91044776119403	0.0247785943094027	NA
pairID1310	GimmelBocakova2019Cleroidea.nwk	ZhangChe2018Coleoptera.nwk	G	O	GO	27	0.409209602968624	15.0724242424242	48	23.8117617995813	13	2019	2018	Coleoptera	superfamily	99	0	4	-91	0.222222222222222	0.462214411247803	NA
pairID1312	GodeiroBellini2021Entomobryoidea.nwk	GodeiroPacheco2020Seirinae.nwk	M	M	MM	7	0	4	0	0	7	2021	2020	Other	subfamily	26	0	3	0	1	0.88	NA
pairID1313	GodeiroBellini2021Entomobryoidea.nwk	SunYu2020Collembola.nwk	M	M	MM	7	0	4	0	0	7	2021	2020	Other	order	26	0	6	0	1	0.676923076923077	NA
pairID1316	GodeiroBellini2021Entomobryoidea.nwk	ZhangBellini2019Entomobryoidea.nwk	M	P	NA	12	0.513624975833831	5.33333333333333	16	18.4661853126194	6	2021	2019	Other	superfamily	13	153	4	13	0.583333333333333	0.698412698412698	NA
pairID1317	GodeiroBellini2021Entomobryoidea.nwk	ZhangChen2014Entomobryidae.nwk	M	G	GM	9	0.449126067098023	4.11904761904762	8	9.05538513813742	6	2021	2014	Other	order	16	0	6	10	0.888888888888889	0.6875	NA
pairID1326	Gomes2021Anthomyiidae.nwk	Haseyama2015Muscidae.nwk	G	G	GG	12	0.186272529085551	7.61904761904762	7	3.87298334620742	10	2021	2015	Diptera	superfamily	9	0	4	1	0.5	0.478632478632479	NA
pairID1327	Gomes2021Anthomyiidae.nwk	HaseyamaBoiarski2024Cyrtoneurininae.nwk	G	G	GG	8	0.295457229454345	3.91666666666667	4	2.82842712474619	7	2021	2024	Diptera	family	8	0	3	2	0.875	0.523364485981308	NA
pairID1328	Gomes2021Anthomyiidae.nwk	Kutty2007Scathophagidae.nwk	G	G	GG	19	0.226385444010785	12.902380952381	20	11.7046999107196	13	2021	2007	Diptera	superfamily	12	0	4	-2	1	0.495575221238938	NA
pairID1329	Gomes2021Anthomyiidae.nwk	KuttyPape2010Calyptratae.nwk	G	G	GG	38	0.192686764176555	29.6130116959064	40	21.2132034355964	29	2021	2010	Diptera	suborder	14	0	5	-4	1	0.217054263565891	NA
pairID1330	Gomes2021Anthomyiidae.nwk	NarayananKutty2019.nwk	G	O	GO	13	0.104716445065361	9.08333333333333	3	2.64575131106459	12	2021	2019	Diptera	suborder	1461	0	5	-1451	0.461538461538462	0.622222222222222	NA
pairID1331	Gomes2021Anthomyiidae.nwk	WiegmannTrautwein2011Diptera.nwk	G	C	CG	9	0	6	0	0	9	2021	2011	Diptera	suborder	19	371	5	-9	0.666666666666667	0.222222222222222	NA
pairID1332	GomezZurita2005Eumolpinae.nwk	GomezZurita2007Chrysomelidae.nwk	C	G	CG	33	0.249138982532429	23.5163226558388	43	35.8608421540822	24	2005	2007	Coleoptera	superfamily	6	16	4	0	0.96969696969697	0.27710843373494	NA
pairID1333	GomezZurita2005Eumolpinae.nwk	HuntBergsten2007Coleoptera.nwk	C	G	CG	39	0.284932081973593	25.4349489761254	62	26.5894716006167	24	2005	2007	Coleoptera	superfamily	6	16	4	0	0.948717948717949	0.0309555854643338	NA
pairID1334	GomezZurita2005Eumolpinae.nwk	LinardVogler2018.nwk	C	M	NA	36	0.241738074245077	25.6335198008822	48	62.9841249839989	21	2005	2018	Coleoptera	superfamily	19	16	4	-13	0.888888888888889	0.00438638314103175	NA
pairID1335	GomezZurita2007Chrysomelidae.nwk	GomezZuritaCardoso2021Cryptocephalinae.nwk	G	G	GG	20	0.303788256573178	12.857196969697	23	16	12	2007	2021	Coleoptera	family	8	0	3	-2	0.7	0.595419847328244	NA
pairID1336	GomezZurita2007Chrysomelidae.nwk	HuntBergsten2007Coleoptera.nwk	G	G	GG	147	0.307420747612629	101.730256223285	437	297.832167503781	63	2007	2007	Coleoptera	superfamily	6	0	4	0	0.959183673469388	0.104487608841259	NA
pairID1337	GomezZurita2007Chrysomelidae.nwk	KergoatSoldati2014Tenebrionidae.nwk	G	G	GG	8	0.212673272368728	4.4	3	5.91607978309962	5	2007	2014	Coleoptera	superfamily	11	0	4	-5	0.875	0.327044025157233	NA
pairID1338	GomezZurita2007Chrysomelidae.nwk	KirschOkamura2025Chrysomelidae.nwk	G	O	GO	23	0.277023070031905	15.8876984126984	29	23.2379000772445	11	2007	2025	Coleoptera	family	538	0	3	-532	0.304347826086957	0.699551569506726	NA
pairID1339	GomezZurita2007Chrysomelidae.nwk	LinardVogler2018.nwk	G	M	GM	132	0.278171016451317	99.032287824431	311	515.241690859736	52	2007	2018	Coleoptera	superfamily	19	0	4	-13	0.901515151515151	0.0148444190693691	NA
pairID1340	GomezZurita2007Chrysomelidae.nwk	NieBreeschoten2018Galerucinae.nwk	G	M	GM	23	0.356458073911895	14.4462121212121	33	12.0415945787923	14	2007	2018	Coleoptera	family	18	0	3	-12	0.521739130434783	0.639344262295082	NA
pairID1341	GomezZurita2007Chrysomelidae.nwk	SongYin2018Chrysomelidae.nwk	G	M	GM	17	0.250885216980464	10.6619047619048	18	12.369316876853	7	2007	2018	Coleoptera	family	16	0	3	-10	0.352941176470588	0.857142857142857	NA
pairID1342	GomezZurita2007Chrysomelidae.nwk	ZhangSong2022Chrysomelidae.nwk	G	M	GM	46	0.295066416790923	31.6452270699517	87	56.8242905807015	22	2007	2022	Coleoptera	family	16	0	3	-10	0.456521739130435	0.49211356466877	NA
pairID1343	GomezZurita2014Taophila.nwk	LinardVogler2018.nwk	G	M	GM	6	0	3	0	3.3166247903554	5	2014	2018	Coleoptera	subfamily	19	0	3	-13	1	0.000859188544152745	NA
pairID1344	GomezZuritaCardoso2021Cryptocephalinae.nwk	HuntBergsten2007Coleoptera.nwk	G	G	GG	24	0.254929215081605	16.591045796309	27	26.9072480941474	15	2021	2007	Coleoptera	family	8	0	3	2	0.625	0.0779874213836478	NA
pairID1345	GomezZuritaCardoso2021Cryptocephalinae.nwk	LinardVogler2018.nwk	G	M	GM	36	0.191740726820965	27.7795098039216	37	51.0196040752964	24	2021	2018	Coleoptera	family	21	0	3	-11	0.805555555555556	0.0117335352006056	NA
pairID1346	GomezZuritaCardoso2021Cryptocephalinae.nwk	ZhangSong2022Chrysomelidae.nwk	G	M	GM	10	0.23146924602913	5.93333333333333	4	9.9498743710662	6	2021	2022	Coleoptera	family	18	0	3	-8	0.6	0.411960132890365	NA
pairID1348	GonzalezGriswold2012Megachilidae.nwk	Hedtke2013Anthophila.nwk	P	G	GP	19	0.529057996414387	7.18849206349206	30	17.3493515728975	7	2012	2013	Hymenoptera	family	20	200	3	-20	0.684210526315789	0.170212765957447	NA
pairID1349	GonzalezGriswold2012Megachilidae.nwk	Litman2016Anthidiini.nwk	P	G	GP	21	0.738246321799677	6.47362637362637	59	39.9499687108764	7	2012	2016	Hymenoptera	tribe	5	200	2	-5	0.761904761904762	0.439024390243902	NA
pairID1350	GonzalezGriswold2013Anthidium.nwk	Litman2016Anthidiini.nwk	P	G	GP	10	0	3	0	0	6	2013	2016	Hymenoptera	tribe	5	97	2	-5	1	0.517241379310345	NA
pairID1351	Goodman2014Campsicnemus.nwk	LimHwang2010Empidoidea.nwk	G	G	GG	8	0.489714670274654	1.33333333333333	2	3.46410161513775	3	2014	2010	Diptera	family	13	0	3	1	0.875	0.544642857142857	NA
pairID1353	GoodmanAbbott2025Somatochlora.nwk	Letsch2016Anisoptera.nwk	O	G	GO	38	0.225806089620396	27.745991322392	59	40.0624512480203	24	2025	2016	Palaeoptera	superfamily	580	0	4	562	0.894736842105263	0.137432188065099	NA
pairID1354	GoodmanAbbott2025Somatochlora.nwk	WareMay2007Libelluloidea.nwk	O	G	GO	16	0.0615429431790405	12.25	3	10.3440804327886	12	2025	2007	Palaeoptera	superfamily	573	0	4	569	0.5625	0.434285714285714	NA
pairID1355	GoughDuran2019Cicindelinae.nwk	HuntBergsten2007Coleoptera.nwk	G	G	GG	45	0.313843912455464	30.0391592135299	99	79.6178371974522	25	2019	2007	Coleoptera	family	12	0	3	6	0.822222222222222	0.199888950583009	NA
pairID1356	GoughDuran2019Cicindelinae.nwk	LinardVogler2018.nwk	G	M	GM	215	0.392540448256046	144.770192036739	983	923.340673857705	72	2019	2018	Coleoptera	family	25	0	3	-7	0.967441860465116	0.033952654908988	NA
pairID1358	Grzywacz2021Muscidae.nwk	Haseyama2015Muscidae.nwk	O	G	GO	21	0.247111435269043	14.2163742690058	22	8.48528137423857	16	2021	2015	Diptera	family	493	0	3	485	0.571428571428571	0.352941176470588	NA
pairID1359	Grzywacz2021Muscidae.nwk	HaseyamaBoiarski2024Cyrtoneurininae.nwk	O	G	GO	18	0.371049779250981	10.3434343434343	27	13.2664991614216	11	2021	2024	Diptera	family	492	0	3	486	0.777777777777778	0.405405405405405	NA
pairID1360	Grzywacz2021Muscidae.nwk	KuttyPape2010Calyptratae.nwk	O	G	GO	15	0.192627474742061	9.93939393939394	10	4.89897948556636	12	2021	2010	Diptera	family	498	0	3	480	0.666666666666667	0.115384615384615	NA
pairID1361	Grzywacz2021Muscidae.nwk	LiCai2023Muscidae.nwk	O	M	MO	14	0.0784478789363952	10.25	3	2	13	2021	2023	Diptera	family	502	0	3	476	0.5	0.461538461538462	NA
pairID1362	Grzywacz2021Muscidae.nwk	Nihei2007Muscini.nwk	O	P	NA	9	0.558755960027823	2	4	3.60555127546399	4	2021	2007	Diptera	family	489	112	3	489	0.888888888888889	0.306122448979592	NA
pairID1363	GuanGuo2016Tettigoniidae.nwk	ZhouShi2014Ensifera.nwk	M	M	MM	10	0	7	0	0	10	2016	2014	Polyneoptera	infraorder	30	0	5	0	1	0.684210526315789	NA
pairID1364	GuanHan2012Calopteryginae.nwk	JiangLi2021Zygoptera.nwk	B	M	NA	6	0	3	0	0	6	2012	2021	Palaeoptera	family	14	0	3	-12	1	0.683333333333333	NA
pairID1365	GuanHan2012Calopteryginae.nwk	LiaoLin2023Odonata.nwk	B	M	NA	6	0	3	0	0	6	2012	2023	Palaeoptera	family	14	0	3	-12	1	0.471264367816092	NA
pairID1366	GuanHan2012Calopteryginae.nwk	MisofAnderson2000Calopteryx.nwk	B	B	NA	8	0.3229348907992	4.1	4	3.87298334620742	6	2012	2000	Palaeoptera	family	2	0	3	0	1	0.872340425531915	NA
pairID1367	GuanShen2021Machilidae.nwk	MaHe2015Archaeognatha.nwk	M	M	MM	6	0.514401820125203	1.91666666666667	4	3.74165738677394	5	2021	2015	Other	order	26	0	6	0	1	0.342105263157895	NA
pairID1368	GuanShen2021Machilidae.nwk	ShenCai2020Archaeognatha.nwk	M	M	MM	6	0	3	0	0	6	2021	2020	Other	order	26	0	6	0	1	0.866666666666667	NA
pairID1369	GuanZhang2021Ephemeroptera.nwk	LiMa2021Ephemeroptera.nwk	M	M	MM	8	0.366392134483131	4	4	5.65685424949238	5	2021	2021	Palaeoptera	order	26	0	6	0	0.75	0.647058823529412	NA
pairID1370	GuanZhang2021Ephemeroptera.nwk	TongWu2022Ephemeroptera.nwk	M	M	MM	13	0.161859453654152	8.7	6	9.32737905308882	11	2021	2022	Palaeoptera	order	26	0	6	0	0.461538461538462	0.594594594594595	NA
pairID1371	GuanZhang2021Ephemeroptera.nwk	WangLi2022Ephemeroptera.nwk	M	M	MM	18	0.0416094428567567	14.3333333333333	2	37.6031913539263	6	2021	2022	Palaeoptera	order	26	0	6	0	0.944444444444444	0.488888888888889	NA
pairID1372	GuanZhang2021Ephemeroptera.nwk	XuGuan2021Heptageniidae.nwk	M	M	MM	18	0.147003308143354	13.0871794871795	11	12.328828005938	15	2021	2021	Palaeoptera	order	26	0	6	0	0.944444444444444	0.666666666666667	NA
pairID1373	GuanZhang2021Ephemeroptera.nwk	XuJia2020Caenidae.nwk	M	M	MM	15	0.17771001474182	10.0666666666667	10	10.6770782520313	12	2021	2020	Palaeoptera	order	26	0	6	0	0.933333333333333	0.88	NA
pairID1374	GuanZhang2021Ephemeroptera.nwk	XuJia2020Ephemeroptera.nwk	M	M	MM	17	0.149212882524635	12.0428571428571	10	11.7473401244707	14	2021	2020	Palaeoptera	order	26	0	6	0	0.941176470588235	0.88	NA
pairID1375	GunterLeavengood2013Cleridae.nwk	HuntBergsten2007Coleoptera.nwk	G	G	GG	25	0.215085767315093	17.7472222222222	23	20.7605394920267	19	2013	2007	Coleoptera	superfamily	7	0	4	1	0.76	0.0873907615480649	NA
pairID1376	GunterLeavengood2013Cleridae.nwk	KolibacHuang2016Cleroidea.nwk	G	P	GP	10	0.260402362466194	5.08333333333333	5	4.24264068711928	8	2013	2016	Coleoptera	superfamily	4	96	4	4	0.6	0.921052631578947	NA
pairID1377	GunterLeavengood2013Cleridae.nwk	LinardVogler2018.nwk	G	M	GM	97	0.260885526265015	71.3086893447189	218	78.8542960148653	52	2013	2018	Coleoptera	superfamily	20	0	4	-12	0.907216494845361	0.0133016627078385	NA
pairID1378	GunterLeavengood2013Cleridae.nwk	ZhangChe2018Coleoptera.nwk	G	O	GO	10	0.229079714639393	5.92857142857143	7	13.856406460551	6	2013	2018	Coleoptera	superfamily	99	0	4	-91	0.5	0.31390134529148	NA
pairID1379	GunterLevkanicova2014Tenebrionoidea.nwk	HuntBergsten2007Coleoptera.nwk	G	G	GG	80	0.48177715210397	50.78021687489	315	113.008849211024	26	2014	2007	Coleoptera	infraorder	9	0	5	3	0.8	0.119328775637042	NA
pairID1380	GunterLevkanicova2014Tenebrionoidea.nwk	KergoatSoldati2014Tenebrionidae.nwk	G	G	GG	72	0.346318346274513	53.8423928827303	223	124.346290656376	20	2014	2014	Coleoptera	infraorder	14	0	5	-2	0.569444444444444	0.400835073068894	NA
pairID1381	GunterLevkanicova2014Tenebrionoidea.nwk	LiMoritz2024Tenebrionidae.nwk	G	O	GO	61	0.327179943135071	44.3694949686329	140	77.7174369109018	36	2014	2024	Coleoptera	superfamily	562	0	4	-550	0.672131147540984	0.550143266475645	NA
pairID1382	GunterLevkanicova2014Tenebrionoidea.nwk	LinardVogler2018.nwk	G	M	GM	107	0.343478769391361	76.4063789243142	315	180.682041166243	35	2014	2018	Coleoptera	infraorder	22	0	5	-10	0.663551401869159	0.0181234661128941	NA
pairID1383	GunterLevkanicova2014Tenebrionoidea.nwk	MckennaWild2015Coleoptera.nwk	G	G	GG	23	0.683421933171664	9.27905982905983	68	34.2636833980236	8	2014	2015	Coleoptera	superfamily	14	0	4	-2	0.391304347826087	0.356877323420074	NA
pairID1384	GunterLevkanicova2014Tenebrionoidea.nwk	ZhangChe2018Coleoptera.nwk	G	O	GO	22	0.466327730532327	12.0406328320802	50	33.466401061363	10	2014	2018	Coleoptera	superfamily	101	0	4	-89	0.772727272727273	0.394250513347023	NA
pairID1385	GuoLin2022Scarabaeidae.nwk	HuntBergsten2007Coleoptera.nwk	M	G	GM	23	0.378082591739435	13.690367965368	33	22.248595461287	11	2022	2007	Coleoptera	superfamily	16	0	4	10	0.434782608695652	0.0765850596359071	NA
pairID1386	GuoLin2022Scarabaeidae.nwk	KimJeong2016Scarabaeidae.nwk	M	M	MM	11	0.37777984151472	5.84523809523809	10	9.69535971483266	8	2022	2016	Coleoptera	family	26	0	3	0	0.909090909090909	0.983870967741935	NA
pairID1387	GuoLin2022Scarabaeidae.nwk	LinardVogler2018.nwk	M	M	MM	92	0.151716709501196	76.8807951636177	119	70.0999286732875	68	2022	2018	Coleoptera	superfamily	29	0	4	-3	0.804347826086957	0.0115991633390378	NA
pairID1388	GuoLin2022Scarabaeidae.nwk	MonaghanInward2007Scarabaeinae.nwk	M	G	GM	36	0.238907022164657	25.2544372294372	48	31.559467676119	25	2022	2007	Coleoptera	subfamily	16	0	3	10	0.777777777777778	0.437275985663082	NA
pairID1389	GuoLin2022Scarabaeidae.nwk	Rossini2022Epactoidini4.nwk	M	C	NA	10	0.239494743446474	5.57142857142857	6	5.47722557505166	8	2022	2022	Coleoptera	subfamily	20	103	3	6	0.6	0.705202312138728	NA
pairID1390	GuoLin2022Scarabaeidae.nwk	SipekFabrizi2016Cetoniinae.nwk	M	G	GM	15	0.0685787124668621	11.25	3	2	14	2022	2016	Coleoptera	family	16	0	3	10	0.4	0.367469879518072	NA
pairID1391	GuoLin2022Scarabaeidae.nwk	TarasovDimitrov2016Scarabaeinae.nwk	M	G	GM	34	0.206470896092933	24.0833333333333	36	42.2729227756965	23	2022	2016	Coleoptera	subfamily	21	0	3	5	0.794117647058823	0.320209973753281	NA
pairID1392	GuoLin2022Scarabaeidae.nwk	TarasovSolodovnikov2011Onthophagini.nwk	M	P	NA	27	0.230878442422493	18.5678571428571	29	18.2208671582886	12	2022	2011	Coleoptera	subfamily	13	91	3	13	0.925925925925926	0.802631578947368	NA
pairID1393	GustafsonProkin2017Gyrinidae.nwk	LinardVogler2018.nwk	G	M	GM	53	0.200039542754603	40.0604482030503	80	44.3508737230734	32	2017	2018	Coleoptera	family	21	0	3	-11	0.981132075471698	0.00894046033859616	NA
pairID1394	GustafsonProkin2017Gyrinidae.nwk	MillerBergsten2012Gyrinidae.nwk	G	C	CG	51	0.0737298989707394	44.8051065162907	35	32.7108544675922	46	2017	2012	Coleoptera	suborder	10	42	5	0	1	0.903846153846154	NA
pairID1395	HaddadShin2018Cerambycidae.nwk	HuntBergsten2007Coleoptera.nwk	O	G	GO	22	0.571486008398184	11.0405572755418	51	32.4807635378234	11	2018	2007	Coleoptera	infraorder	525	0	5	519	0.409090909090909	0.0225763612217795	NA
pairID1396	HaddadShin2018Cerambycidae.nwk	Jin2022Cerambycinae.nwk	O	O	OO	10	0	7	0	9	5	2018	2022	Coleoptera	family	873	0	3	171	1	0.242857142857143	AHE.AHE
pairID1397	HaddadShin2018Cerambycidae.nwk	LinardVogler2018.nwk	O	M	MO	27	0.44389767398836	15.421411594941	62	32.4191301548947	16	2018	2018	Coleoptera	infraorder	538	0	5	506	0.666666666666667	0.00324149108589951	NA
pairID1398	Hall2002Theopeina.nwk	KawaharaStorer2023Papilionoidea.nwk	P	O	NA	6	0	2	0	0	5	2002	2023	Lepidoptera	tribe	319	104	2	-319	1	0.031844316674038	NA
pairID1400	HamiltonStLaurent2019Bombycoidea.nwk	Heikkila2015Ditrysia.nwk	O	C	NA	22	0.28602896494896	14.4809523809524	25	12.7671453348037	16	2019	2015	Lepidoptera	superfamily	579	530	4	563	0.454545454545455	0.196691176470588	NA
pairID1401	HamiltonStLaurent2019Bombycoidea.nwk	Kawahara2009Sphingidae.nwk	O	G	GO	27	0.179241553685273	19.6789682539683	23	57.930993431841	15	2019	2009	Lepidoptera	superfamily	576	0	4	566	0.555555555555556	0.461206896551724	NA
pairID1402	HamiltonStLaurent2019Bombycoidea.nwk	Kawahara2019Lepidoptera.nwk	O	O	OO	18	0	15	0	0	18	2019	2019	Lepidoptera	superfamily	2669	0	4	-1527	0.333333333333333	0.376760563380282	AHE.TR
pairID1403	HamiltonStLaurent2019Bombycoidea.nwk	Regier2013Lepidoptera.nwk	O	G	GO	21	0.0908708076160888	16.6190476190476	7	4	18	2019	2013	Lepidoptera	superfamily	590	0	4	552	0.476190476190476	0.191071428571429	NA
pairID1404	HamiltonStLaurent2019Bombycoidea.nwk	RegierCook2008Bombycoidea.nwk	O	G	GO	30	0.114353625653573	24.7777777777778	18	9.79795897113271	25	2019	2008	Lepidoptera	superfamily	576	0	4	566	0.5	0.743055555555556	NA
pairID1406	HamiltonStLaurent2019Bombycoidea.nwk	Zwick2011Bombycoidea.nwk	O	G	GO	31	0.112341150307775	26.1	17	9.69535971483266	24	2019	2011	Lepidoptera	superfamily	596	0	4	546	0.516129032258065	0.76978417266187	NA
pairID1407	HanWang2016Acridoidea.nwk	LiuQiu2016Orthoptera.nwk	M	M	MM	6	0	3	0	0	6	2016	2016	Polyneoptera	family	28	0	3	-2	1	0.739130434782609	NA
pairID1408	HanWang2016Acridoidea.nwk	SongMarinoPerez2018Acrididae.nwk	M	M	MM	8	0.212673272368728	4.4	3	9.38083151964686	4	2016	2018	Polyneoptera	family	53	0	3	-27	1	0.120567375886525	NA
pairID1410	HardyOtto2014Heliconiini.nwk	KawaharaStorer2023Papilionoidea.nwk	G	O	GO	33	0.22867168939568	23.2838406803924	44	21.9317121994613	19	2014	2023	Lepidoptera	tribe	331	0	2	-307	0.96969696969697	0.0283018867924528	NA
pairID1411	HardyOtto2014Heliconiini.nwk	Penz1999Heliconiinae.nwk	G	P	GP	14	0.13602476044487	9.82222222222222	9	6.16441400296898	12	2014	1999	Lepidoptera	tribe	12	146	2	12	0.928571428571429	0.9	NA
pairID1412	HarimalalaMiarinjara2018Siphonaptera.nwk	ZhuHastriter2015Siphonaptera.nwk	B	G	NA	11	0.435032206230799	5.65	12	14.5258390463339	4	2018	2015	Other	order	10	0	6	-8	0.909090909090909	0.0963302752293578	NA
pairID1413	HarimalalaMiarinjara2018Siphonaptera.nwk	ZuritaMatthee2025Ceratophyllomorpha.nwk	B	G	NA	10	0.219634777435011	5.58333333333333	5	5.56776436283002	8	2018	2025	Other	superfamily	8	0	4	-6	0.8	0.132911392405063	NA
pairID1414	Haring2011Raphidiidae.nwk	Vasilikopoulos2020Neuropterida.nwk	G	O	GO	13	0.356828687109012	7.25714285714286	13	7	10	2011	2020	Other	order	3637	0	6	-3633	0.769230769230769	0.277777777777778	NA
pairID1415	HaringAspock2004Neuropterida.nwk	Vasilikopoulos2020Neuropterida.nwk	B	O	NA	16	0.400756704342332	8.86919191919192	25	18.8944436276912	9	2004	2020	Other	superorder	3636	0	7	-3634	0.4375	0.256880733944954	NA
pairID1416	HaruyamaMochizuki2008Chrysopidae.nwk	Vasilikopoulos2020Neuropterida.nwk	G	O	GO	11	0	2	0	0	5	2008	2020	Other	subfamily	3638	0	3	-3632	0.727272727272727	0.509433962264151	NA
pairID1417	HaruyamaMochizuki2008Chrysopidae.nwk	Winterton2019Chrysopidae.nwk	G	O	GO	15	0	2	0	0	5	2008	2019	Other	family	375	0	3	-369	0.933333333333333	0.52258064516129	NA
pairID1418	Haseyama2015Muscidae.nwk	HaseyamaBoiarski2024Cyrtoneurininae.nwk	G	G	GG	41	0.351519031763165	25.8851725128601	95	33.5857112474933	27	2015	2024	Diptera	family	7	0	3	1	0.853658536585366	0.747252747252747	NA
pairID1419	Haseyama2015Muscidae.nwk	KuttyPape2010Calyptratae.nwk	G	G	GG	22	0.34155098309217	12.8416666666667	29	11.0905365064094	14	2015	2010	Diptera	family	13	0	3	-5	0.590909090909091	0.230508474576271	NA
pairID1420	Haseyama2015Muscidae.nwk	LiCai2023Muscidae.nwk	G	M	GM	21	0.255241393311599	14.0777777777778	21	8.77496438739212	15	2015	2023	Diptera	family	17	0	3	-9	0.285714285714286	0.653846153846154	NA
pairID1421	Haseyama2015Muscidae.nwk	NarayananKutty2019.nwk	G	O	GO	12	0.120539236313517	8.22222222222222	5	3	11	2015	2019	Diptera	family	1460	0	3	-1452	0.583333333333333	0.673267326732673	NA
pairID1422	Haseyama2015Muscidae.nwk	Nihei2007Muscini.nwk	G	P	GP	13	0.508405348215429	4.33571428571429	15	14.0712472794703	5	2015	2007	Diptera	family	4	112	3	4	0.615384615384615	0.5	NA
pairID1423	HaseyamaBoiarski2024Cyrtoneurininae.nwk	KuttyPape2010Calyptratae.nwk	G	G	GG	17	0.378195100773361	9.65	25	11.8743420870379	10	2024	2010	Diptera	family	12	0	3	-6	0.764705882352941	0.204225352112676	NA
pairID1424	HaseyamaBoiarski2024Cyrtoneurininae.nwk	LiCai2023Muscidae.nwk	G	M	GM	12	0.246630014857375	6.95	9	3.60555127546399	9	2024	2023	Diptera	family	16	0	3	-10	0.583333333333333	0.623655913978495	NA
pairID1425	HaseyamaBoiarski2024Cyrtoneurininae.nwk	NarayananKutty2019.nwk	G	O	GO	9	0	6	0	0	9	2024	2019	Diptera	family	1459	0	3	-1453	0.888888888888889	0.644444444444444	NA
pairID1426	HaseyamaBoiarski2024Cyrtoneurininae.nwk	Nihei2007Muscini.nwk	G	P	GP	11	0.575882847502178	2.96666666666667	9	7	3	2024	2007	Diptera	family	3	112	3	3	0.909090909090909	0.471544715447154	NA
pairID1427	HaseyamaBoiarski2024Cyrtoneurininae.nwk	Savage2004Azeliini.nwk	G	P	GP	7	0.771985826167811	1.9	7	8.36660026534076	3	2024	2004	Diptera	tribe	3	66	2	3	0.857142857142857	0.716049382716049	NA
pairID1428	HawlitschekHendrich2012Hygrobiidae.nwk	HuntBergsten2007Coleoptera.nwk	G	G	GG	12	0	9	0	0	12	2012	2007	Coleoptera	superfamily	8	0	4	2	0.833333333333333	0.0120886501007388	NA
pairID1429	HawlitschekHendrich2012Hygrobiidae.nwk	LinardVogler2018.nwk	G	M	GM	16	0.192602748236546	11.0969696969697	15	9.21954445729289	10	2012	2018	Coleoptera	superfamily	21	0	4	-11	0.8125	0.00171788509257492	NA
pairID1430	HayashiKobayashi2024Dryopoidea.nwk	Kundrata2016Elateriformia.nwk	O	G	GO	13	0.335552568000111	7.54761904761905	11	9.74679434480896	6	2024	2016	Coleoptera	superfamily	295	0	4	287	0.461538461538462	0.147766323024055	NA
pairID1431	HayashiSota2014Donaciinae.nwk	KirschOkamura2025Chrysomelidae.nwk	G	O	GO	8	0	5	0	4.35889894354067	4	2014	2025	Coleoptera	subfamily	537	0	3	-533	0.875	0.47244094488189	NA
pairID1432	HayashiSota2014Donaciinae.nwk	KolschPedersen2008Donaciinae.nwk	G	G	GG	28	0.238520057940528	19.2304347826087	36	21.6333076527839	12	2014	2008	Coleoptera	subfamily	4	0	3	0	1	0.779220779220779	NA
pairID1433	HayashiSota2014Donaciinae.nwk	LinardVogler2018.nwk	G	M	GM	50	0.341551337702494	31.2794986132174	106	51.0783711564885	15	2014	2018	Coleoptera	subfamily	18	0	3	-14	1	0.0057235524182009	NA
pairID1434	HayashiSota2014Donaciinae.nwk	ReisKirsch2020Donaciinae.nwk	G	M	GM	16	0.0966909719644795	12.3333333333333	8	9.69535971483266	8	2014	2020	Coleoptera	subfamily	15	0	3	-11	1	0.857142857142857	NA
pairID1435	HebsgaardAndersen2004Nepomorpha.nwk	Johnson2018Paraneoptera.nwk	C	O	NA	10	0.310360762439816	5.33333333333333	9	6.48074069840786	7	2004	2018	Condylognatha	clade	2397	65	NA	-2393	0.7	0.195979899497487	NA
pairID1438	Hedtke2013Anthophila.nwk	Michez2009Melittidae.nwk	G	C	CG	12	0.18791878973695	7.85714285714286	8	7.28010988928052	9	2013	2009	Hymenoptera	superfamily	25	68	4	15	0.916666666666667	0.908641975308642	NA
pairID1439	Hedtke2013Anthophila.nwk	Packer2008Xeromelissinae.nwk	G	P	GP	11	0.342950082560232	5.16190476190476	9	5.65685424949238	7	2013	2008	Hymenoptera	family	20	248	3	20	1	0.897560975609756	NA
pairID1441	Hedtke2013Anthophila.nwk	Ramos2022Andreninae.nwk	G	G	GG	15	0.308924854788795	8.53181818181818	12	17.0880074906351	8	2013	2022	Hymenoptera	superfamily	29	0	4	11	0.933333333333333	0.819599109131403	NA
pairID1444	Hedtke2013Anthophila.nwk	SchaeferRenner2008Ctenoplectrini.nwk	G	G	GG	9	0.627824515342578	2.15	7	7.07106781186548	3	2013	2008	Hymenoptera	family	24	0	3	16	0.555555555555556	0.938775510204082	NA
pairID1445	Heikkila2014Gelechioidea.nwk	Heikkila2015Ditrysia.nwk	C	C	NA	55	0.33474070751361	39.584206308123	117	78.7273777030583	31	2014	2015	Lepidoptera	suborder	16	783	5	0	0.927272727272727	0.231968810916179	NA
pairID1447	Heikkila2014Gelechioidea.nwk	Karsholt2013Gelechiidae.nwk	C	G	CG	13	0.47122612050741	6.33333333333333	16	12.328828005938	7	2014	2013	Lepidoptera	superfamily	16	253	4	0	1	0.739130434782609	NA
pairID1448	Heikkila2014Gelechioidea.nwk	Kim2016Oecophoridae.nwk	C	G	CG	50	0.240471163845151	39.4052003552004	68	54.3231074221643	34	2014	2016	Lepidoptera	suborder	16	253	5	0	0.84	0.772727272727273	NA
pairID1449	Heikkila2014Gelechioidea.nwk	Regier2013Lepidoptera.nwk	C	G	CG	26	0.296798795887162	17.9100877192982	32	55.9910707166777	18	2014	2013	Lepidoptera	superfamily	27	253	4	-11	0.384615384615385	0.208041958041958	NA
pairID1450	Heikkila2014Gelechioidea.nwk	SohnRegier2016Gelechioidea.nwk	C	G	CG	30	0.286480255988717	20.7596553773024	45	46.4112055434892	13	2014	2016	Lepidoptera	superfamily	27	253	4	-11	0.366666666666667	0.691860465116279	NA
pairID1451	Heikkila2014Gelechioidea.nwk	WangLi2020Gelechioidea.nwk	C	G	CG	103	0.203526010954489	86.5642079924912	165	148.942942095287	61	2014	2020	Lepidoptera	superfamily	16	253	4	0	0.922330097087379	0.597989949748744	NA
pairID1453	Heikkila2015Ditrysia.nwk	Karsholt2013Gelechiidae.nwk	C	G	CG	11	0.488940704512521	5.06666666666667	12	10	7	2015	2013	Lepidoptera	superfamily	16	530	4	0	1	0.9140625	NA
pairID1454	Heikkila2015Ditrysia.nwk	Kawahara2009Sphingidae.nwk	C	G	CG	11	0.257505843173077	6.61904761904762	8	14.7986485869487	5	2015	2009	Lepidoptera	superfamily	13	530	4	3	0.545454545454545	0.777408637873754	NA
pairID1455	Heikkila2015Ditrysia.nwk	Kawahara2017Gracillariidae.nwk	C	G	CG	13	0.206236370617628	8.76666666666667	6	4.79583152331272	10	2015	2017	Lepidoptera	suborder	30	530	5	-14	0.461538461538462	0.821052631578947	NA
pairID1456	Heikkila2015Ditrysia.nwk	Kawahara2019Lepidoptera.nwk	C	O	NA	85	0.179089767673009	70.139918323383	144	138.607359111989	56	2015	2019	Lepidoptera	order	2106	530	6	-2090	0.247058823529412	0.742857142857143	NA
pairID1457	Heikkila2015Ditrysia.nwk	KawaharaStorer2023Papilionoidea.nwk	C	O	NA	37	0.136420983060955	30.146223316913	27	64.3506021727847	24	2015	2023	Lepidoptera	suborder	327	530	5	-311	0.459459459459459	0.17687074829932	NA
pairID1458	Heikkila2015Ditrysia.nwk	Keegan2019Amphipyrinae.nwk	C	G	CG	33	0.190704923095745	24.8072222222222	32	30.8220700148449	24	2015	2019	Lepidoptera	superfamily	15	530	4	1	0.909090909090909	0.793220338983051	NA
pairID1459	Heikkila2015Ditrysia.nwk	Keegan2021Noctuidae.nwk	C	G	CG	33	0.269165653057925	22.4857615564512	53	99.121138007995	10	2015	2021	Lepidoptera	superfamily	16	530	4	0	0.848484848484849	0.536697247706422	NA
pairID1460	Heikkila2015Ditrysia.nwk	Kim2016Oecophoridae.nwk	C	G	CG	24	0.477999607805878	13.622132034632	55	42.8835632847831	14	2015	2016	Lepidoptera	suborder	16	530	5	0	0.75	0.888045540796964	NA
pairID1461	Heikkila2015Ditrysia.nwk	Leger2020Crambidae.nwk	C	G	CG	22	0.374346405970816	13.2837301587302	33	17.5499287747842	16	2015	2020	Lepidoptera	superfamily	18	530	4	-2	0.727272727272727	0.860294117647059	NA
pairID1462	Heikkila2015Ditrysia.nwk	MayerDietz2021Lepidoptera.nwk	C	O	NA	76	0.190053236249813	61.4615011012379	126	61.367743970265	48	2015	2021	Lepidoptera	order	1843	530	6	-1827	0.315789473684211	0.78	NA
pairID1463	Heikkila2015Ditrysia.nwk	OunapNedumpally2025Geometridae.nwk	C	O	NA	10	0	7	0	0	10	2015	2025	Lepidoptera	family	656	530	3	-640	0.6	0.809688581314879	NA
pairID1464	Heikkila2015Ditrysia.nwk	Pinna2021Lepidoptera.nwk	C	G	CG	18	0.132430021022551	13.9666666666667	10	15.2315462117278	9	2015	2021	Lepidoptera	suborder	16	530	5	0	0.5	0.886363636363636	NA
pairID1465	Heikkila2015Ditrysia.nwk	Regier2008Saturniidae.nwk	C	G	CG	8	0.352766319646335	3.9	5	4.47213595499958	6	2015	2008	Lepidoptera	family	12	530	3	4	0.875	0.928571428571429	NA
pairID1466	Heikkila2015Ditrysia.nwk	Regier2012Tortricidae.nwk	C	G	CG	19	0.467665937318895	9.5452380952381	32	16.431676725155	11	2015	2012	Lepidoptera	suborder	13	530	5	3	0.315789473684211	0.910505836575875	NA
pairID1467	Heikkila2015Ditrysia.nwk	Regier2013Lepidoptera.nwk	C	G	CG	211	0.22368497989328	160.557155905742	518	458.345939220585	119	2015	2013	Lepidoptera	order	27	530	6	-11	0.345971563981043	0.546728971962617	NA
pairID1468	Heikkila2015Ditrysia.nwk	RegierCook2008Bombycoidea.nwk	C	G	CG	25	0.276715824726025	16.5286749482402	29	22.0680764907139	17	2015	2008	Lepidoptera	suborder	13	530	5	3	0.64	0.928571428571429	NA
pairID1469	Heikkila2015Ditrysia.nwk	Rota2011Choreutidae.nwk	C	G	CG	9	0	4	0	3.60555127546399	4	2015	2011	Lepidoptera	family	11	530	3	5	0.777777777777778	0.937875751503006	NA
pairID1470	Heikkila2015Ditrysia.nwk	Seifert2022Geometridae.nwk	C	G	CG	7	0	4	0	0	7	2015	2022	Lepidoptera	family	16	530	3	0	0.857142857142857	0.395604395604396	NA
pairID1471	Heikkila2015Ditrysia.nwk	SihvonenMutanen2011Geometridae.nwk	C	G	CG	14	0.081594331300417	10.4	3	7.68114574786861	12	2015	2011	Lepidoptera	suborder	16	530	5	0	0.857142857142857	0.771004942339374	NA
pairID1472	Heikkila2015Ditrysia.nwk	Sohn2013Yponomeutoidea.nwk	C	G	CG	52	0.302709877982825	34.7447316629259	88	48.6621002423858	28	2015	2013	Lepidoptera	parvorder	27	530	5	-11	0.384615384615385	0.835714285714286	NA
pairID1473	Heikkila2015Ditrysia.nwk	SohnRegier2016Gelechioidea.nwk	C	G	CG	21	0.466594046875457	11.9547619047619	35	35.9722114972099	9	2015	2016	Lepidoptera	superfamily	27	530	4	-11	0.285714285714286	0.889733840304182	NA
pairID1475	Heikkila2015Ditrysia.nwk	WahlbergWheat2008Lepidoptera.nwk	C	G	CG	14	0.121009687017475	9.5	4	4.69041575982343	11	2015	2008	Lepidoptera	superfamily	19	530	4	-3	0.714285714285714	0.90873786407767	NA
pairID1476	Heikkila2015Ditrysia.nwk	WangLi2020Gelechioidea.nwk	C	G	CG	53	0.338836155012651	37.8419239572688	119	82.6982466561414	21	2015	2020	Lepidoptera	suborder	16	530	5	0	0.886792452830189	0.785234899328859	NA
pairID1477	Heikkila2015Ditrysia.nwk	Wiemers2020Papilionoidea.nwk	C	G	CG	19	0.081090706410145	15.2222222222222	7	5	17	2015	2020	Lepidoptera	suborder	20	530	5	-4	0.789473684210526	0.496815286624204	NA
pairID1478	Heikkila2015Ditrysia.nwk	Zahiri2012Erebidae.nwk	C	G	CG	21	0.241552308101065	14.5606060606061	22	23.7486841740758	15	2015	2012	Lepidoptera	superfamily	16	530	4	0	0.904761904761905	0.73125	NA
pairID1479	Heikkila2015Ditrysia.nwk	Zahiri2013Nolidae.nwk	C	G	CG	17	0.238841291159431	11.6222222222222	14	10.2469507659596	11	2015	2013	Lepidoptera	superfamily	16	530	4	0	0.823529411764706	0.84629294755877	NA
pairID1480	Heikkila2015Ditrysia.nwk	Zaspel2014Arctiinae.nwk	C	G	CG	9	0	6	0	0	9	2015	2014	Lepidoptera	family	17	530	3	-1	0.888888888888889	0.861878453038674	NA
pairID1481	Heikkila2015Ditrysia.nwk	ZenkerWahlberg2017Arctiinae.nwk	C	G	CG	8	0	5	0	0	8	2015	2017	Lepidoptera	subfamily	16	530	3	0	0.75	0.661951909476662	NA
pairID1482	Heikkila2015Ditrysia.nwk	Zwick2008Bombycoidea.nwk	C	G	CG	17	0.312225927520336	11.0900765900766	20	22.7156333832011	8	2015	2008	Lepidoptera	superfamily	10	530	4	6	0.588235294117647	0.901734104046243	NA
pairID1483	Heikkila2015Ditrysia.nwk	Zwick2011Bombycoidea.nwk	C	G	CG	24	0.247563255352042	16.8004022121669	26	14.0712472794703	19	2015	2011	Lepidoptera	superfamily	33	530	4	-17	0.583333333333333	0.932270916334661	NA
pairID1484	HeikkilaKaila2010Lypusidae.nwk	Kaila1999Elachistidae.nwk	P	P	NA	7	0.489714670274654	1.33333333333333	2	2	4	2010	1999	Lepidoptera	superfamily	0	324	4	0	1	0.720812182741117	NA
pairID1486	HeikkilaKaila2010Lypusidae.nwk	Kim2016Oecophoridae.nwk	P	G	GP	33	0.601228796095537	11.2699556863172	70	40.5215991787096	10	2010	2016	Lepidoptera	superfamily	8	193	4	-8	0.909090909090909	0.747368421052632	NA
pairID1487	HeikkilaKaila2010Lypusidae.nwk	Regier2013Lepidoptera.nwk	P	G	GP	18	0.386738088049734	7.58333333333333	16	13.3790881602597	9	2010	2013	Lepidoptera	superfamily	19	193	4	-19	0.555555555555556	0.238655462184874	NA
pairID1488	HeikkilaKaila2010Lypusidae.nwk	SohnRegier2016Gelechioidea.nwk	P	G	GP	20	0.518974868686942	6.18181818181818	24	16.062378404209	8	2010	2016	Lepidoptera	superfamily	19	193	4	-19	0.5	0.724489795918367	NA
pairID1491	Heraty2004Gollumiellinae.nwk	Heraty2013Chalcidoidea.nwk	G	C	CG	21	0.0892046048962808	15.4761904761905	8	14.7648230602334	16	2004	2013	Hymenoptera	superfamily	4	233	4	0	0.571428571428571	0.195718654434251	NA
pairID1492	Heraty2004Gollumiellinae.nwk	MunroHeraty2011Chalcidoidea.nwk	G	G	GG	35	0.223524787572173	25.0201149425287	40	60.3489850784584	15	2004	2011	Hymenoptera	superfamily	4	0	4	0	0.771428571428571	0.130081300813008	NA
pairID1494	Heraty2004Gollumiellinae.nwk	Zhang2022Chalcidoidea.nwk	G	O	GO	25	0.273933741410105	16.292402042402	29	15.7480157480236	15	2004	2022	Hymenoptera	superfamily	1334	0	4	-1330	0.64	0.484848484848485	NA
pairID1495	Heraty2013Chalcidoidea.nwk	JanstaCruaud2018Torymidae.nwk	C	G	CG	19	0.276026655908267	12.5441558441558	21	34.2052627529741	11	2013	2018	Hymenoptera	superfamily	7	233	4	-3	0.421052631578947	0.764227642276423	NA
pairID1496	Heraty2013Chalcidoidea.nwk	LotfalizadehDelvare2007Eurytominae.nwk	C	P	NA	14	0.501599763418823	6.86111111111111	25	14.6969384566991	7	2013	2007	Hymenoptera	superfamily	2	383	4	2	0.5	0.742105263157895	NA
pairID1500	Heraty2013Chalcidoidea.nwk	Rasplus2020Eulophidae.nwk	C	O	NA	28	0.221756907405087	20.465744400527	34	30.8706980808663	15	2013	2020	Hymenoptera	superfamily	881	233	4	-877	0.25	0.787709497206704	NA
pairID1502	Heraty2013Chalcidoidea.nwk	Zhang2022Chalcidoidea.nwk	C	O	NA	28	0.201636757771116	19.6420745920746	30	22.2710574513201	17	2013	2022	Hymenoptera	superfamily	1334	233	4	-1330	0.642857142857143	0.810344827586207	NA
pairID1503	Heraty2013Chalcidoidea.nwk	ZhangDelvare2025Eurytomidae.nwk	C	O	NA	16	0.566267672102321	7.16428571428571	26	13.3416640641263	9	2013	2025	Hymenoptera	family	964	233	3	-960	0.5	0.75	NA
pairID1504	Hereward2016Miridae.nwk	KimJung2019Mirinae.nwk	M	C	NA	7	0	4	0	0	7	2016	2019	Condylognatha	subfamily	19	85	3	11	0.857142857142857	0.100917431192661	NA
pairID1505	HermesMelo2014Eumeninae.nwk	PiekarskiCarpenter2018Vespidae.nwk	P	O	NA	8	0.303975896680236	3.66666666666667	4	2	6	2014	2018	Hymenoptera	subfamily	235	134	3	-235	0.5	0.371428571428571	NA
pairID1506	Hines2006Pyrobombus.nwk	Hines2008Bombus.nwk	G	G	GG	74	0.0748709989359484	65.4388471177945	49	56.6921511322335	65	2006	2008	Hymenoptera	subgenus	9	0	1	-1	1	0.330357142857143	NA
pairID1507	Hines2008Bombus.nwk	RasmussenCameron2007Meliponini.nwk	G	G	GG	7	0	3	0	0	6	2008	2007	Hymenoptera	subfamily	9	0	3	1	1	0.797153024911032	NA
pairID1508	HinesHunt2007Vespidae.nwk	PiekarskiCarpenter2018Vespidae.nwk	G	O	GO	21	0.0446875099762778	17.2	4	2.64575131106459	20	2007	2018	Hymenoptera	family	239	0	3	-231	0.285714285714286	0.202898550724638	NA
pairID1513	HohnaLower2021Lampyridae.nwk	LinardVogler2018.nwk	O	M	MO	30	0.424130496590749	15.8827838827839	58	27.7848879788996	15	2021	2018	Coleoptera	family	452	0	3	420	0.866666666666667	0.00590026646364675	NA
pairID1514	HohnaLower2021Lampyridae.nwk	MartinBranham2017Lampyridae.nwk	O	C	NA	30	0.243434421302488	21.2246296296296	42	69.8927750200262	19	2021	2017	Coleoptera	family	439	410	3	433	0.733333333333333	0.558558558558559	NA
pairID1515	HohnaLower2021Lampyridae.nwk	MartinStangerHall2019Lampyridae.nwk	O	O	OO	44	0.102787724717854	37.0233516483516	28	11.2694276695846	38	2021	2019	Coleoptera	family	872	0	3	0	1	0.939393939393939	AHE.AHE
pairID1516	HohnaLower2021Lampyridae.nwk	StangerHallLloyd2007Lampyridae.nwk	O	G	GO	19	0.319585780152198	12.3676470588235	24	15.6843871413581	13	2021	2007	Coleoptera	family	439	0	3	433	0.631578947368421	0.601941747572815	NA
pairID1518	Homziak2019Erebinae.nwk	Zahiri2012Erebidae.nwk	O	G	GO	41	0.394758218045219	26.3277639027639	86	41.0121933088198	24	2019	2012	Lepidoptera	subfamily	666	0	3	650	0.24390243902439	0.29296875	NA
pairID1519	Hornok2021Cimicidae.nwk	Jung2010Anthocoridae.nwk	G	G	GG	8	0.623090394238801	2.86666666666667	8	5.3851648071345	5	2021	2010	Condylognatha	superfamily	7	0	4	1	0.875	0.608695652173913	NA
pairID1520	Hornok2021Cimicidae.nwk	JungLee2012Cimicoidea.nwk	G	G	GG	8	0.603227257295797	2.4	7	6	4	2021	2012	Condylognatha	superfamily	7	0	4	1	0.875	0.56	NA
pairID1521	Hornok2021Cimicidae.nwk	Kim2022Nabidae.nwk	G	G	GG	8	0.204107761717123	4.2	4	5.29150262212918	4	2021	2022	Condylognatha	superfamily	8	0	4	0	0.75	0.488372093023256	NA
pairID1522	Hornschemeyer2009Archostemata.nwk	LiLiu2019Cupedidae.nwk	P	P	NA	9	0.327554382279271	3.83333333333333	6	5.47722557505166	6	2009	2019	Coleoptera	order	0	220	6	0	1	1	NA
pairID1523	Hornschemeyer2009Archostemata.nwk	LinardVogler2018.nwk	P	M	NA	6	0	2	0	0	5	2009	2018	Coleoptera	suborder	16	110	5	-16	0.833333333333333	0.00380698581897782	NA
pairID1524	HouQilemoge2019Dolichopodidae.nwk	QilemogeLin2020Dolichopodidae.nwk	M	M	MM	12	0.0808202074182903	8.33333333333333	2	1.4142135623731	11	2019	2020	Diptera	suborder	26	0	5	0	1	0.875	NA
pairID1525	HouQilemoge2019Dolichopodidae.nwk	QilemogeZhang2018Dolichopodidae.nwk	M	M	MM	12	0.0879993189782198	8.5	2	2	11	2019	2018	Diptera	suborder	26	0	5	0	1	0.933333333333333	NA
pairID1526	HouQilemoge2019Dolichopodidae.nwk	QilemogeZhang2019Dolichopodidae.nwk	M	M	MM	12	0.16881952639651	7.83333333333333	4	3.16227766016838	10	2019	2019	Diptera	suborder	28	0	5	-2	1	0.875	NA
pairID1527	HuGao2019Dicerapanorpa.nwk	WangHua2021Panorpidae.nwk	G	P	GP	7	0.732492366804475	1.95	8	6	4	2019	2021	Other	family	4	182	3	4	1	0.100591715976331	NA
pairID1528	HuToda2001Drosophilinae.nwk	SultanaHu2006Colocasiomyia.nwk	P	P	NA	12	0.323528197114677	6.21428571428571	9	8.42614977317636	8	2001	2006	Diptera	subfamily	0	130	3	0	0.833333333333333	0.678571428571429	NA
pairID1530	HuYan2015Panorpidae.nwk	MiaoMa2017Cerapanorpa.nwk	G	G	GG	26	0.128557738885319	20.1474358974359	17	8.12403840463596	21	2015	2017	Other	family	6	0	3	0	0.961538461538462	0.907692307692308	NA
pairID1531	HuYan2015Panorpidae.nwk	MiaoWang2019Panorpidae.nwk	G	G	GG	55	0.124535785285942	45.875347985348	44	20.5669638012031	43	2015	2019	Other	family	6	0	3	0	0.981818181818182	0.686046511627907	NA
pairID1532	HuYan2015Panorpidae.nwk	WangHua2021Panorpidae.nwk	G	P	GP	36	0.26888333643888	24.1099548599549	60	35.1852241715184	24	2015	2021	Other	order	3	182	6	3	1	0.325966850828729	NA
pairID1533	HuYan2015Panorpidae.nwk	Whiting2002Mecoptera.nwk	G	G	GG	9	0.340548316605646	4.28571428571429	6	3.16227766016838	7	2015	2002	Other	genus	7	0	1	-1	0.888888888888889	0.531531531531532	NA
pairID1534	HuangCarpenter2019Stenogastrinae.nwk	HuangSu2016Hymenoptera.nwk	M	M	MM	12	0.110083076730674	8.5	3	6.557438524302	9	2019	2016	Hymenoptera	infraorder	26	0	5	0	1	0.55	NA
pairID1535	HuangCarpenter2019Stenogastrinae.nwk	KimJeong2017Vespoidea.nwk	M	M	MM	11	0.0952897250243174	7.5	2	2	10	2019	2017	Hymenoptera	infraorder	26	0	5	0	1	0.891891891891892	NA
pairID1536	HuangCarpenter2019Stenogastrinae.nwk	LinSong2023Formicidae.nwk	M	M	MM	9	0.144415288284277	5.5	2	2	8	2019	2023	Hymenoptera	infraorder	26	0	5	0	1	0.305555555555556	NA
pairID1537	HuangCarpenter2019Stenogastrinae.nwk	Perrard2016Vespinae.nwk	M	G	GM	8	0.316030635928521	4.08333333333333	5	4.24264068711928	7	2019	2016	Hymenoptera	subfamily	22	0	3	4	0.875	0.428571428571429	NA
pairID1539	HuangCarpenter2019Stenogastrinae.nwk	Song2016Vespoidea.nwk	M	M	MM	7	0	4	0	0	7	2019	2016	Hymenoptera	infraorder	26	0	5	0	0.857142857142857	0.846153846153846	NA
pairID1540	HuangCarpenter2019Stenogastrinae.nwk	SuHuang2016Eurytomidae.nwk	M	M	MM	12	0	9	0	6.40312423743285	10	2019	2016	Hymenoptera	infraorder	26	0	5	0	1	0.532258064516129	NA
pairID1541	HuangCarpenter2019Stenogastrinae.nwk	ZhangLi2022Formicidae.nwk	M	M	MM	9	0.241711577154947	4.93333333333333	6	4.79583152331272	7	2019	2022	Hymenoptera	family	26	0	3	0	0.777777777777778	0.44	NA
pairID1542	HuangSu2016Hymenoptera.nwk	Kaltenpoth2012Endopterygota.nwk	M	M	MM	11	0.441139046475923	5.32857142857143	13	8.94427190999916	7	2016	2012	Hymenoptera	order	30	0	6	-4	0.727272727272727	0.327731092436975	NA
pairID1543	HuangSu2016Hymenoptera.nwk	KimJeong2017Vespoidea.nwk	M	M	MM	8	0.301721920097557	4	4	4	7	2016	2017	Hymenoptera	infraorder	26	0	5	0	1	0.847826086956522	NA
pairID1544	HuangSu2016Hymenoptera.nwk	LinSong2023Formicidae.nwk	M	M	MM	11	0.245582822883336	6.46031746031746	8	5.29150262212918	9	2016	2023	Hymenoptera	infraorder	26	0	5	0	1	0.348214285714286	NA
pairID1545	HuangSu2016Hymenoptera.nwk	Song2016Vespoidea.nwk	M	M	MM	8	0.194433591419366	4.25	3	2	7	2016	2016	Hymenoptera	infraorder	26	0	5	0	0.875	0.886363636363636	NA
pairID1546	HuangSu2016Hymenoptera.nwk	SuHuang2016Eurytomidae.nwk	M	M	MM	38	0.259186257161243	28.2353603045823	70	36.4691650576209	24	2016	2016	Hymenoptera	order	26	0	6	0	1	0.928571428571429	NA
pairID1547	HuangSu2016Hymenoptera.nwk	Wei2014Hymenoptera.nwk	M	M	MM	14	0.403875473604515	7.90357142857143	18	10.770329614269	9	2016	2014	Hymenoptera	order	28	0	6	-2	0.857142857142857	0.764705882352941	NA
pairID1548	HuangSu2016Hymenoptera.nwk	ZhangLi2022Formicidae.nwk	M	M	MM	11	0.198711238867414	6.93333333333333	4	6.92820323027551	9	2016	2022	Hymenoptera	infraorder	26	0	5	0	1	0.506493506493506	NA
pairID1549	HuangSu2016Hymenoptera.nwk	ZhengCao2018Apoidea.nwk	M	M	MM	7	0	4	0	0	7	2016	2018	Hymenoptera	infraorder	26	0	5	0	1	0.696428571428571	NA
pairID1552	HuntBergsten2007Coleoptera.nwk	JohnsonMcKenna2018Scolytinae.nwk	G	O	GO	21	0.577532539278038	10.4796757164404	55	41.0487515035476	8	2007	2018	Coleoptera	subfamily	254	0	3	-248	0.285714285714286	0.94019728729963	NA
pairID1553	HuntBergsten2007Coleoptera.nwk	KavanaughMaddison2021Nebriitae.nwk	G	G	GG	11	0.269374673295938	6.16666666666667	6	3.60555127546399	9	2007	2021	Coleoptera	superfamily	11	0	4	-5	0.909090909090909	0.875430539609644	NA
pairID1554	HuntBergsten2007Coleoptera.nwk	KergoatSoldati2014Tenebrionidae.nwk	G	G	GG	121	0.472214386713464	74.0630896483381	577	174.957137608044	37	2007	2014	Coleoptera	suborder	11	0	5	-5	0.859504132231405	0.871926815323042	NA
pairID1555	HuntBergsten2007Coleoptera.nwk	KirschOkamura2025Chrysomelidae.nwk	G	O	GO	24	0.270795553439882	16.1515151515152	28	16.9705627484771	18	2007	2025	Coleoptera	family	538	0	3	-532	0.333333333333333	0.958516656191075	NA
pairID1556	HuntBergsten2007Coleoptera.nwk	Kundrata2016Elateriformia.nwk	G	G	GG	73	0.361284223165521	45.3503523640847	200	83.8510584310061	26	2007	2016	Coleoptera	infraorder	7	0	5	-1	0.602739726027397	0.878962536023055	NA
pairID1557	HuntBergsten2007Coleoptera.nwk	KundrataBocak2011Elateridae.nwk	G	G	GG	49	0.414912103771554	29.982553120709	129	62.9523629421486	20	2007	2011	Coleoptera	superfamily	7	0	4	-1	0.571428571428571	0.955513784461153	NA
pairID1558	HuntBergsten2007Coleoptera.nwk	KundrataBocakova2013Elateroidea.nwk	G	G	GG	61	0.371225933353591	38.2683279426093	161	57.9050947672137	26	2007	2013	Coleoptera	infraorder	7	0	5	-1	0.737704918032787	0.958516656191075	NA
pairID1559	HuntBergsten2007Coleoptera.nwk	KusyHe2021Elateroidea.nwk	G	O	GO	18	0.350988543753969	10.3428571428571	25	14.2828568570857	11	2007	2021	Coleoptera	infraorder	4202	0	5	-4196	0.388888888888889	0.978818998716303	NA
pairID1560	HuntBergsten2007Coleoptera.nwk	KusyMotyka2019Lycidae.nwk	G	O	GO	17	0.725350698930062	6.1024975024975	48	29.1376045686669	6	2007	2019	Coleoptera	family	4168	0	3	-4162	0.529411764705882	0.991547464239272	NA
pairID1561	HuntBergsten2007Coleoptera.nwk	LetschBalke2020Cryptorhynchinae.nwk	G	G	GG	33	0.532966701782953	17.4553884711779	91	52.6972485050216	13	2007	2020	Coleoptera	superfamily	11	0	4	-5	0.393939393939394	0.862556561085973	NA
pairID1563	HuntBergsten2007Coleoptera.nwk	LiMoritz2024Tenebrionidae.nwk	G	O	GO	22	0.621301418845684	9.72784715284715	55	34.7994252826106	10	2007	2024	Coleoptera	superfamily	559	0	4	-553	0.272727272727273	0.888177052999418	NA
pairID1564	HuntBergsten2007Coleoptera.nwk	LinardVogler2018.nwk	G	M	GM	1235	0.330143777857461	817.828025532284	7742	1783.88901000034	356	2007	2018	Coleoptera	order	19	0	6	-13	0.870445344129555	0.139869760616344	NA
pairID1565	HuntBergsten2007Coleoptera.nwk	MaddisonKanda2019Trechitae.nwk	G	G	GG	9	0.424078046682467	4.4	9	7.34846922834953	5	2007	2019	Coleoptera	subfamily	10	0	3	-4	0.666666666666667	0.892334698654184	NA
pairID1566	HuntBergsten2007Coleoptera.nwk	MagroLecompte2010Coccinellidae.nwk	G	G	GG	15	0.294193857032162	9.47222222222222	16	16.2788205960997	10	2007	2010	Coleoptera	family	9	0	3	-3	0.6	0.968869123252859	NA
pairID1567	HuntBergsten2007Coleoptera.nwk	MarvaldiSequeira2002Curculionoidea.nwk	G	C	CG	88	0.612691459181871	43.1399443203744	474	208.14898510442	28	2007	2002	Coleoptera	superfamily	4	115	4	2	0.875	0.986416558861578	NA
pairID1568	HuntBergsten2007Coleoptera.nwk	McKennaSequeira2009Curculionoidea.nwk	G	G	GG	67	0.602440781118852	31.8338088499602	299	156.096124231193	21	2007	2009	Coleoptera	superfamily	9	0	4	-3	0.164179104477612	0.927615571776156	NA
pairID1570	HuntBergsten2007Coleoptera.nwk	MckennaWild2015Coleoptera.nwk	G	G	GG	136	0.366330249537396	83.8648999013568	469	351.205068300559	55	2007	2015	Coleoptera	order	11	0	6	-5	0.220588235294118	0.824770146024878	NA
pairID1571	HuntBergsten2007Coleoptera.nwk	MichatAlarie2017Dytiscidae.nwk	G	P	GP	24	0.525052774652956	12.0762892078682	54	25.9422435421457	11	2007	2017	Coleoptera	superfamily	3	304	4	3	0.416666666666667	0.94077729796422	NA
pairID1572	HuntBergsten2007Coleoptera.nwk	MonaghanInward2007Scarabaeinae.nwk	G	G	GG	19	0.54737085036382	9.00555555555556	38	14.247806848775	11	2007	2007	Coleoptera	family	6	0	3	0	0.947368421052632	0.901300236406619	NA
pairID1573	HuntBergsten2007Coleoptera.nwk	MotykaKusy2021Lycidae.nwk	G	G	GG	27	0.691036891813552	11.0451146247973	95	42.871902220452	10	2007	2021	Coleoptera	family	8	0	3	-2	0.555555555555556	0.97319719208679	NA
pairID1574	HuntBergsten2007Coleoptera.nwk	MotykaKusy2023Cantharidae.nwk	G	G	GG	10	0.256436081678075	5.66666666666667	5	3.87298334620742	9	2007	2023	Coleoptera	superfamily	6	0	4	0	0.6	0.968869123252859	NA
pairID1575	HuntBergsten2007Coleoptera.nwk	NieBreeschoten2018Galerucinae.nwk	G	M	GM	28	0.422112586446286	16.0273448773449	54	23.2379000772445	16	2007	2018	Coleoptera	family	18	0	3	-12	0.464285714285714	0.945443273403596	NA
pairID1576	HuntBergsten2007Coleoptera.nwk	PistoneGohli2018Scolytinae.nwk	G	G	GG	35	0.474694036614002	21.5304139268866	98	98.1274681218261	11	2007	2018	Coleoptera	subfamily	21	0	3	-15	0.542857142857143	0.908278737343657	NA
pairID1577	HuntBergsten2007Coleoptera.nwk	Ragionieri2023Tenebrionidae.nwk	G	O	GO	12	0.467614639848054	5.86031746031746	16	13.1909059582729	6	2007	2023	Coleoptera	superfamily	1745	0	4	-1739	0.5	0.951935081148564	NA
pairID1578	HuntBergsten2007Coleoptera.nwk	RiccieriMancini2022Meloidae.nwk	G	G	GG	15	0.422252403875532	8.15833333333333	21	13.9642400437689	6	2007	2022	Coleoptera	superfamily	7	0	4	-1	0.533333333333333	0.912081339712919	NA
pairID1579	HuntBergsten2007Coleoptera.nwk	RobertsonMcHugh2004Erotylidae.nwk	G	G	GG	29	0.371454266195879	17.4385742035742	53	32.0468407179241	15	2007	2004	Coleoptera	superfamily	5	0	4	1	1	0.99803664921466	NA
pairID1580	HuntBergsten2007Coleoptera.nwk	RobertsonSlipinski2015Cucujoidea.nwk	G	G	GG	70	0.357834825214487	45.9373899648446	197	71.7286553617172	37	2007	2015	Coleoptera	suborder	11	0	5	-5	0.385714285714286	0.854820627802691	NA
pairID1581	HuntBergsten2007Coleoptera.nwk	ShortFikacek2013Hydrophilidae.nwk	G	G	GG	13	0.654947383067759	5.175	26	17.1755640373177	7	2007	2013	Coleoptera	superfamily	9	0	4	-3	0.769230769230769	0.934436274509804	NA
pairID1582	HuntBergsten2007Coleoptera.nwk	SipekFabrizi2016Cetoniinae.nwk	G	G	GG	46	0.483821858632932	25.7560124248318	148	71.2460525222275	20	2007	2016	Coleoptera	family	6	0	3	0	0.673913043478261	0.891812865497076	NA
pairID1583	HuntBergsten2007Coleoptera.nwk	SongLi2020Curculionoidea.nwk	G	M	GM	31	0.537747112982917	16.3791666666667	85	39.7994974842648	14	2007	2020	Coleoptera	superfamily	16	0	4	-10	0.32258064516129	0.947793660658794	NA
pairID1584	HuntBergsten2007Coleoptera.nwk	SongYin2018Chrysomelidae.nwk	G	M	GM	17	0.286670724723367	10.1309523809524	16	6	12	2007	2018	Coleoptera	family	16	0	3	-10	0.352941176470588	0.983236621534494	NA
pairID1586	HuntBergsten2007Coleoptera.nwk	TarasovDimitrov2016Scarabaeinae.nwk	G	G	GG	21	0.511454026825651	11.1103174603175	49	51.0392006206994	10	2007	2016	Coleoptera	subfamily	11	0	3	-5	0.619047619047619	0.84769316286826	NA
pairID1587	HuntBergsten2007Coleoptera.nwk	TomaszewskaEscalona2021Coccinellini.nwk	G	G	GG	9	0.52786863313439	3.68333333333333	9	5.29150262212918	7	2007	2021	Coleoptera	family	9	0	3	-3	0.777777777777778	0.916466346153846	NA
pairID1588	HuntBergsten2007Coleoptera.nwk	TomaszewskaSzawaryn2023Coccinelloidea.nwk	G	G	GG	25	0.317213133706545	15.6220405553526	38	30	11	2007	2023	Coleoptera	superfamily	11	0	4	-5	0.32	0.912627169359665	NA
pairID1589	HuntBergsten2007Coleoptera.nwk	VictorZuniga2016Dendroctonus.nwk	G	C	CG	7	0	4	0	3.74165738677394	5	2007	2016	Coleoptera	genus	4	36	1	2	1	0.99090318388564	NA
pairID1590	HuntBergsten2007Coleoptera.nwk	ZhangChe2018Coleoptera.nwk	G	O	GO	115	0.361741305880085	74.8008850931473	360	257.176981862685	54	2007	2018	Coleoptera	suborder	98	0	5	-92	0.31304347826087	0.846751804553026	NA
pairID1591	HuntBergsten2007Coleoptera.nwk	ZhangSong2022Chrysomelidae.nwk	G	M	GM	54	0.377732629856891	33.4919231935536	121	62.7933117457584	17	2007	2022	Coleoptera	family	16	0	3	-10	0.444444444444444	0.905581947743468	NA
pairID1592	HuntBergsten2007Coleoptera.nwk	ZhouCaterino2020Histeridae.nwk	G	C	CG	20	0.427922521172106	11.0314192343604	37	26.6645832519468	11	2007	2020	Coleoptera	superfamily	7	69	4	-1	0.45	0.972576530612245	NA
pairID1593	HwangWeirauch2012Reduviidae.nwk	Masonick2024Reduviidae.nwk	G	C	CG	54	0.164103577300746	42.4780019000607	48	25.8650343127551	43	2012	2024	Condylognatha	family	2296	112	3	-2286	0.666666666666667	0.495535714285714	NA
pairID1595	IkedaKagaya2008Silphinae.nwk	LinardVogler2018.nwk	G	M	GM	30	0.159040647179176	23.5468531468531	25	16.2788205960997	24	2008	2018	Coleoptera	superfamily	20	0	4	-12	1	0.00286450873675165	NA
pairID1596	IkedaKagaya2008Silphinae.nwk	MahlerovaJakubec2025Silphini.nwk	G	G	GG	15	0.108996699290609	10.6666666666667	4	2	13	2008	2025	Coleoptera	family	9	0	3	-1	1	0.526315789473684	NA
pairID1597	IkedaKagaya2008Silphinae.nwk	SikesVenables2013Nicrophorinae.nwk	G	G	GG	8	0.301721920097557	4	4	6	5	2008	2013	Coleoptera	subfamily	8	0	3	0	1	0.4	NA
pairID1598	IsazaAlzate2017Tephritidae.nwk	JeongKim2017Tephritidae.nwk	M	M	MM	11	0.200803911334292	6.73333333333333	5	4.79583152331272	9	2017	2017	Diptera	subfamily	26	0	3	0	1	0.869565217391304	NA
pairID1599	IsazaAlzate2017Tephritidae.nwk	LiuJia2017Bactrocera.nwk	M	M	MM	9	0	4	0	3.16227766016838	5	2017	2017	Diptera	subgenus	26	0	1	0	1	0.833333333333333	NA
pairID1600	IsazaAlzate2017Tephritidae.nwk	Smith2002Dacini.nwk	M	G	GM	6	0.308181620264318	2.33333333333333	2	2.44948974278318	5	2017	2002	Diptera	subfamily	16	0	3	10	0.666666666666667	0.408163265306122	NA
pairID1601	IsazaAlzate2017Tephritidae.nwk	Valerio2021Bactrocera.nwk	M	O	MO	7	0.216781933149046	3.33333333333333	2	2.82842712474619	6	2017	2021	Diptera	subfamily	123	0	3	-97	1	0.8	NA
pairID1602	IsazaAlzate2017Tephritidae.nwk	Virgilio2015Dacini.nwk	M	G	GM	6	0.308181620264318	2.33333333333333	2	1.4142135623731	5	2017	2015	Diptera	subgenus	18	0	1	8	0.833333333333333	0.224719101123595	NA
pairID1603	IsazaAlzate2017Tephritidae.nwk	ZhangJiang2016Bactrocera.nwk	M	M	MM	7	0	4	0	0	7	2017	2016	Diptera	subfamily	26	0	3	0	1	0.952380952380952	NA
pairID1604	IsazaAlzate2017Tephritidae.nwk	Zhou2020Dacini.nwk	M	M	MM	10	0	7	0	0	10	2017	2020	Diptera	family	28	0	3	-2	1	0.645161290322581	NA
pairID1607	Jaloszynski2012Cephenniini.nwk	Jaloszynski2014Cephenniitae.nwk	P	P	NA	4	0	1	0	0	4	2012	2014	Coleoptera	subfamily	0	284	3	0	1	0.958333333333333	NA
pairID1608	JamesonMico2007Anisopliina.nwk	LinardVogler2018.nwk	P	M	NA	6	0.822583440389521	1.33333333333333	6	4.89897948556636	4	2007	2018	Coleoptera	subfamily	16	91	3	-16	1	0.00428082191780822	NA
pairID1609	Jansen2010Myrmica.nwk	JansenSavolainen2010Myrmicini.nwk	G	G	GG	25	0.26868248101681	14.95	33	23.1516738055805	14	2010	2010	Hymenoptera	family	14	0	3	-2	1	0.814432989690722	NA
pairID1610	JanstaCruaud2018Torymidae.nwk	MunroHeraty2011Chalcidoidea.nwk	G	G	GG	26	0.304165805551209	18.459335839599	36	34.8568501158667	17	2018	2011	Hymenoptera	superfamily	7	0	4	3	0.730769230769231	0.185046728971963	NA
pairID1611	JarvisHaas2005Dermaptera.nwk	KocarekJohn2013Forficuloidea.nwk	C	G	CG	25	0.173404995832521	19.6880570409982	25	24.5560583156173	15	2005	2013	Polyneoptera	suborder	6	43	5	0	0.88	0.75	NA
pairID1612	JarvisHaas2005Dermaptera.nwk	NaegleMugleston2016Dermaptera.nwk	C	G	CG	24	0.125782824738174	18.5952380952381	14	7.21110255092798	21	2005	2016	Polyneoptera	suborder	8	43	5	-2	0.916666666666667	0.658536585365854	NA
pairID1613	JarvisWhiting2006Grylloblattodea.nwk	NakahamaYamasaki2023Grylloblattidae.nwk	G	G	GG	9	0.167199524118413	5.2	4	2.64575131106459	8	2006	2023	Polyneoptera	family	9	0	3	3	0.888888888888889	0.391304347826087	NA
pairID1614	JarvisWhiting2006Grylloblattodea.nwk	ZhouChen2023Grylloblattidae.nwk	G	G	GG	8	0.194433591419366	4.25	3	3.60555127546399	7	2006	2023	Polyneoptera	family	12	0	3	0	0.875	0.692307692307692	NA
pairID1615	JassoMartinez2019Rhaconotini.nwk	ZaldivarRiveron2008Doryctinae.nwk	G	G	GG	14	0.213141078860162	9.15844155844156	11	6.40312423743285	11	2019	2008	Hymenoptera	subfamily	4	0	3	0	0.785714285714286	0.447761194029851	NA
pairID1616	JassoMartinez2022Braconidae.nwk	JassoMartinez2022Braconidae4.nwk	M	O	MO	102	0.225354673376092	76.6752189501918	196	65.0461374717977	60	2022	2022	Hymenoptera	superfamily	2605	0	4	-2575	0.735294117647059	0.390029325513196	NA
pairID1617	JassoMartinez2022Braconidae.nwk	JassoMartinezQuicke2021Rogadinae.nwk	M	O	MO	31	0.250195645613953	21.2130952380952	34	11.2694276695846	21	2022	2021	Hymenoptera	family	426	0	3	-396	0.870967741935484	0.847133757961783	NA
pairID1618	JassoMartinez2022Braconidae.nwk	Li2016Braconidae.nwk	M	M	MM	14	0.137365851301885	9.58333333333333	5	2.44948974278318	12	2022	2016	Hymenoptera	family	28	0	3	2	0.428571428571429	0.858064516129032	NA
pairID1619	JassoMartinez2022Braconidae.nwk	QuickeFaganJeffries2021Rogadinae.nwk	M	G	GM	37	0.284742748474003	25.1234126984127	53	46.6368952654441	19	2022	2021	Hymenoptera	family	19	0	3	11	0.324324324324324	0.363387978142077	NA
pairID1620	JassoMartinez2022Braconidae.nwk	SharanowskiDowling2011Braconidae.nwk	M	G	GM	40	0.333258346656776	26.0503758281622	82	42.6380112106557	22	2022	2011	Hymenoptera	superfamily	19	0	4	11	0.45	0.627358490566038	NA
pairID1621	JassoMartinez2022Braconidae.nwk	SharanowskiRidenbaugh2021Ichneumonoidea.nwk	M	O	MO	15	0.113980464036464	10.8333333333333	4	3.16227766016838	13	2022	2021	Hymenoptera	superfamily	556	0	4	-526	0.466666666666667	0.678571428571429	NA
pairID1622	JassoMartinez2022Braconidae.nwk	ShiChen2005Braconidae.nwk	M	C	NA	37	0.2957259185949	24.987987012987	53	24	24	2022	2005	Hymenoptera	family	18	96	3	12	0.351351351351351	0.642512077294686	NA
pairID1623	JassoMartinez2022Braconidae.nwk	ZaldivarRiveron2008Doryctinae.nwk	M	G	GM	22	0.233397629195475	15.2833333333333	23	8.66025403784439	17	2022	2008	Hymenoptera	family	17	0	3	13	0.409090909090909	0.636363636363636	NA
pairID1624	JassoMartinez2022Braconidae.nwk	ZaldivarRiveron2008Rogadinae.nwk	M	G	GM	32	0.409654480962731	18.6947855378196	71	30.0499584026334	16	2022	2008	Hymenoptera	family	17	0	3	13	0.3125	0.633333333333333	NA
pairID1625	JassoMartinez2022Braconidae.nwk	ZaldivarRiveron2014Doryctinae.nwk	M	G	GM	11	0.355319633402198	6.11904761904762	12	9.48683298050514	7	2022	2014	Hymenoptera	family	19	0	3	11	0.545454545454545	0.841772151898734	NA
pairID1626	JassoMartinez2022Braconidae4.nwk	JassoMartinezQuicke2021Rogadinae.nwk	O	O	OO	42	0.16344667442368	34.6563492063492	50	44.181444068749	31	2022	2021	Hymenoptera	family	3001	0	3	2179	0.880952380952381	0.954248366013072	UCE.UCE
pairID1627	JassoMartinez2022Braconidae4.nwk	Li2016Braconidae.nwk	O	M	MO	18	0.255832573290348	11.6878787878788	18	10.1488915650922	13	2022	2016	Hymenoptera	family	2603	0	3	2577	0.388888888888889	0.932907348242812	NA
pairID1628	JassoMartinez2022Braconidae4.nwk	QuickeFaganJeffries2021Rogadinae.nwk	O	G	GO	50	0.317192477357764	33.4276595695326	103	66.1135387042624	25	2022	2021	Hymenoptera	family	2594	0	3	2586	0.5	0.5703125	NA
pairID1629	JassoMartinez2022Braconidae4.nwk	QuickeJassoMartinez2024Braconinae.nwk	O	G	GO	12	0.461484277403327	6.08928571428571	15	11.0453610171873	9	2022	2024	Hymenoptera	subfamily	2594	0	3	2586	0.5	0.656179775280899	NA
pairID1630	JassoMartinez2022Braconidae4.nwk	SharanowskiDowling2011Braconidae.nwk	O	G	GO	52	0.199375235041668	40.9857789546204	74	41.8688428309166	34	2022	2011	Hymenoptera	family	2594	0	3	2586	0.346153846153846	0.787061994609164	NA
pairID1631	JassoMartinez2022Braconidae4.nwk	ShiChen2005Braconidae.nwk	O	C	NA	46	0.332610782647685	29.9609512491865	102	46.2060602085917	23	2022	2005	Hymenoptera	family	2593	96	3	2587	0.260869565217391	0.795640326975477	NA
pairID1632	JassoMartinez2022Braconidae4.nwk	ZaldivarRiveron2008Doryctinae.nwk	O	G	GO	22	0.333528521194529	14.2924925951242	31	20.4205778566621	14	2022	2008	Hymenoptera	family	2592	0	3	2588	0.318181818181818	0.789189189189189	NA
pairID1633	JassoMartinez2022Braconidae4.nwk	ZaldivarRiveron2008Rogadinae.nwk	O	G	GO	32	0.369018410509127	19.7583080808081	59	31.4960314960472	16	2022	2008	Hymenoptera	family	2592	0	3	2588	0.3125	0.791327913279133	NA
pairID1634	JassoMartinezQuicke2021Rogadinae.nwk	QuickeFaganJeffries2021Rogadinae.nwk	O	G	GO	41	0.239972515512641	28.8725404988563	54	21.5638586528478	27	2021	2021	Hymenoptera	family	415	0	3	407	0.560975609756098	0.18978102189781	NA
pairID1635	JassoMartinezQuicke2021Rogadinae.nwk	ZaldivarRiveron2008Rogadinae.nwk	O	G	GO	32	0.402400431875085	19.4319624819625	77	38.3405790253616	12	2021	2008	Hymenoptera	family	413	0	3	409	0.4375	0.416	NA
pairID1636	JeongKim2017Tephritidae.nwk	LiuJia2017Bactrocera.nwk	M	M	MM	9	0	4	0	0	7	2017	2017	Diptera	subgenus	26	0	1	0	1	0.91304347826087	NA
pairID1637	JeongKim2017Tephritidae.nwk	Smith2002Dacini.nwk	M	G	GM	4	0	1	0	0	4	2017	2002	Diptera	subfamily	16	0	3	10	1	0.42	NA
pairID1638	JeongKim2017Tephritidae.nwk	Valerio2021Bactrocera.nwk	M	O	MO	7	0	4	0	0	7	2017	2021	Diptera	subfamily	123	0	3	-97	1	0.84	NA
pairID1639	JeongKim2017Tephritidae.nwk	Virgilio2015Dacini.nwk	M	G	GM	6	0.308181620264318	2.33333333333333	2	1.4142135623731	5	2017	2015	Diptera	subgenus	18	0	1	8	0.833333333333333	0.235955056179775	NA
pairID1640	JeongKim2017Tephritidae.nwk	ZhangJiang2016Bactrocera.nwk	M	M	MM	7	0	4	0	0	7	2017	2016	Diptera	subfamily	26	0	3	0	1	1	NA
pairID1641	JeongKim2017Tephritidae.nwk	Zhou2020Dacini.nwk	M	M	MM	9	0	6	0	0	9	2017	2020	Diptera	subfamily	28	0	3	-2	1	0.65625	NA
pairID1642	JeongPark2016Heteroneura.nwk	ParkJeong2016Lepidoptera.nwk	M	M	MM	13	0	10	0	0	13	2016	2016	Lepidoptera	parvorder	26	0	5	0	1	1	NA
pairID1643	JiangLi2017Boarmiini.nwk	MurilloRamosChazot2021Boarmiini.nwk	G	G	GG	111	0.174957467693411	98.2130849040152	218	140.950345866904	70	2017	2021	Lepidoptera	subfamily	13	0	3	-3	0.972972972972973	0.423357664233577	NA
pairID1644	JiangLi2017Boarmiini.nwk	OunapJavois2011Ennominae.nwk	G	G	GG	9	0.159595393491505	5.25	3	2	8	2017	2011	Lepidoptera	subfamily	12	0	3	-2	0.777777777777778	0.834532374100719	NA
pairID1645	JiangLi2017Boarmiini.nwk	OunapNedumpally2025Geometridae.nwk	G	O	GO	16	0	13	0	10.295630140987	15	2017	2025	Lepidoptera	subfamily	653	0	3	-643	0.6875	0.527272727272727	NA
pairID1646	JiangLi2017Boarmiini.nwk	Seifert2022Geometridae.nwk	G	G	GG	26	0.312782333594152	17.7786324786325	37	24.6576560118759	17	2017	2022	Lepidoptera	subfamily	13	0	3	-3	0.884615384615385	0.142681426814268	NA
pairID1647	JiangLi2017Boarmiini.nwk	SihvonenMutanen2011Geometridae.nwk	G	G	GG	14	0.239381488318704	8.83333333333333	9	10.5356537528527	9	2017	2011	Lepidoptera	subfamily	13	0	3	-3	0.928571428571429	0.456692913385827	NA
pairID1649	JiangLi2017Boarmiini.nwk	WahlbergSnall2010Ennominae.nwk	G	G	GG	18	0.35299598512953	10.8178571428571	23	16.9410743460974	13	2017	2010	Lepidoptera	subfamily	12	0	3	-2	0.833333333333333	0.805555555555556	NA
pairID1650	JiangLi2021Zygoptera.nwk	KimJeong2018Odonata.nwk	M	M	MM	12	0.125926358817227	8.33333333333333	6	3.46410161513775	11	2021	2018	Palaeoptera	order	26	0	6	0	1	0.675675675675676	NA
pairID1651	JiangLi2021Zygoptera.nwk	LanShen2019Odonata.nwk	M	M	MM	15	0.0977907413488179	11.3	7	4.58257569495584	14	2021	2019	Palaeoptera	order	26	0	6	0	0.933333333333333	0.625	NA
pairID1652	JiangLi2021Zygoptera.nwk	LiaoLin2023Odonata.nwk	M	M	MM	23	0.0615301996905937	19.1875	10	5.8309518948453	22	2021	2023	Palaeoptera	order	26	0	6	0	1	0.462962962962963	NA
pairID1653	JiangLi2021Zygoptera.nwk	XuGuan2018Calopterygidae.nwk	M	M	MM	13	0.116867162449234	9.33333333333333	6	4	12	2021	2018	Palaeoptera	order	26	0	6	0	1	0.657894736842105	NA
pairID1654	JiangLi2021Zygoptera.nwk	YongSong2016Odonata.nwk	M	M	MM	7	0.25255408270619	3.25	3	2	6	2021	2016	Palaeoptera	suborder	26	0	5	0	0.857142857142857	0.675675675675676	NA
pairID1655	JiangLi2021Zygoptera.nwk	ZhangWang2017Odonata.nwk	M	M	MM	11	0.117863829380879	7.2	4	2.64575131106459	10	2021	2017	Palaeoptera	order	26	0	6	0	1	0.694444444444444	NA
pairID1656	Jin2020Prioninae.nwk	LinardVogler2018.nwk	M	M	MM	5	0.489714670274654	1.33333333333333	2	2	4	2020	2018	Coleoptera	superfamily	29	0	4	-3	1	0.00513210416270671	NA
pairID1657	Jin2020Prioninae.nwk	WangDai2019Cerambycidae.nwk	M	M	MM	6	0.308181620264318	2.33333333333333	2	2.64575131106459	5	2020	2019	Coleoptera	family	26	0	3	0	0.833333333333333	0.658536585365854	NA
pairID1658	JinZwick2020Cucujidae.nwk	LinardVogler2018.nwk	M	M	MM	8	0.685969011061705	2.58333333333333	9	8.77496438739212	5	2020	2018	Coleoptera	superfamily	29	0	4	-3	0.875	0.00257314400076241	NA
pairID1659	JinZwick2020Cucujidae.nwk	LiuYang2023Cucujoidea.nwk	M	M	MM	10	0.322657556987489	5.36904761904762	8	7.93725393319377	7	2020	2023	Coleoptera	superfamily	26	0	4	0	0.9	0.58695652173913	NA
pairID1660	JinZwick2020Cucujidae.nwk	RobertsonSlipinski2015Cucujoidea.nwk	M	G	GM	9	0.634645336480608	3.36666666666667	11	10.816653826392	6	2020	2015	Coleoptera	superfamily	21	0	4	5	0.666666666666667	0.0879478827361563	NA
pairID1661	JohansonEspeland2010Ecnomidae.nwk	JohansonMalm2012Polycentropodidae.nwk	G	G	GG	16	0.328293426020402	10.8	20	28.8444102037119	7	2010	2012	Other	suborder	7	0	5	1	0.8125	0.324074074074074	NA
pairID1662	JohansonEspeland2010Ecnomidae.nwk	MalmJohanson2013Trichoptera.nwk	G	G	GG	14	0.413604792687585	7.92857142857143	20	26.9629375254255	6	2010	2013	Other	suborder	8	0	5	0	0.785714285714286	0.243055555555556	NA
pairID1663	JohansonKeijsner2008Helicophidae.nwk	JohansonMalm2017Sericostomatoidea.nwk	C	G	CG	34	0.103869038923688	27.9502304147465	18	41.9404339510215	24	2008	2017	Other	superfamily	8	70	4	-2	0.911764705882353	0.358974358974359	NA
pairID1664	JohansonKeijsner2008Helicophidae.nwk	MalmJohanson2013Trichoptera.nwk	C	G	CG	11	0.356508340939585	6.0547619047619	9	12.2474487139159	6	2008	2013	Other	superfamily	7	70	4	-1	0.909090909090909	0.276315789473684	NA
pairID1665	JohansonKeijsner2008Helicophidae.nwk	ThomasFrandsen2020Trichoptera.nwk	C	G	CG	10	0.31931190409463	5.25	7	14.9666295470958	4	2008	2020	Other	superfamily	9	70	4	-3	0.8	0.193548387096774	NA
pairID1666	JohansonMalm2012Polycentropodidae.nwk	MalmJohanson2013Trichoptera.nwk	G	G	GG	22	0.121785647040196	17.2371794871795	15	8.30662386291807	19	2012	2013	Other	order	7	0	6	-1	0.909090909090909	0.46524064171123	NA
pairID1667	JohansonMalm2017Sericostomatoidea.nwk	MalmJohanson2013Trichoptera.nwk	G	G	GG	26	0.159766342793496	20.0849527665317	23	11.6619037896906	20	2017	2013	Other	infraorder	9	0	5	1	0.961538461538462	0.532019704433498	NA
pairID1668	JohansonMalm2017Sericostomatoidea.nwk	ThomasFrandsen2020Trichoptera.nwk	G	G	GG	21	0.129861696188179	16.1222222222222	14	9.69535971483266	18	2017	2020	Other	superfamily	11	0	4	-1	0.80952380952381	0.394160583941606	NA
pairID1669	Johnson2018Paraneoptera.nwk	LiuSong2018Hemiptera.nwk	O	M	MO	29	0.283014978698862	19.9123321123321	38	36.5102725270574	17	2018	2018	Other	clade	2408	0	NA	2382	0.206896551724138	0.710084033613445	NA
pairID1670	Johnson2018Paraneoptera.nwk	MisofLiu2014Hexapoda.nwk	O	O	OO	31	0.0232814667578691	27.25	3	2	30	2018	2014	Other	infraclass	3873	0	7	917	0.935483870967742	0.619047619047619	TR.TR
pairID1671	Johnson2018Paraneoptera.nwk	Peters2017Hymenoptera.nwk	O	O	OO	7	0	4	0	7	5	2018	2017	Other	superorder	5651	0	7	-861	1	0.507507507507508	TR.TR
pairID1672	Johnson2018Paraneoptera.nwk	SaenzManchola2022Psocomorpha.nwk	O	O	OO	14	0.227611999464564	9.32142857142857	8	10.5830052442584	8	2018	2022	Other	suborder	4476	0	5	314	0.642857142857143	0.824390243902439	TR.TR
pairID1673	Johnson2018Paraneoptera.nwk	SaenzManchola2023Lachesillidae.nwk	O	O	OO	14	0.337064270571315	8.73809523809524	13	11.8321595661992	6	2018	2023	Other	suborder	4455	0	5	335	0.857142857142857	0.853535353535353	TR.TR
pairID1674	Johnson2018Paraneoptera.nwk	YoshizawaJohnson2014Psocomorpha.nwk	O	G	GO	18	0.0809125422221073	14.2142857142857	7	4	17	2018	2014	Other	order	2399	0	6	2391	0.555555555555556	0.647509578544061	NA
pairID1675	Johnson2018Paraneoptera.nwk	deMoya2021Psocodea.nwk	O	O	OO	31	0.0330828765453064	27.1428571428571	6	3.60555127546399	30	2018	2021	Other	superorder	4765	0	7	25	1	0.710084033613445	TR.TR
pairID1676	JohnsonMcKenna2018Scolytinae.nwk	LinardVogler2018.nwk	O	M	MO	56	0.483297386218348	30.6740834315679	169	86.8849814409832	24	2018	2018	Coleoptera	subfamily	267	0	3	235	0.553571428571429	0.00986155888488527	NA
pairID1677	JohnsonMcKenna2018Scolytinae.nwk	PistoneGohli2018Scolytinae.nwk	O	G	GO	45	0.458365544523072	27.843191908639	130	68.4908753046711	19	2018	2018	Coleoptera	subfamily	269	0	3	233	0.511111111111111	0.409448818897638	NA
pairID1678	JohnsonMockford2003Psocomorpha.nwk	YoshizawaJohnson2014Psocomorpha.nwk	G	G	GG	18	0.318791562947959	10.7375541125541	24	10.4403065089106	11	2003	2014	Other	order	8	0	6	0	0.888888888888889	0.173076923076923	NA
pairID1679	JohnsonMockford2003Psocomorpha.nwk	YoshizawaMockford2014Caeciliusetae.nwk	G	G	GG	8	0.406329481337183	3.4	6	4.35889894354067	6	2003	2014	Other	suborder	8	0	5	0	0.875	0.36	NA
pairID1680	Jones2019Ascalaphidae.nwk	Machado2019Myrmeleontidae.nwk	C	O	NA	18	0.109740144686221	13.875	6	12.8452325786651	14	2019	2019	Other	order	328	25	6	-322	0.5	0.234042553191489	NA
pairID1681	Jones2019Ascalaphidae.nwk	Michel2017Myrmeleontidae.nwk	C	G	CG	10	0.331907551860151	5.18571428571429	11	6.70820393249937	7	2019	2017	Other	order	11	25	6	-5	0.7	0.376712328767123	NA
pairID1682	JostShaw2006Ensifera.nwk	LegendreRobillard2010Ensifera.nwk	G	G	GG	44	0.16932878660855	35.423695602643	41	45.254833995939	26	2006	2010	Polyneoptera	order	6	0	6	0	1	0.941176470588235	NA
pairID1683	Jung2010Anthocoridae.nwk	JungLee2012Cimicoidea.nwk	G	G	GG	32	0	27	0	0	30	2010	2012	Condylognatha	superfamily	6	0	4	0	1	0.818181818181818	NA
pairID1684	Jung2010Anthocoridae.nwk	Kim2022Nabidae.nwk	G	G	GG	7	0.224187178421862	3.33333333333333	2	1.4142135623731	6	2010	2022	Condylognatha	superfamily	7	0	4	-1	0.857142857142857	0.45	NA
pairID1685	JungLee2012Cimicoidea.nwk	Kim2022Nabidae.nwk	G	G	GG	6	0	2	0	0	5	2012	2022	Condylognatha	superfamily	7	0	4	-1	1	0.476744186046512	NA
pairID1686	JungLee2012Miridae.nwk	KimJung2019Mirinae.nwk	G	C	CG	28	0.341988030655977	19.3159090909091	46	39.9374510954317	18	2012	2019	Condylognatha	family	8	85	3	0	0.928571428571429	0.509554140127389	NA
pairID1687	JungLee2012Miridae.nwk	Menard2014Phylinae.nwk	G	C	CG	14	0.463211540306723	7.38459595959596	25	25.1396101799531	8	2012	2014	Condylognatha	subfamily	8	122	3	0	0.857142857142857	0.394088669950739	NA
pairID1688	JungLee2012Miridae.nwk	SchuhWeirauch2009Cimicomorpha.nwk	G	C	CG	14	0.456198861541804	7.74444444444444	21	14.0356688476182	9	2012	2009	Condylognatha	infraorder	8	73	5	0	0.642857142857143	0.563380281690141	NA
pairID1689	Junqueira2016Schizophora.nwk	Kaltenpoth2012Endopterygota.nwk	M	M	MM	10	0.218659245420666	5.9	6	7.54983443527075	7	2016	2012	Diptera	suborder	32	0	5	-2	0.8	0.375	NA
pairID1690	Junqueira2016Schizophora.nwk	KuttyPape2010Calyptratae.nwk	M	G	GM	17	0.232664039105454	11.0651515151515	18	8.88819441731559	13	2016	2010	Diptera	suborder	24	0	5	6	0.588235294117647	0.172661870503597	NA
pairID1691	Junqueira2016Schizophora.nwk	Lambkin2012.nwk	M	P	NA	10	0.439751457192376	3.33333333333333	6	5	5	2016	2012	Diptera	suborder	15	371	5	15	0.8	0.585365853658537	NA
pairID1692	Junqueira2016Schizophora.nwk	Ramakodi2015Diptera.nwk	M	M	MM	12	0.17655474201547	7.61904761904762	7	8.60232526704263	9	2016	2015	Diptera	suborder	28	0	5	2	0.75	0.842105263157895	NA
pairID1693	Junqueira2016Schizophora.nwk	Shang2022Oestroidea.nwk	M	M	MM	19	0.0407805654208779	15.5	2	2	18	2016	2022	Diptera	suborder	30	0	5	0	0.894736842105263	0.558139534883721	NA
pairID1694	Junqueira2016Schizophora.nwk	SinghWells2011Chrysomyinae.nwk	M	G	GM	10	0.229360325009169	5.58333333333333	6	3	8	2016	2011	Diptera	subfamily	17	0	3	13	0.8	0.827586206896552	NA
pairID1695	Junqueira2016Schizophora.nwk	WiegmannTrautwein2011Diptera.nwk	M	C	NA	12	0.0804225618113906	8.33333333333333	2	7.61577310586391	10	2016	2011	Diptera	suborder	29	371	5	1	0.75	0.199170124481328	NA
pairID1696	Junqueira2016Schizophora.nwk	Yan2021Calliphoridae.nwk	M	O	MO	15	0.230105514359283	9.84722222222222	16	9.9498743710662	12	2016	2021	Diptera	suborder	2236	0	5	-2206	0.6	0.615384615384615	NA
pairID1697	JuveWeyna2025Messor.nwk	LinSong2023Formicidae.nwk	O	M	MO	8	0	5	0	0	8	2025	2023	Hymenoptera	subfamily	2537	0	3	2511	1	0.639810426540284	NA
pairID1698	JuveWeyna2025Messor.nwk	Ward2015Myrmicinae.nwk	O	G	GO	12	0.161495656143323	7.91666666666667	8	4.69041575982343	10	2025	2015	Hymenoptera	subfamily	2535	0	3	2513	0.916666666666667	0.385714285714286	NA
pairID1699	Kaliszewska2015Miletinae.nwk	KawaharaStorer2023Papilionoidea.nwk	G	O	GO	27	0.126624936933678	21.264880952381	21	15.4919333848297	20	2015	2023	Lepidoptera	family	326	0	3	-312	0.62962962962963	0.0367094206103494	NA
pairID1700	Kaltenpoth2012Endopterygota.nwk	LiChen2017Psychidae.nwk	M	M	MM	10	0.1098243646752	6.33333333333333	2	1.4142135623731	9	2012	2017	Other	superorder	30	0	7	4	0.7	0.882352941176471	NA
pairID1701	Kaltenpoth2012Endopterygota.nwk	LinardVogler2018.nwk	M	M	MM	25	0.379339402412326	15.2387630485457	40	38.1051177665153	13	2012	2018	Other	superorder	33	0	7	1	0.8	0.00853646969553258	NA
pairID1702	Kaltenpoth2012Endopterygota.nwk	MisofLiu2014Hexapoda.nwk	M	O	MO	22	0.274056472484193	15.5833333333333	25	36.5650105975644	13	2012	2014	Other	superorder	1495	0	7	-1461	0.363636363636364	0.416666666666667	NA
pairID1703	Kaltenpoth2012Endopterygota.nwk	Ramakodi2015Diptera.nwk	M	M	MM	12	0.266518895159094	7.34761904761905	9	10.0995049383621	9	2012	2015	Other	order	30	0	6	4	0.75	0.918367346938776	NA
pairID1704	Kaltenpoth2012Endopterygota.nwk	SuHuang2016Eurytomidae.nwk	M	M	MM	12	0.194327781492151	7.66071428571429	10	6.2449979983984	10	2012	2016	Other	order	30	0	6	4	0.666666666666667	0.731707317073171	NA
pairID1706	Kaltenpoth2012Endopterygota.nwk	Uribe2016Elateroidea.nwk	M	M	MM	6	0.491528404008749	2	3	2.44948974278318	5	2012	2016	Other	infraorder	30	0	5	4	1	0.918367346938776	NA
pairID1707	Kaltenpoth2012Endopterygota.nwk	Wang2017Neuropterida.nwk	M	M	MM	8	0	5	0	0	8	2012	2017	Other	superorder	30	0	7	4	1	0.692307692307692	NA
pairID1708	Kaltenpoth2012Endopterygota.nwk	Wei2014Hymenoptera.nwk	M	M	MM	16	0.224749728924273	10.7148268398268	14	9.89949493661167	12	2012	2014	Other	order	32	0	6	2	0.75	0.882352941176471	NA
pairID1710	Kaltenpoth2012Endopterygota.nwk	ZhangFu2022Siphonaptera.nwk	M	M	MM	14	0.154109054149857	9.68181818181818	7	13.9642400437689	11	2012	2022	Other	infraclass	30	0	7	4	0.785714285714286	0.681818181818182	NA
pairID1711	Kaltenpoth2012Endopterygota.nwk	ZhangKang2016Tipulomorpha.nwk	M	M	MM	9	0.144415288284277	5.5	2	6.557438524302	6	2012	2016	Other	order	30	0	6	4	0.666666666666667	0.79646017699115	NA
pairID1712	KambhampatiVolkl2000Aphidiinae.nwk	SanchisLatorre2000Aphidiinae.nwk	G	B	NA	11	0.258710103628109	5.03571428571429	5	5.65685424949238	5	2000	2000	Hymenoptera	subfamily	3	0	3	1	0.818181818181818	0.509090909090909	NA
pairID1713	KambhampatiVolkl2000Aphidiinae.nwk	ShiChen2005Aphidiinae.nwk	G	G	GG	7	0	4	0	3.16227766016838	5	2000	2005	Hymenoptera	subfamily	5	0	3	-1	0.857142857142857	0.666666666666667	NA
pairID1714	KambhampatiVolkl2000Aphidiinae.nwk	SmithKambhampati1999Aphidiinae.nwk	G	G	GG	8	0.25255408270619	3.25	3	2	6	2000	1999	Hymenoptera	subfamily	4	0	3	0	1	0.903225806451613	NA
pairID1715	KaminskiKanda2019Pedinini.nwk	LiMoritz2024Tenebrionidae.nwk	G	O	GO	10	0.147174840356324	6.16666666666667	5	6.6332495807108	5	2019	2024	Coleoptera	subfamily	562	0	3	-550	0.6	0.241106719367589	NA
pairID1717	KaragozluPark2017Muscoidea.nwk	LiCai2023Muscidae.nwk	M	M	MM	7	0.212673272368728	4.4	3	3.74165738677394	6	2017	2023	Diptera	superfamily	26	0	4	0	0.857142857142857	0.186046511627907	NA
pairID1718	Karsholt2013Gelechiidae.nwk	WangLi2020Gelechioidea.nwk	G	G	GG	14	0.190161307460647	9.95833333333333	9	8.06225774829855	11	2013	2020	Lepidoptera	superfamily	16	0	4	0	0.857142857142857	0.256756756756757	NA
pairID1719	Kasprak2019Mycetophilidae.nwk	LimBang2024Sciaroidea.nwk	G	G	GG	59	0.424423070645952	38.8952793934522	172	118.705517984633	27	2019	2024	Diptera	superfamily	15	0	4	3	0.983050847457627	0.189910979228487	NA
pairID1721	Kasprak2019Mycetophilidae.nwk	SevcikKasprak2013Mycetophilidae.nwk	G	G	GG	18	0.321555421890629	11.3141025641026	23	27.7308492477241	11	2019	2013	Diptera	family	16	0	3	2	0.833333333333333	0.8	NA
pairID1722	KavanaughMaddison2021Nebriitae.nwk	LinardVogler2018.nwk	G	M	GM	36	0.451585606689392	20.7793515694832	124	91.2578763723987	17	2021	2018	Coleoptera	superfamily	24	0	4	-8	1	0.0212885679452312	NA
pairID1723	Kawahara2009Sphingidae.nwk	Kawahara2019Lepidoptera.nwk	G	O	GO	15	0.173926407663802	10.2674825174825	9	23.5372045918796	10	2009	2019	Lepidoptera	superfamily	2103	0	4	-2093	0.666666666666667	0.447284345047923	NA
pairID1724	Kawahara2009Sphingidae.nwk	KawaharaBreinholt2014Lepidoptera.nwk	G	O	GO	8	0.317185851296311	3.66666666666667	4	8.48528137423857	5	2009	2014	Lepidoptera	superfamily	2701	0	4	-2691	0.75	0.786516853932584	NA
pairID1725	Kawahara2009Sphingidae.nwk	Regier2013Lepidoptera.nwk	G	G	GG	12	0.202387928386637	7.8	6	16.2480768092719	6	2009	2013	Lepidoptera	superfamily	24	0	4	-14	0.916666666666667	0.236486486486486	NA
pairID1726	Kawahara2009Sphingidae.nwk	RegierCook2008Bombycoidea.nwk	G	G	GG	16	0.107809999315228	12.0083333333333	4	21.5870331449229	7	2009	2008	Lepidoptera	superfamily	10	0	4	0	0.9375	0.790960451977401	NA
pairID1727	Kawahara2009Sphingidae.nwk	Zwick2008Bombycoidea.nwk	G	G	GG	9	0.142438274632278	5.6	2	10.816653826392	4	2009	2008	Lepidoptera	superfamily	7	0	4	3	0.666666666666667	0.717948717948718	NA
pairID1728	Kawahara2009Sphingidae.nwk	Zwick2011Bombycoidea.nwk	G	G	GG	16	0.107809999315228	12.0083333333333	4	21.5870331449229	7	2009	2011	Lepidoptera	superfamily	30	0	4	-20	0.875	0.804597701149425	NA
pairID1729	Kawahara2017Gracillariidae.nwk	NakadaiKawakita2016Caloptilia.nwk	G	G	GG	14	0.185334817490486	9	8	9.79795897113271	10	2017	2016	Lepidoptera	family	26	0	3	18	0.928571428571429	0.75	NA
pairID1730	Kawahara2017Gracillariidae.nwk	Regier2013Lepidoptera.nwk	G	G	GG	25	0.120593384410354	20.3030303030303	15	11.7898261225516	22	2017	2013	Lepidoptera	suborder	41	0	5	3	0.72	0.195298372513562	NA
pairID1731	Kawahara2017Gracillariidae.nwk	Sohn2013Yponomeutoidea.nwk	G	G	GG	19	0.387764601609007	10.8708333333333	26	10.8627804912002	12	2017	2013	Lepidoptera	suborder	41	0	5	3	0.789473684210526	0.526829268292683	NA
pairID1732	Kawahara2019Lepidoptera.nwk	KawaharaBreinholt2014Lepidoptera.nwk	O	O	OO	41	0.126677973359371	33.6875	30	37.296112397943	34	2019	2014	Lepidoptera	suborder	4794	0	5	-598	0.829268292682927	0.948979591836735	TR.TR
pairID1733	Kawahara2019Lepidoptera.nwk	KawaharaStorer2023Papilionoidea.nwk	O	O	OO	38	0.0353787568423834	33.6666666666667	6	49.749371855331	28	2019	2023	Lepidoptera	suborder	2417	0	5	1779	0.921052631578947	0.0792838874680307	AHE.TR
pairID1734	Kawahara2019Lepidoptera.nwk	MayerDietz2021Lepidoptera.nwk	O	O	OO	108	0.0337492155373326	99.8214285714286	26	73.2939288072348	100	2019	2021	Lepidoptera	superorder	3933	0	7	263	0.916666666666667	0.775	AHE.TR
pairID1735	Kawahara2019Lepidoptera.nwk	MeusemannTrautwein2020Antliophora.nwk	O	O	OO	7	0.25255408270619	3.25	3	2.64575131106459	6	2019	2020	Lepidoptera	order	5243	0	6	-1047	0.857142857142857	0.788135593220339	TR.TR
pairID1736	Kawahara2019Lepidoptera.nwk	MisofLiu2014Hexapoda.nwk	O	O	OO	11	0	8	0	0	11	2019	2014	Lepidoptera	order	3576	0	6	620	0.909090909090909	0.6	TR.TR
pairID1737	Kawahara2019Lepidoptera.nwk	Regier2013Lepidoptera.nwk	O	G	GO	101	0.160187100827556	82.8438556333039	152	63.4586479528204	67	2019	2013	Lepidoptera	order	2117	0	6	2079	0.465346534653465	0.309484193011647	NA
pairID1738	Kawahara2019Lepidoptera.nwk	RegierCook2008Bombycoidea.nwk	O	G	GO	17	0.133226776991598	12.6444444444444	9	13.3041346956501	13	2019	2008	Lepidoptera	suborder	2103	0	5	2093	0.352941176470588	0.801724137931034	NA
pairID1739	Kawahara2019Lepidoptera.nwk	Riyaz2023Noctuoidea.nwk	O	G	GO	16	0.0508875405632742	12.5	2	2	15	2019	2023	Lepidoptera	superfamily	2113	0	4	2083	0.5625	0.678832116788321	NA
pairID1740	Kawahara2019Lepidoptera.nwk	Sohn2013Yponomeutoidea.nwk	O	G	GO	19	0.344016524409335	10.9666666666667	18	14.1067359796659	14	2019	2013	Lepidoptera	suborder	2117	0	5	2079	0.315789473684211	0.636986301369863	NA
pairID1741	Kawahara2019Lepidoptera.nwk	WahlbergWheat2008Lepidoptera.nwk	O	G	GO	9	0	6	0	0	9	2019	2008	Lepidoptera	superfamily	2109	0	4	2087	0.666666666666667	0.784810126582278	NA
pairID1742	Kawahara2019Lepidoptera.nwk	Wiemers2020Papilionoidea.nwk	O	G	GO	15	0.0923381192853989	11.2857142857143	5	4	14	2019	2020	Lepidoptera	suborder	2110	0	5	2086	0.533333333333333	0.278860569715142	NA
pairID1743	KawaharaBreinholt2014Lepidoptera.nwk	KawaharaStorer2023Papilionoidea.nwk	O	O	OO	16	0.113728807278949	11.5833333333333	5	19.131126469709	10	2014	2023	Lepidoptera	suborder	3015	0	5	2377	0.6875	0.020627802690583	AHE.TR
pairID1744	KawaharaBreinholt2014Lepidoptera.nwk	MayerDietz2021Lepidoptera.nwk	O	O	OO	35	0.138573970569052	28.3563279857397	25	30.4302481094059	30	2014	2021	Lepidoptera	suborder	4531	0	5	861	0.6	0.25414364640884	AHE.TR
pairID1745	KawaharaBreinholt2014Lepidoptera.nwk	Regier2013Lepidoptera.nwk	O	G	GO	33	0.212970238106536	25.0700067174205	44	25.2586618806302	25	2014	2013	Lepidoptera	parvorder	2715	0	5	2677	0.272727272727273	0.092	NA
pairID1746	KawaharaStorer2023Papilionoidea.nwk	MayerDietz2021Lepidoptera.nwk	O	O	OO	30	0.052874289609715	25.5833333333333	7	19.9248588451713	21	2023	2021	Lepidoptera	suborder	2154	0	5	-1516	0.8	0.944444444444444	AHE.AHE
pairID1747	KawaharaStorer2023Papilionoidea.nwk	Nazari2007Parnassiinae.nwk	O	C	NA	20	0.0795621028530201	14.3333333333333	6	10.4403065089106	15	2023	2007	Lepidoptera	suborder	326	236	5	312	0.8	0.987676056338028	NA
pairID1748	KawaharaStorer2023Papilionoidea.nwk	Penz1999Heliconiinae.nwk	O	P	NA	13	0.320306321047916	7.90277777777778	13	9.38083151964686	8	2023	1999	Lepidoptera	subfamily	319	146	3	319	0.692307692307692	0.995121951219512	NA
pairID1749	KawaharaStorer2023Papilionoidea.nwk	Penz2007Brassolini.nwk	O	P	NA	13	0.375710098557099	7.12380952380952	14	8.66025403784439	9	2023	2007	Lepidoptera	subfamily	319	80	3	319	0.615384615384615	0.988110964332893	NA
pairID1750	KawaharaStorer2023Papilionoidea.nwk	PenzFreitas2013Brassolini.nwk	O	P	NA	13	0.438143704048393	3.58333333333333	7	5	6	2023	2013	Lepidoptera	subfamily	319	134	3	319	0.846153846153846	0.985074626865672	NA
pairID1751	KawaharaStorer2023Papilionoidea.nwk	PenzPeggie2003.nwk	O	P	NA	23	0.265765378041086	16.0887057387057	28	19.3907194296653	17	2023	2003	Lepidoptera	subfamily	319	185	3	319	0.652173913043478	0.986807387862797	NA
pairID1752	KawaharaStorer2023Papilionoidea.nwk	PetersMarcus2016Nymphalidae.nwk	O	M	MO	14	0.140650011208766	9.58333333333333	5	5.3851648071345	11	2023	2016	Lepidoptera	family	332	0	3	306	0.785714285714286	0.995121951219512	NA
pairID1753	KawaharaStorer2023Papilionoidea.nwk	Pinna2021Lepidoptera.nwk	O	G	GO	22	0.122605714858321	16.6277777777778	11	5.29150262212918	18	2023	2021	Lepidoptera	superfamily	327	0	4	311	0.454545454545455	0.974381241858446	NA
pairID1754	KawaharaStorer2023Papilionoidea.nwk	PriceVillet2011Dirini.nwk	O	G	GO	7	0.491528404008749	2	3	2.64575131106459	5	2023	2011	Lepidoptera	tribe	322	0	2	316	0.857142857142857	0.992920353982301	NA
pairID1755	KawaharaStorer2023Papilionoidea.nwk	ReboudNabholz2025Leptocircini.nwk	O	O	OO	12	0.234881728735578	7.25793650793651	9	7.07106781186548	10	2023	2025	Lepidoptera	subfamily	1721	0	3	-1083	0.916666666666667	0.944047118216239	NA
pairID1756	KawaharaStorer2023Papilionoidea.nwk	Regier2013Lepidoptera.nwk	O	G	GO	26	0.0653402412559511	21.25	6	17.0293863659264	16	2023	2013	Lepidoptera	suborder	338	0	5	300	0.730769230769231	0.834821428571429	NA
pairID1757	KawaharaStorer2023Papilionoidea.nwk	ShenCong2016Hesperiidae.nwk	O	M	MO	10	0.216781933149046	3.33333333333333	2	1.4142135623731	6	2023	2016	Lepidoptera	suborder	332	0	5	306	0.6	0.995121951219512	NA
pairID1758	KawaharaStorer2023Papilionoidea.nwk	Simonsen2011Papilioninae.nwk	O	C	NA	23	0.163404402437083	17.4590909090909	13	7.14142842854285	19	2023	2011	Lepidoptera	superfamily	326	94	4	312	0.782608695652174	0.993799822852081	NA
pairID1759	KawaharaStorer2023Papilionoidea.nwk	Talavera2013Polyommatus.nwk	O	G	GO	34	0.256358071561631	24.5511204481793	49	27.3495886623547	20	2023	2013	Lepidoptera	subfamily	328	0	3	310	0.911764705882353	0.972691807542263	NA
pairID1760	KawaharaStorer2023Papilionoidea.nwk	ValenciaMontoya2021Eumaeini.nwk	O	O	OO	74	0.202526095551572	58.9016290870813	119	49.6487663492256	45	2023	2021	Lepidoptera	tribe	698	0	2	-60	0.932432432432432	0.955300127713921	AHE.AHE
pairID1761	KawaharaStorer2023Papilionoidea.nwk	Wahlberg2006Nymphalinae.nwk	O	G	GO	38	0.18730943568539	30.2769976867847	44	26.4952825989835	27	2023	2006	Lepidoptera	family	322	0	3	316	0.736842105263158	0.987241531016278	NA
pairID1764	KawaharaStorer2023Papilionoidea.nwk	Wiemers2020Papilionoidea.nwk	O	G	GO	115	0.108559562453462	98.5007015650297	115	37.322915213043	94	2023	2020	Lepidoptera	suborder	331	0	5	307	0.852173913043478	0.85258358662614	NA
pairID1765	KawaharaStorer2023Papilionoidea.nwk	ZhangCong2017Burara.nwk	O	M	MO	10	0	5	0	0	8	2023	2017	Lepidoptera	family	332	0	3	306	0.8	0.995563442768412	NA
pairID1766	KawaharaStorer2023Papilionoidea.nwk	ZhangCong2017Hesperiidae.nwk	O	M	MO	9	0	2	0	0	5	2023	2017	Lepidoptera	family	332	0	3	306	0.777777777777778	0.995563442768412	NA
pairID1767	Keegan2019Amphipyrinae.nwk	Keegan2021Noctuidae.nwk	G	G	GG	133	0.190050236824713	111.196158425111	264	490.867599256663	42	2019	2021	Lepidoptera	superfamily	15	0	4	-1	0.924812030075188	0.331877729257642	NA
pairID1768	Keegan2019Amphipyrinae.nwk	RotaZacharczenko2016Acronictinae.nwk	G	G	GG	14	0	11	0	0	14	2019	2016	Lepidoptera	family	15	0	3	-1	1	0.783505154639175	NA
pairID1769	Keegan2019Amphipyrinae.nwk	Zahiri2013Nolidae.nwk	G	G	GG	21	0.215322885537241	14.8717948717949	20	12.2065556157337	15	2019	2013	Lepidoptera	superfamily	15	0	4	-1	0.80952380952381	0.64957264957265	NA
pairID1770	Keegan2021Noctuidae.nwk	Riyaz2023Noctuoidea.nwk	G	G	GG	16	0.301640800940718	10.2212454212454	19	20.952326839757	10	2021	2023	Lepidoptera	family	23	0	3	-7	0.375	0.828301886792453	NA
pairID1771	Keegan2021Noctuidae.nwk	RotaZacharczenko2016Acronictinae.nwk	G	G	GG	11	0.0895534031582824	7.33333333333333	2	1.4142135623731	10	2021	2016	Lepidoptera	family	16	0	3	0	0.818181818181818	0.901437371663244	NA
pairID1772	Keegan2021Noctuidae.nwk	Toussaint2012Apameini.nwk	G	G	GG	59	0.401732312414965	36.5577894727372	179	103.532603560424	23	2021	2012	Lepidoptera	superfamily	10	0	4	6	0.711864406779661	0.905154639175258	NA
pairID1773	Keegan2021Noctuidae.nwk	Zahiri2013Nolidae.nwk	G	G	GG	22	0.113185661020326	17.25	12	40.5585995813465	10	2021	2013	Lepidoptera	superfamily	16	0	4	0	0.818181818181818	0.844230769230769	NA
pairID1774	KehlmaierAssmann2010Chalarinae3.nwk	Motamedinia2021Pipunculidae.nwk	G	G	GG	9	0.253007330211215	4.68571428571429	6	3.60555127546399	7	2010	2021	Diptera	family	8	0	3	-2	1	0.237704918032787	NA
pairID1775	Keller2011Formicidae.nwk	MoreauBell2006Formicidae.nwk	P	G	GP	43	0.532418707322095	15.90800031395	108	69.2314957226839	8	2011	2006	Hymenoptera	family	6	139	3	-6	0.325581395348837	0.452914798206278	NA
pairID1776	Keller2011Formicidae.nwk	RomiguierBorowiec2022Formicidae.nwk	P	O	NA	25	0.477728768547479	10.6198412698413	37	33.6303434416005	7	2011	2022	Hymenoptera	family	4415	139	3	-4415	0.32	0.601190476190476	NA
pairID1778	Keller2011Formicidae.nwk	Ward2015Myrmicinae.nwk	P	G	GP	15	0.451657317395514	7.21666666666667	24	24.1039415863879	8	2011	2015	Hymenoptera	family	11	139	3	-11	0.533333333333333	0.315625	NA
pairID1779	Keller2011Formicidae.nwk	WardDownie2005Pseudomyrmecinae.nwk	P	G	GP	11	0.479899582662519	3.33333333333333	7	8.83176086632785	5	2011	2005	Hymenoptera	family	5	139	3	-5	0.454545454545455	0.623456790123457	NA
pairID1780	Keller2011Formicidae.nwk	WardFisher2016Amblyoponinae.nwk	P	G	GP	17	0.692463443673908	3.88888888888889	25	13.6381816969859	6	2011	2016	Hymenoptera	family	11	139	3	-11	0.352941176470588	0.711267605633803	NA
pairID1781	KergoatAlvarez2008Bruchus.nwk	KergoatDelobel2004Bruchidae.nwk	C	G	CG	12	0	9	0	0	12	2008	2004	Coleoptera	infraorder	7	90	5	1	1	0.58	NA
pairID1782	KergoatAlvarez2008Bruchus.nwk	LinardVogler2018.nwk	C	M	NA	24	0.345391783439724	15.8162337662338	37	26.5894716006167	16	2008	2018	Coleoptera	infraorder	20	90	5	-12	1	0.00276770376025959	NA
pairID1783	KergoatDelobel2004Bruchidae.nwk	KergoatLeRu2015Amblycerini.nwk	G	G	GG	10	0.434631284988493	4.9	9	6.32455532033676	8	2004	2015	Coleoptera	tribe	11	0	2	-5	0.9	0.354838709677419	NA
pairID1784	KergoatDelobel2004Bruchidae.nwk	LinardVogler2018.nwk	G	M	GM	33	0.33455984801813	22.4253641045861	69	47.4447046571058	17	2004	2018	Coleoptera	infraorder	19	0	5	-13	0.96969696969697	0.00315065877410731	NA
pairID1785	KergoatGoldstein2021Spodoptera.nwk	Riyaz2023Noctuoidea.nwk	M	G	GM	16	0.0900915191444448	12.4545454545455	6	14.4913767461894	10	2021	2023	Lepidoptera	family	30	0	3	0	1	0.330578512396694	NA
pairID1786	KergoatLeRu2015Amblycerini.nwk	LinardVogler2018.nwk	G	M	GM	59	0.376558522996911	39.5662507927479	166	95.6765383989199	28	2015	2018	Coleoptera	family	24	0	3	-8	1	0.00667684090041969	NA
pairID1787	KergoatSoldati2014Tenebrionidae.nwk	LiMoritz2024Tenebrionidae.nwk	G	O	GO	34	0.458902070507273	19.5114191656092	90	47.5078940808788	15	2014	2024	Coleoptera	superfamily	564	0	4	-548	0.382352941176471	0.646271510516252	NA
pairID1788	KergoatSoldati2014Tenebrionidae.nwk	LinardVogler2018.nwk	G	M	GM	293	0.252553608922809	231.389976957011	898	337.170579973995	157	2014	2018	Coleoptera	suborder	24	0	5	-8	0.924914675767918	0.0320713540184078	NA
pairID1789	KergoatSoldati2014Tenebrionidae.nwk	MckennaWild2015Coleoptera.nwk	G	G	GG	37	0.325119543294729	24.393984962406	63	34.8568501158667	18	2014	2015	Coleoptera	infraorder	16	0	5	0	0.189189189189189	0.493430656934307	NA
pairID1790	KergoatSoldati2014Tenebrionidae.nwk	Ragionieri2023Tenebrionidae.nwk	G	O	GO	17	0.26479164749529	11.3921717171717	18	10.6301458127346	13	2014	2023	Coleoptera	superfamily	1750	0	4	-1734	0.647058823529412	0.824390243902439	NA
pairID1791	KergoatSoldati2014Tenebrionidae.nwk	RiccieriMancini2022Meloidae.nwk	G	G	GG	11	0.276534015969502	6.16666666666667	6	3.46410161513775	8	2014	2022	Coleoptera	superfamily	12	0	4	4	0.636363636363636	0.695473251028807	NA
pairID1792	KergoatSoldati2014Tenebrionidae.nwk	ZhangChe2018Coleoptera.nwk	G	O	GO	31	0.287379356287736	22.4426864801865	43	33.9116499156263	14	2014	2018	Coleoptera	infraorder	103	0	5	-87	0.193548387096774	0.524844720496894	NA
pairID1793	KieferBauer2023Bostrichidae.nwk	LinardVogler2018.nwk	M	M	MM	7	0.23186719448805	3.5	2	2	6	2023	2018	Coleoptera	suborder	29	0	5	-3	1	0.00285823170731707	NA
pairID1794	Kim2016Oecophoridae.nwk	Regier2013Lepidoptera.nwk	G	G	GG	15	0.521376572975724	7.44761904761905	22	19.3649167310371	11	2016	2013	Lepidoptera	superfamily	27	0	4	-11	0.533333333333333	0.147940074906367	NA
pairID1795	Kim2016Oecophoridae.nwk	SohnRegier2016Gelechioidea.nwk	G	G	GG	14	0.331178834997949	8.48095238095238	14	13.856406460551	9	2016	2016	Lepidoptera	superfamily	27	0	4	-11	0.571428571428571	0.585185185185185	NA
pairID1796	Kim2016Oecophoridae.nwk	WangLi2020Gelechioidea.nwk	G	G	GG	54	0.258407313511275	42.2292967042574	96	74.5452882481515	36	2016	2020	Lepidoptera	superfamily	16	0	4	0	0.87037037037037	0.379807692307692	NA
pairID1797	KimFarrell2015Lucanidae.nwk	LinardVogler2018.nwk	G	M	GM	70	0.217406345109269	55.4911643450503	128	112.880467752397	45	2015	2018	Coleoptera	superfamily	20	0	4	-12	0.957142857142857	0.00876691442729179	NA
pairID1798	KimJeong2016Scarabaeidae.nwk	LinardVogler2018.nwk	M	M	MM	11	0.37777984151472	5.84523809523809	10	9.69535971483266	8	2016	2018	Coleoptera	superfamily	29	0	4	-3	0.545454545454545	0.00114514743773261	NA
pairID1799	KimJeong2017Vespoidea.nwk	LinSong2023Formicidae.nwk	M	M	MM	8	0.291555895484225	3.9	5	4	5	2017	2023	Hymenoptera	infraorder	26	0	5	0	1	0.164835164835165	NA
pairID1800	KimJeong2017Vespoidea.nwk	Song2016Vespoidea.nwk	M	M	MM	9	0.234861039145649	4.78571428571429	6	3	7	2017	2016	Hymenoptera	suborder	26	0	5	0	0.888888888888889	0.789473684210526	NA
pairID1801	KimJeong2017Vespoidea.nwk	SuHuang2016Eurytomidae.nwk	M	M	MM	9	0.198111924277381	5.33333333333333	4	3.16227766016838	7	2017	2016	Hymenoptera	infraorder	26	0	5	0	0.888888888888889	0.3125	NA
pairID1802	KimJeong2017Vespoidea.nwk	ZhangLi2022Formicidae.nwk	M	M	MM	7	0.224187178421862	3.33333333333333	2	4	4	2017	2022	Hymenoptera	family	26	0	3	0	0.857142857142857	0.258620689655172	NA
pairID1803	KimJeong2018Odonata.nwk	KohliLetsch2021Odonata.nwk	M	O	MO	13	0.119252504363733	9.33333333333333	4	6.48074069840786	11	2018	2021	Palaeoptera	order	2993	0	6	-2967	0.461538461538462	0.201612903225806	NA
pairID1804	KimJeong2018Odonata.nwk	LanShen2019Odonata.nwk	M	M	MM	22	0	19	0	0	22	2018	2019	Palaeoptera	order	26	0	6	0	0.909090909090909	0.735294117647059	NA
pairID1805	KimJeong2018Odonata.nwk	Letsch2016Anisoptera.nwk	M	G	GM	10	0.155102700210655	6.33333333333333	4	5.3851648071345	7	2018	2016	Palaeoptera	infraorder	22	0	5	4	1	0.047438330170778	NA
pairID1806	KimJeong2018Odonata.nwk	LiaoLin2023Odonata.nwk	M	M	MM	23	0.109988662495536	17.9365079365079	13	6.6332495807108	20	2018	2023	Palaeoptera	order	26	0	6	0	0.956521739130435	0.454545454545455	NA
pairID1807	KimJeong2018Odonata.nwk	WangWang2019Odonata.nwk	M	M	MM	10	0.307300944088469	5.18571428571429	10	7.93725393319377	7	2018	2019	Palaeoptera	order	26	0	6	0	1	0.925925925925926	NA
pairID1808	KimJeong2018Odonata.nwk	XuGuan2018Calopterygidae.nwk	M	M	MM	22	0.0784904876205949	17.9666666666667	7	11.9582607431014	20	2018	2018	Palaeoptera	infraclass	26	0	7	0	1	0.862068965517241	NA
pairID1809	KimJeong2018Odonata.nwk	YongSong2016Odonata.nwk	M	M	MM	15	0	12	0	0	15	2018	2016	Palaeoptera	infraclass	26	0	7	0	1	0.892857142857143	NA
pairID1810	KimJeong2018Odonata.nwk	ZhangWang2017Odonata.nwk	M	M	MM	19	0.096439729981436	14.9666666666667	7	10.4880884817015	17	2018	2017	Palaeoptera	infraclass	26	0	7	0	1	0.892857142857143	NA
pairID1811	KimKim2016Lasiocampoidea.nwk	KimKim2016Sphingidae.nwk	M	M	MM	8	0	5	0	0	8	2016	2016	Lepidoptera	superfamily	26	0	4	0	1	0.705882352941177	NA
pairID1812	KimKim2016Lasiocampoidea.nwk	WuWu2016Lasiocampidae.nwk	M	M	MM	7	0	4	0	0	7	2016	2016	Lepidoptera	superfamily	26	0	4	0	1	0.75	NA
pairID1813	KimKim2016Sphingidae.nwk	WuWu2016Lasiocampidae.nwk	M	M	MM	7	0	4	0	0	7	2016	2016	Lepidoptera	superfamily	26	0	4	0	1	0.764705882352941	NA
pairID1815	KimSong2020Omaliinae.nwk	LinardVogler2018.nwk	G	M	GM	14	0.53061672399022	6.72777777777778	21	18.3847763108502	9	2020	2018	Coleoptera	family	22	0	3	-10	0.571428571428571	0.00503898079482791	NA
pairID1817	KingStarr2011Heteroceridae.nwk	LinardVogler2018.nwk	G	M	GM	7	0.574054982749008	2.5	6	5.47722557505166	4	2011	2018	Coleoptera	superfamily	18	0	4	-14	1	0.00352280300866419	NA
pairID1818	KirschOkamura2025Chrysomelidae.nwk	KolschPedersen2008Donaciinae.nwk	O	G	GO	11	0	8	0	0	11	2025	2008	Coleoptera	subfamily	537	0	3	533	1	0.685185185185185	NA
pairID1819	KirschOkamura2025Chrysomelidae.nwk	LinardVogler2018.nwk	O	M	MO	55	0.177318821524502	44.0557288057288	66	47.8330429724056	36	2025	2018	Coleoptera	family	551	0	3	519	0.818181818181818	0.00704627689963816	NA
pairID1820	KirschOkamura2025Chrysomelidae.nwk	ReisKirsch2020Donaciinae.nwk	O	M	MO	13	0	10	0	0	13	2025	2020	Coleoptera	subfamily	548	0	3	522	1	0.850574712643678	NA
pairID1821	KirschOkamura2025Chrysomelidae.nwk	WuQian2020Chrysomelidae.nwk	O	M	MO	10	0.174860824516902	6.28571428571429	5	3.74165738677394	8	2025	2020	Coleoptera	family	548	0	3	522	0.7	0.762886597938144	NA
pairID1822	KirschOkamura2025Chrysomelidae.nwk	ZhangSong2022Chrysomelidae.nwk	O	M	MO	23	0.327792689483179	14.6869047619048	29	19.3907194296653	11	2025	2022	Coleoptera	family	548	0	3	522	0.521739130434783	0.302040816326531	NA
pairID1823	KiselyovaMcHugh2006Dermestidae.nwk	Zhou2022Dermestidae.nwk	P	M	NA	15	0.280917516170497	9.58333333333333	13	12.7671453348037	11	2006	2022	Coleoptera	family	13	78	3	-13	0.4	0.25	NA
pairID1824	KlimesDrescher2022Camponotini.nwk	WardFisher2025Camponotini.nwk	G	O	GO	28	0.189306141391486	20.2990476190476	23	7.34846922834953	20	2022	2025	Hymenoptera	tribe	1445	0	2	-1435	1	0.275720164609054	NA
pairID1827	KlopfsteinKropf2010Diplazontinae.nwk	QuickeLaurenne2009Ichneumonidae.nwk	G	C	CG	13	0.258710103628109	5.1	4	5.56776436283002	7	2010	2009	Hymenoptera	family	3	162	3	1	0.769230769230769	0.0518806744487678	NA
pairID1828	KobayashiHayashi2021Elmidae.nwk	LinardVogler2018.nwk	O	M	MO	10	0.344586375521206	5.13333333333333	6	6.557438524302	4	2021	2018	Coleoptera	family	601	0	3	569	0.6	0.00683176771989752	NA
pairID1829	KocarekJohn2013Forficuloidea.nwk	NaegleMugleston2016Dermaptera.nwk	G	G	GG	26	0.21525282080921	19.6924369747899	30	25.7293606605372	15	2013	2016	Polyneoptera	suborder	8	0	5	-2	0.884615384615385	0.704545454545455	NA
pairID1830	KodamaMaruta2022Tanytarsini.nwk	Lin2018Tanytarsus.nwk	G	G	GG	11	0.448116649292614	5.30238095238095	13	17.8885438199983	5	2022	2018	Diptera	tribe	11	0	2	1	0.909090909090909	0.330708661417323	NA
pairID1831	KodandaramaiahWahlberg2009Coenonympha.nwk	Wiemers2020Papilionoidea.nwk	G	G	GG	12	0.242332013834158	7.29761904761905	7	6.32455532033676	9	2009	2020	Lepidoptera	genus	15	0	1	-9	1	0.051792828685259	NA
pairID1832	KohliLetsch2021Odonata.nwk	LanShen2019Odonata.nwk	O	M	MO	14	0.104802266551976	10.3333333333333	4	7	12	2021	2019	Palaeoptera	order	2993	0	6	2967	0.428571428571429	0.821705426356589	NA
pairID1833	KohliLetsch2021Odonata.nwk	Letsch2016Anisoptera.nwk	O	G	GO	50	0.225008092091302	37.4321635810998	72	33.3166624979154	30	2021	2016	Palaeoptera	infraorder	2989	0	5	2971	0.82	0.18370883882149	NA
pairID1834	KohliLetsch2021Odonata.nwk	LiaoLin2023Odonata.nwk	O	M	MO	26	0.119455611302496	20.724358974359	19	13.076696830622	23	2021	2023	Palaeoptera	order	2993	0	6	2967	0.384615384615385	0.716216216216216	NA
pairID1835	KohliLetsch2021Odonata.nwk	OGradyMay2003Coenagrionidae.nwk	O	P	NA	21	0.421118232848292	11.8345921622237	35	24.3515913237718	11	2021	2003	Palaeoptera	suborder	2980	43	5	2980	0.428571428571429	0.56989247311828	NA
pairID1837	KohliLetsch2021Odonata.nwk	SchneiderVierstraete2023Aeshnidae.nwk	O	G	GO	9	0.511127959104819	3.83333333333333	10	8.18535277187245	4	2021	2023	Palaeoptera	family	2982	0	3	2978	0.888888888888889	0.514563106796116	NA
pairID1838	KohliLetsch2021Odonata.nwk	WareMay2007Libelluloidea.nwk	O	G	GO	26	0.336685457438466	16.5644466644467	42	24.6373699895098	16	2021	2007	Palaeoptera	superfamily	2982	0	4	2978	0.346153846153846	0.517073170731707	NA
pairID1839	KohliLetsch2021Odonata.nwk	XuGuan2018Calopterygidae.nwk	O	M	MO	13	0.0743880387342537	9.6	2	2.44948974278318	12	2021	2018	Palaeoptera	order	2993	0	6	2967	0.461538461538462	0.841269841269841	NA
pairID1840	KolibacHuang2016Cleroidea.nwk	LinardVogler2018.nwk	P	M	NA	15	0.0993171234231545	10.1818181818182	5	3	13	2016	2018	Coleoptera	superfamily	16	96	4	-16	0.533333333333333	0.00209783541527606	NA
pairID1841	KolokotronisFoox2016Cimicidae.nwk	LiuSong2018Hemiptera.nwk	M	M	MM	10	0.225824070866615	6	6	4.69041575982343	7	2016	2018	Condylognatha	order	26	0	6	0	0.9	0.164556962025316	NA
pairID1842	KolschPedersen2008Donaciinae.nwk	LinardVogler2018.nwk	G	M	GM	42	0.428383162431117	24.1425071866558	107	51.1370707021824	23	2008	2018	Coleoptera	subfamily	18	0	3	-14	0.976190476190476	0.00429512264961344	NA
pairID1843	KolschPedersen2008Donaciinae.nwk	ReisKirsch2020Donaciinae.nwk	G	M	GM	22	0.0323476514395923	18.5	2	2	21	2008	2020	Coleoptera	subfamily	15	0	3	-11	1	0.918367346938776	NA
pairID1844	KomarekBeutel2007Anacaenini.nwk	LinardVogler2018.nwk	P	M	NA	13	0.589517191492809	5.57142857142857	20	16.0312195418814	6	2007	2018	Coleoptera	family	16	81	3	-16	0.923076923076923	0.00532471237044785	NA
pairID1845	KomarekBeutel2007Anacaenini.nwk	ShortFikacek2013Hydrophilidae.nwk	P	G	GP	12	0.403696614924502	6.48888888888889	13	13.5277492584687	6	2007	2013	Coleoptera	subfamily	6	81	3	-6	0.666666666666667	0.339393939393939	NA
pairID1846	KomotoYukuhiro2011Phasmatodea.nwk	YuanZhang2023Phasmatodea.nwk	M	M	MM	11	0.296545432281804	6.66666666666667	8	7.21110255092798	7	2011	2023	Polyneoptera	suborder	26	0	5	0	0.909090909090909	0.229166666666667	NA
pairID1847	Kotrba2010Diopsidae.nwk	Marshall2009Syringogastridae.nwk	G	G	GG	26	0.112683368612097	20.9150501672241	17	9.1104335791443	23	2010	2009	Diptera	family	NA	0	3	NA	0.961538461538462	0.791666666666667	NA
pairID1848	Krosch2017Tanypodinae.nwk	Krosch2022Tanypodinae.nwk	G	G	GG	18	0.138551571495007	13.2916666666667	9	5.3851648071345	16	2017	2022	Diptera	subfamily	6	0	3	0	0.555555555555556	0.326086956521739	NA
pairID1849	Krosch2017Tanypodinae.nwk	SilvaEkrem2016Tanypodinae.nwk	G	P	GP	18	0.498214564508499	8.51309523809524	33	12.6095202129185	10	2017	2016	Diptera	subfamily	3	86	3	3	0.333333333333333	0.428571428571429	NA
pairID1850	Krosch2022Tanypodinae.nwk	SemenchenkoCranston2024Diamesinae.nwk	G	G	GG	12	0.158971427462145	7.66666666666667	4	8.36660026534076	9	2022	2024	Diptera	family	9	0	3	-3	0.75	0.394594594594595	NA
pairID1851	Krosch2022Tanypodinae.nwk	SilvaEkrem2016Tanypodinae.nwk	G	P	GP	32	0.437546681494521	17.9640415140415	80	39.3064880140671	14	2022	2016	Diptera	subfamily	3	86	3	3	0.46875	0.701923076923077	NA
pairID1853	Kundrata2016Elateriformia.nwk	KundrataBocak2011Elateridae.nwk	G	G	GG	70	0.290405598757032	48.6652799688747	155	66.1211010192662	41	2016	2011	Coleoptera	superfamily	8	0	4	0	0.8	0.859016393442623	NA
pairID1854	Kundrata2016Elateriformia.nwk	KundrataBocakova2013Elateroidea.nwk	G	G	GG	81	0.285963874132458	55.647945134518	187	99.0151503558925	43	2016	2013	Coleoptera	infraorder	8	0	5	0	0.91358024691358	0.876254180602007	NA
pairID1855	Kundrata2016Elateriformia.nwk	KusyHe2021Elateroidea.nwk	G	O	GO	18	0.38359644608875	10.5904761904762	28	15.8745078663875	9	2016	2021	Coleoptera	infraorder	4203	0	5	-4195	0.388888888888889	0.888135593220339	NA
pairID1856	Kundrata2016Elateriformia.nwk	KusyMotyka2019Lycidae.nwk	G	O	GO	12	0.568984039684855	5.2952380952381	17	18.0831413200251	4	2016	2019	Coleoptera	family	4169	0	3	-4161	0.75	0.952727272727273	NA
pairID1857	Kundrata2016Elateriformia.nwk	LevkanicovaBocak2009Lycidae.nwk	G	G	GG	23	0	3	0	0	6	2016	2009	Coleoptera	family	7	0	3	1	0.869565217391304	0.906574394463668	NA
pairID1858	Kundrata2016Elateriformia.nwk	LinardVogler2018.nwk	G	M	GM	157	0.289294423159248	108.893582017831	473	276.788728094191	70	2016	2018	Coleoptera	infraorder	20	0	5	-12	0.764331210191083	0.0246820536975977	NA
pairID1859	Kundrata2016Elateriformia.nwk	MckennaWild2015Coleoptera.nwk	G	G	GG	30	0.359379369405586	19.2752886002886	58	47.0425339453563	15	2016	2015	Coleoptera	infraorder	12	0	5	-4	0.233333333333333	0.429508196721311	NA
pairID1860	Kundrata2016Elateriformia.nwk	MotykaKusy2021Lycidae.nwk	G	G	GG	21	0.658548927666122	8.80369793605088	60	37.2021504754766	9	2016	2021	Coleoptera	superfamily	9	0	4	-1	0.476190476190476	0.84789644012945	NA
pairID1861	Kundrata2016Elateriformia.nwk	ZhangChe2018Coleoptera.nwk	G	O	GO	26	0.393567661686324	14.690873015873	50	29.2061637330205	15	2016	2018	Coleoptera	infraorder	99	0	5	-91	0.384615384615385	0.464539007092199	NA
pairID1862	KundrataBocak2011Elateridae.nwk	KundrataBocakova2013Elateroidea.nwk	G	G	GG	82	0.228587404673643	62.1608872360937	139	70.3562363973514	55	2011	2013	Coleoptera	superfamily	8	0	4	0	0.890243902439024	0.728571428571429	NA
pairID1863	KundrataBocak2011Elateridae.nwk	LevkanicovaBocak2009Lycidae.nwk	G	G	GG	22	0.308181620264318	2.33333333333333	2	1.4142135623731	5	2011	2009	Coleoptera	family	7	0	3	1	0.909090909090909	0.790697674418605	NA
pairID1864	KundrataBocak2011Elateridae.nwk	LinardVogler2018.nwk	G	M	GM	65	0.315070945676019	45.5139996534828	151	87.8009111570034	32	2011	2018	Coleoptera	superfamily	20	0	4	-12	0.553846153846154	0.00967833760318816	NA
pairID1865	KundrataBocak2011Elateridae.nwk	MckennaWild2015Coleoptera.nwk	G	G	GG	15	0.513219077139907	7.53293650793651	26	14.1774468787578	8	2011	2015	Coleoptera	superfamily	12	0	4	-4	0.4	0.226164079822616	NA
pairID1866	KundrataBocak2011Elateridae.nwk	MotykaKusy2021Lycidae.nwk	G	G	GG	17	0.589004873906746	8.23730158730159	33	25.2784493195291	8	2011	2021	Coleoptera	family	9	0	3	-1	0.470588235294118	0.675496688741722	NA
pairID1867	KundrataBocak2011Elateridae.nwk	MotykaKusy2023Elateridae.nwk	G	O	GO	11	0.574646521851482	4.61666666666667	15	12.0830459735946	5	2011	2023	Coleoptera	family	70	0	3	-62	0.545454545454545	0.836065573770492	NA
pairID1868	KundrataBocak2011Elateridae.nwk	ZhangChe2018Coleoptera.nwk	G	O	GO	17	0.488361459175626	8.61666666666667	35	15	7	2011	2018	Coleoptera	superfamily	99	0	4	-91	0.470588235294118	0.251231527093596	NA
pairID1869	KundrataBocakova2013Elateroidea.nwk	KusyHe2021Elateroidea.nwk	G	O	GO	17	0.427756098195735	9.8	26	18.9208879284245	10	2013	2021	Coleoptera	infraorder	4203	0	5	-4195	0.352941176470588	0.77027027027027	NA
pairID1870	KundrataBocakova2013Elateroidea.nwk	KusyMotyka2019Lycidae.nwk	G	O	GO	12	0.494717628711792	5.8	13	14.5258390463339	5	2013	2019	Coleoptera	family	4169	0	3	-4161	0.583333333333333	0.883720930232558	NA
pairID1871	KundrataBocakova2013Elateroidea.nwk	LevkanicovaBocak2009Lycidae.nwk	G	G	GG	25	0.216781933149046	3.33333333333333	2	1.4142135623731	6	2013	2009	Coleoptera	family	7	0	3	1	0.92	0.826086956521739	NA
pairID1872	KundrataBocakova2013Elateroidea.nwk	LinardVogler2018.nwk	G	M	GM	78	0.263314035285213	57.8213976435196	164	94.7259204230817	38	2013	2018	Coleoptera	infraorder	20	0	5	-12	0.67948717948718	0.010822099867097	NA
pairID1873	KundrataBocakova2013Elateroidea.nwk	MckennaWild2015Coleoptera.nwk	G	G	GG	22	0.351034772648195	13.018253968254	30	12.2065556157337	13	2013	2015	Coleoptera	infraorder	12	0	5	-4	0.318181818181818	0.246753246753247	NA
pairID1874	KundrataBocakova2013Elateroidea.nwk	MotykaKusy2021Lycidae.nwk	G	G	GG	20	0.516360585744181	10.2419413919414	37	28.8617393793236	7	2013	2021	Coleoptera	family	9	0	3	-1	0.45	0.703703703703704	NA
pairID1875	KundrataBocakova2013Elateroidea.nwk	ZhangChe2018Coleoptera.nwk	G	O	GO	28	0.435114928226406	15.1224603174603	59	19.3907194296653	13	2013	2018	Coleoptera	infraorder	99	0	5	-91	0.357142857142857	0.274038461538462	NA
pairID1876	KusyHe2021Elateroidea.nwk	KusyMotyka2019Lycidae.nwk	O	O	OO	9	0.252225608520959	4.95	5	4	8	2021	2019	Coleoptera	family	8364	0	3	34	1	0.759259259259259	NA
pairID1878	KusyHe2021Elateroidea.nwk	LinardVogler2018.nwk	O	M	MO	29	0.347730277179426	17.6701319177325	54	40.8289113251872	15	2021	2018	Coleoptera	infraorder	4215	0	5	4183	0.517241379310345	0.00390513382226879	NA
pairID1880	KusyMotyka2019Lycidae.nwk	LinardVogler2018.nwk	O	M	MO	16	0.573588785530171	7.45541125541126	33	26.5894716006167	5	2019	2018	Coleoptera	family	4181	0	3	4149	0.375	0.00209743540852321	NA
pairID1881	KusyMotyka2019Lycidae.nwk	MotykaKusy2021Lycidae.nwk	O	G	GO	22	0	19	0	0	22	2019	2021	Coleoptera	family	4170	0	3	4160	0.5	0.323529411764706	NA
pairID1883	KuttyPape2010Calyptratae.nwk	LiCai2023Muscidae.nwk	G	M	GM	13	0.0676249462151531	9.33333333333333	2	1.4142135623731	12	2010	2023	Diptera	suborder	22	0	5	-4	0.846153846153846	0.887272727272727	NA
pairID1884	KuttyPape2010Calyptratae.nwk	NarayananKutty2019.nwk	G	O	GO	23	0.207551944297918	16.9345560871877	20	13.3416640641263	19	2010	2019	Diptera	suborder	1465	0	5	-1447	0.565217391304348	0.900369003690037	NA
pairID1885	KuttyPape2010Calyptratae.nwk	Nihei2007Muscini.nwk	G	P	GP	11	0.25255408270619	3.25	3	5.09901951359278	5	2010	2007	Diptera	family	9	112	3	9	1	0.792207792207792	NA
pairID1886	KuttyPape2010Calyptratae.nwk	Petersen2007Hippoboscoidea.nwk	G	G	GG	32	0.0903912264597889	26.5190476190476	12	78.7464284904401	24	2010	2007	Diptera	suborder	13	0	5	5	0.96875	0.987854251012146	NA
pairID1887	KuttyPape2010Calyptratae.nwk	Piwczynski2017Miltogramminae.nwk	G	G	GG	12	0.407924892752116	5.93333333333333	13	12.0415945787923	5	2010	2017	Diptera	suborder	13	0	5	5	0.666666666666667	0.784565916398714	NA
pairID1888	KuttyPape2010Calyptratae.nwk	PiwczynskiSzpila2014Sarcophagidae.nwk	G	G	GG	42	0.290278096115227	29.4274056937215	67	43.1045241245046	26	2010	2014	Diptera	superfamily	18	0	4	0	0.976190476190476	0.683473389355742	NA
pairID1889	KuttyPape2010Calyptratae.nwk	Shang2022Oestroidea.nwk	G	M	GM	10	0	7	0	0	10	2010	2022	Diptera	suborder	24	0	5	-6	0.7	0.835616438356164	NA
pairID1890	KuttyPape2010Calyptratae.nwk	StamperDahlem2013Sarcophaginae.nwk	G	G	GG	15	0.393232241637579	8.2	19	15.7480157480236	9	2010	2013	Diptera	subfamily	12	0	3	6	0.733333333333333	0.884057971014493	NA
pairID1891	KuttyPape2010Calyptratae.nwk	WiegmannTrautwein2011Diptera.nwk	G	C	CG	15	0.133058872824208	10.9	5	10	11	2010	2011	Diptera	suborder	23	371	5	-5	0.733333333333333	0.5635103926097	NA
pairID1892	KuttyPape2010Calyptratae.nwk	Yan2021Calliphoridae.nwk	G	O	GO	19	0.354408117488574	11.7843137254902	25	14.6287388383278	14	2010	2021	Diptera	suborder	2230	0	5	-2212	0.578947368421053	0.897058823529412	NA
pairID1893	LaPolla2010Prenolepis.nwk	LapollaKallal2012Prenolepis.nwk	G	G	GG	17	0	14	0	0	17	2010	2012	Hymenoptera	tribe	11	0	2	-1	1	0.84375	NA
pairID1894	LacknerKindler2019Saprininae.nwk	LacknerZhang2023Saprininae.nwk	G	C	CG	75	0.225950406857917	56.9708328835176	122	56.0892146495206	45	2019	2023	Coleoptera	subfamily	5	93	3	1	0.986666666666667	0.897435897435897	NA
pairID1895	LacknerKindler2019Saprininae.nwk	LinardVogler2018.nwk	G	M	GM	11	0.443270380768617	5.28571428571429	14	8.12403840463596	6	2019	2018	Coleoptera	subfamily	19	0	3	-13	0.909090909090909	0.00993565480696442	NA
pairID1896	LacknerZhang2023Saprininae.nwk	LinardVogler2018.nwk	C	M	NA	12	0.47736124755328	6.19642857142857	15	13.9283882771841	8	2023	2018	Coleoptera	family	18	93	3	-14	1	0.00899962106858659	NA
pairID1897	LambBond2013Onymacris.nwk	LinardVogler2018.nwk	G	M	GM	12	0.684196371333682	4.27301587301587	24	16.7332005306815	7	2013	2018	Coleoptera	subfamily	22	0	3	-10	1	0.00162260188985397	NA
pairID1902	Lambkin2012.nwk	ZhangKang2016Tipulomorpha.nwk	P	M	NA	13	0	1	0	2	3	2012	2016	Diptera	suborder	13	371	5	-13	0.461538461538462	0.636363636363636	NA
pairID1903	LambkinBartlett2011Exoprosopini.nwk	Li2021Bombyliidae.nwk	P	O	NA	9	0.257283109790211	4.83333333333333	5	8.77496438739212	6	2011	2021	Diptera	subfamily	550	207	3	-550	0.666666666666667	0.472727272727273	NA
pairID1904	LanChen2016Myrmeleontidae.nwk	LinardVogler2018.nwk	M	M	MM	8	0.194433591419366	4.25	3	2	7	2016	2018	Other	order	29	0	6	-3	1	0.00200267022696929	NA
pairID1905	LanChen2016Myrmeleontidae.nwk	Song2019Neuroptera.nwk	M	M	MM	16	0.07580043731166	12.2083333333333	3	10.0498756211209	15	2016	2019	Other	order	28	0	6	-2	1	0.403846153846154	NA
pairID1906	LanChen2016Myrmeleontidae.nwk	Wang2017Neuropterida.nwk	M	M	MM	16	0.198592267962416	11.2481962481962	14	10.8627804912002	13	2016	2017	Other	superorder	26	0	7	0	0.9375	0.388888888888889	NA
pairID1907	LanShen2019Odonata.nwk	Letsch2016Anisoptera.nwk	M	G	GM	12	0.0854872731767907	8.5	2	5.65685424949238	8	2019	2016	Palaeoptera	infraorder	22	0	5	4	0.833333333333333	0.0546139359698682	NA
pairID1908	LanShen2019Odonata.nwk	LiaoLin2023Odonata.nwk	M	M	MM	28	0.0966595096414191	22.83	13	7.07106781186548	25	2019	2023	Palaeoptera	order	26	0	6	0	0.928571428571429	0.527272727272727	NA
pairID1909	LanShen2019Odonata.nwk	WangWang2019Odonata.nwk	M	M	MM	10	0.211927024108196	5.65	7	5	8	2019	2019	Palaeoptera	order	26	0	6	0	1	0.935483870967742	NA
pairID1910	LanShen2019Odonata.nwk	XuGuan2018Calopterygidae.nwk	M	M	MM	26	0.0644717140607257	21.989010989011	8	14.1774468787578	24	2019	2018	Palaeoptera	order	26	0	6	0	0.923076923076923	0.935483870967742	NA
pairID1911	LanShen2019Odonata.nwk	YongSong2016Odonata.nwk	M	M	MM	18	0	15	0	0	18	2019	2016	Palaeoptera	order	26	0	6	0	0.888888888888889	0.935483870967742	NA
pairID1912	LanShen2019Odonata.nwk	ZhangWang2017Odonata.nwk	M	M	MM	22	0.0777094639833058	18	7	11.7898261225516	20	2019	2017	Palaeoptera	order	26	0	6	0	0.909090909090909	0.935483870967742	NA
pairID1913	LeFlanchec2025Eneopterinae.nwk	Robillard2006Eneopterinae.nwk	G	P	GP	21	0.27920699469691	13.7844070961718	26	9.53939201416946	13	2025	2006	Polyneoptera	family	8	198	3	8	0.952380952380952	0.875	NA
pairID1914	LeFlanchec2025Eneopterinae.nwk	TanMalem2021Lebinthini.nwk	G	G	GG	41	0.0534680321046327	36.0190476190476	10	4.79583152331272	37	2025	2021	Polyneoptera	family	16	0	3	0	0.975609756097561	0.91304347826087	NA
pairID1915	LeeHan2017Reticulitermes.nwk	WangZhu2016Rhinotermitidae.nwk	M	M	MM	8	0	5	0	0	8	2017	2016	Polyneoptera	family	26	0	3	0	1	0.631578947368421	NA
pairID1916	LeeLee2020Cerambycinae.nwk	LinardVogler2018.nwk	G	M	GM	34	0.411007841580392	19.4668068043068	74	56.6038867923396	18	2020	2018	Coleoptera	subfamily	22	0	3	-10	0.794117647058823	0.00901242766340954	NA
pairID1917	LeeLee2020Cerambycinae.nwk	SutherlandSchnepp2021Cerambycinae.nwk	G	G	GG	82	0.202121226621015	67.8363012757164	179	124.438739948619	38	2020	2021	Coleoptera	subfamily	11	0	3	1	0.98780487804878	0.848214285714286	NA
pairID1918	LeeLee2020Nitidulidae.nwk	LinardVogler2018.nwk	G	M	GM	18	0.104498871995108	13.3333333333333	5	2.82842712474619	16	2020	2018	Coleoptera	family	21	0	3	-11	0.722222222222222	0.00551435634150979	NA
pairID1920	Leger2020Crambidae.nwk	Regier2013Lepidoptera.nwk	G	G	GG	20	0.143170541220241	14.7009803921569	11	5.47722557505166	16	2020	2013	Lepidoptera	superfamily	29	0	4	-9	0.95	0.174721189591078	NA
pairID1921	LeoCarapelli2019Collembola.nwk	MaHe2015Archaeognatha.nwk	M	M	MM	9	0.133276304198401	5.33333333333333	2	1.4142135623731	8	2019	2015	Other	NA	26	0	NA	0	0.888888888888889	0.48936170212766	NA
pairID1922	LeoCarapelli2019Collembola.nwk	SunYu2020Collembola.nwk	M	M	MM	14	0.109270934306915	10.3	7	7.14142842854285	11	2019	2020	Other	NA	26	0	NA	0	0.785714285714286	0.58974358974359	NA
pairID1924	Leschen2003Erotylidae.nwk	Wegrzynowicz2002Erotylidae.nwk	P	P	NA	5	0.489714670274654	1.33333333333333	2	2	4	2003	2002	Coleoptera	superfamily	0	205	4	0	1	0.769230769230769	NA
pairID1925	Letsch2016Anisoptera.nwk	LiaoLin2023Odonata.nwk	G	M	GM	21	0.314354248837343	13.6714285714286	21	27.5862284482674	14	2016	2023	Palaeoptera	infraorder	22	0	5	-4	1	0.943636363636364	NA
pairID1926	Letsch2016Anisoptera.nwk	PilgrimvonDohlen2008Sympetrinae.nwk	G	G	GG	74	0.239877457641962	59.3075091575092	137	130.491379025589	24	2016	2008	Palaeoptera	family	12	0	3	6	1	0.992351816443595	NA
pairID1927	Letsch2016Anisoptera.nwk	PilgrimvonDohlen2012Sympetrum.nwk	G	G	GG	36	0.184006002464729	28.2066417930195	40	39.4588393138977	25	2016	2012	Palaeoptera	family	15	0	3	3	1	1	NA
pairID1928	Letsch2016Anisoptera.nwk	SchneiderVierstraete2023Aeshnidae.nwk	G	G	GG	42	0.405543374380914	25.9862456149801	103	53.665631459995	19	2016	2023	Palaeoptera	family	11	0	3	7	1	0.887179487179487	NA
pairID1929	Letsch2016Anisoptera.nwk	WangWang2019Odonata.nwk	G	M	GM	11	0.123497341392907	7.16666666666667	5	4	10	2016	2019	Palaeoptera	infraorder	22	0	5	-4	1	0.998076923076923	NA
pairID1930	Letsch2016Anisoptera.nwk	WareBeatty2014Petaluridae.nwk	G	G	GG	9	0.135198023375773	5.33333333333333	2	5.56776436283002	6	2016	2014	Palaeoptera	infraorder	17	0	5	1	1	0.992351816443595	NA
pairID1931	Letsch2016Anisoptera.nwk	WareMay2007Libelluloidea.nwk	G	G	GG	87	0.347554362188278	56.5922283541812	239	124.189371525908	43	2016	2007	Palaeoptera	superfamily	11	0	4	7	0.919540229885057	0.952293577981651	NA
pairID1933	Letsch2016Anisoptera.nwk	XuGuan2018Calopterygidae.nwk	G	M	GM	10	0.22057330717317	5.78571428571429	6	6	6	2016	2018	Palaeoptera	infraorder	22	0	5	-4	1	0.970093457943925	NA
pairID1935	Letsch2016Anisoptera.nwk	YongSong2016Odonata.nwk	G	M	GM	9	0.142391322779135	5.5	2	2	8	2016	2016	Palaeoptera	infraorder	22	0	5	-4	1	0.982954545454545	NA
pairID1936	Letsch2016Anisoptera.nwk	ZhangWang2017Odonata.nwk	G	M	GM	9	0.167199524118413	5.2	4	5	6	2016	2017	Palaeoptera	infraorder	22	0	5	-4	1	0.975563909774436	NA
pairID1937	LetschBalke2020Cryptorhynchinae.nwk	LetschBalke2023Trigonopterus.nwk	G	G	GG	15	0.275765418122946	9.33333333333333	16	7.68114574786861	10	2020	2023	Coleoptera	family	17	0	3	-1	1	0.438220757825371	NA
pairID1938	LetschBalke2020Cryptorhynchinae.nwk	LiEngel2023Curculionidae.nwk	G	O	GO	26	0.264747652577833	17.2630591630592	29	18.8679622641132	19	2020	2023	Coleoptera	superfamily	529	0	4	-513	0.346153846153846	0.833855799373041	NA
pairID1939	LetschBalke2020Cryptorhynchinae.nwk	LinardVogler2018.nwk	G	M	GM	87	0.36417826963104	54.100609315448	261	104.513157066467	44	2020	2018	Coleoptera	superfamily	24	0	4	-8	0.64367816091954	0.0248993728353459	NA
pairID1940	LetschBalke2020Cryptorhynchinae.nwk	MarvaldiSequeira2002Curculionoidea.nwk	G	C	CG	30	0.393350552061777	18.164072039072	61	35.6791255498225	16	2020	2002	Coleoptera	superfamily	9	115	4	7	0.333333333333333	0.751412429378531	NA
pairID1941	LetschBalke2020Cryptorhynchinae.nwk	McKennaSequeira2009Curculionoidea.nwk	G	G	GG	41	0.301047911034025	28.7804304029304	79	39.4334883062607	25	2020	2009	Coleoptera	superfamily	14	0	4	2	0.268292682926829	0.692708333333333	NA
pairID1942	LetschBalke2020Cryptorhynchinae.nwk	MckennaWild2015Coleoptera.nwk	G	G	GG	20	0.206538334491733	14.2083333333333	17	16	11	2020	2015	Coleoptera	superfamily	16	0	4	0	0.3	0.432520325203252	NA
pairID1944	LetschBalke2020Cryptorhynchinae.nwk	ShinClarke2018Curculionidae.nwk	G	O	GO	26	0.17614755081078	19.4313131313131	17	14.0356688476182	22	2020	2018	Coleoptera	superfamily	530	0	4	-514	0.346153846153846	0.828660436137072	NA
pairID1945	LetschBalke2020Cryptorhynchinae.nwk	SongLi2020Curculionoidea.nwk	G	M	GM	27	0.210109400733082	18.5969696969697	24	9.4339811320566	20	2020	2020	Coleoptera	superfamily	21	0	4	-5	0.407407407407407	0.762177650429799	NA
pairID1946	LetschBalke2020Cryptorhynchinae.nwk	ZhangLi2022Curculionidae.nwk	G	M	GM	21	0.374130501066061	13.0138888888889	30	27.6405499221705	14	2020	2022	Coleoptera	superfamily	21	0	4	-5	0.333333333333333	0.833855799373041	NA
pairID1947	LetschBalke2023Trigonopterus.nwk	LinardVogler2018.nwk	G	M	GM	28	0.497982107513993	15.8997113997114	63	51.234753829798	15	2023	2018	Coleoptera	family	25	0	3	-7	0.892857142857143	0.0333980941807753	NA
pairID1948	LetschBalke2023Trigonopterus.nwk	RiedelTanzler2016Cryptorhynchinae.nwk	G	G	GG	13	0	1	0	0	4	2023	2016	Coleoptera	family	18	0	3	0	0.923076923076923	0.699612403100775	NA
pairID1949	LetschSimon2013Polyneoptera.nwk	MisofLiu2014Hexapoda.nwk	O	O	OO	32	0.1151193477082	25.5984126984127	16	10.9087121146357	26	2013	2014	Other	NA	1707	0	NA	-1249	0.46875	0.278787878787879	TR.TR
pairID1951	LetschSimon2021Plecoptera.nwk	WangCao2022Peltoperlidae.nwk	O	M	MO	15	0.119985153010119	11	5	10.0498756211209	13	2021	2022	Polyneoptera	superfamily	3010	0	4	2984	0.666666666666667	0.948559670781893	NA
pairID1952	LetschSimon2021Plecoptera.nwk	WangCao2022Systellognatha.nwk	O	M	MO	15	0.117652953145116	11.2142857142857	4	15.7162336455017	11	2021	2022	Polyneoptera	superfamily	3010	0	4	2984	0.8	0.948559670781893	NA
pairID1953	LetschSimon2021Plecoptera.nwk	WangYang2025Plecoptera.nwk	O	M	MO	34	0.15115810146244	27.1780423280423	31	17.3781471969828	28	2021	2025	Polyneoptera	order	3012	0	6	2982	0.735294117647059	0.871455576559546	NA
pairID1954	LetschSimon2021Plecoptera.nwk	XiangZhao2021Perlidae.nwk	O	M	MO	8	0	5	0	0	8	2021	2021	Polyneoptera	family	3010	0	3	2984	0.875	0.976694915254237	NA
pairID1955	LevkanicovaBocak2009Lycidae.nwk	LinardVogler2018.nwk	G	M	GM	33	0	3	0	0	6	2009	2018	Coleoptera	family	19	0	3	-13	0.575757575757576	0.0046657779470577	NA
pairID1957	Li2021Bombyliidae.nwk	Shin2018.nwk	O	G	GO	42	0.33087788595335	28.3114390142022	82	122.79657975693	18	2021	2018	Diptera	superfamily	570	0	4	530	0.452380952380952	0.0950920245398773	NA
pairID1958	Li2022Ithonidae.nwk	Randolf2013Sisyridae.nwk	P	P	NA	18	0.259061333482537	11.7012820512821	20	16	12	2022	2013	Other	superorder	0	89	7	0	0.888888888888889	0.678571428571429	NA
pairID1959	Li2022Ithonidae.nwk	WintertonHardyWiegmann2010Neuropterida.nwk	P	G	GP	15	0.29706808147316	9.79772727272727	19	23.388031127053	9	2022	2010	Other	superorder	4	7	7	-4	0.6	0.26027397260274	NA
pairID1960	LiChen2017Psychidae.nwk	MayerDietz2021Lepidoptera.nwk	M	O	MO	14	0.0621127033303471	10.3333333333333	2	8.18535277187245	13	2017	2021	Lepidoptera	suborder	1848	0	5	-1822	0.428571428571429	0.113095238095238	NA
pairID1961	LiEngel2023Curculionidae.nwk	McKennaSequeira2009Curculionoidea.nwk	O	G	GO	49	0.399318874248182	28.4778727951024	130	54.8634668973808	26	2023	2009	Coleoptera	superfamily	527	0	4	515	0.857142857142857	0.423841059602649	NA
pairID1962	LiEngel2023Curculionidae.nwk	MckennaWild2015Coleoptera.nwk	O	G	GO	14	0.137456984564597	9.53333333333333	6	6.40312423743285	12	2023	2015	Coleoptera	superfamily	529	0	4	513	0.857142857142857	0.157635467980296	NA
pairID1963	LiEngel2023Curculionidae.nwk	RobertsonSlipinski2015Cucujoidea.nwk	O	G	GO	9	0.171022285410915	5.4	3	3.60555127546399	8	2023	2015	Coleoptera	infraorder	529	0	5	513	0.777777777777778	0.186588921282799	NA
pairID1964	LiEngel2023Curculionidae.nwk	ShinClarke2018Curculionidae.nwk	O	O	OO	61	0.215416989777736	45.7215690073629	99	62.0886463051015	42	2023	2018	Coleoptera	infraorder	1043	0	5	-1	1	0.96969696969697	AHE.AHE
pairID1965	LiGao2024Thysanoptera.nwk	LiuHe2022Thysanoptera.nwk	M	M	MM	13	0.249943553231376	8.08333333333333	13	9.69535971483266	10	2024	2022	Condylognatha	superorder	26	0	7	0	1	1	NA
pairID1966	LiGao2024Thysanoptera.nwk	PakrashiKumar2022Thysanoptera.nwk	M	M	MM	18	0.166338972478148	13.3642857142857	15	11.5758369027902	15	2024	2022	Condylognatha	superorder	26	0	7	0	0.944444444444444	0.763157894736842	NA
pairID1967	LiGao2024Thysanoptera.nwk	PakrashiTyagi2021Thysanoptera.nwk	M	M	MM	19	0.111412251287836	14.5833333333333	8	4.58257569495584	16	2024	2021	Condylognatha	superorder	26	0	7	0	1	0.966666666666667	NA
pairID1968	LiGao2024Thysanoptera.nwk	TyagiChakraborty2020Thysanoptera.nwk	M	M	MM	11	0.147116927672869	7.33333333333333	4	3.16227766016838	9	2024	2020	Condylognatha	order	26	0	6	0	1	1	NA
pairID1969	LiGao2024Thysanoptera.nwk	Wahlberg2025Thysanoptera.nwk	M	M	MM	6	0.660717380431255	1.66666666666667	4	4.47213595499958	5	2024	2025	Condylognatha	family	53	0	3	-27	1	0.439393939393939	NA
pairID1970	LiGao2024Thysanoptera.nwk	WuZhang2023Thysanoptera.nwk	M	M	MM	26	0.0220046064542392	22.3333333333333	2	1.4142135623731	25	2024	2023	Condylognatha	order	26	0	6	0	1	1	NA
pairID1971	LiGao2024Thysanoptera.nwk	ZhangMound2019Terebrantia.nwk	M	P	NA	12	0.59044540765505	5.48214285714286	21	17.6351920885484	6	2024	2019	Condylognatha	family	13	117	3	13	0.75	0.271028037383178	NA
pairID1972	LiLi2020Syrphidae.nwk	LiLi2022Syrphidae.nwk	M	M	MM	18	0.206274384844358	12.2333333333333	15	8.42614977317636	14	2020	2022	Diptera	family	26	0	3	0	1	0.8	NA
pairID1973	LiLi2020Syrphidae.nwk	MullensSonet2022Eristalinae.nwk	M	M	MM	14	0.101316060365072	9.91666666666667	4	9.2736184954957	10	2020	2022	Diptera	family	52	0	3	-26	0.714285714285714	0.24390243902439	NA
pairID1974	LiLi2020Syrphidae.nwk	PanCi2022Syrphidae.nwk	M	M	MM	12	0.226310422146354	7.40079365079365	8	5	10	2020	2022	Diptera	subfamily	26	0	3	0	1	0.588235294117647	NA
pairID1975	LiLi2020Syrphidae.nwk	WongNorman2023Syrphidae.nwk	M	M	MM	13	0.145659451337739	8.75	5	8.06225774829855	6	2020	2023	Diptera	family	26	0	3	0	0.846153846153846	0.178571428571429	NA
pairID1976	LiLi2020Syrphidae.nwk	ZhaoGang2022Syrphidae.nwk	M	M	MM	11	0.299400635593082	6.17857142857143	8	6.6332495807108	9	2020	2022	Diptera	subfamily	26	0	3	0	1	0.666666666666667	NA
pairID1977	LiLi2022Syrphidae.nwk	MullensSonet2022Eristalinae.nwk	M	M	MM	13	0.205049675268722	8.08658008658009	9	7.54983443527075	7	2022	2022	Diptera	family	52	0	3	-26	0.769230769230769	0.270588235294118	NA
pairID1978	LiLi2022Syrphidae.nwk	PanCi2022Syrphidae.nwk	M	M	MM	13	0	10	0	8.18535277187245	12	2022	2022	Diptera	subfamily	26	0	3	0	1	0.638888888888889	NA
pairID1979	LiLi2022Syrphidae.nwk	WongNorman2023Syrphidae.nwk	M	M	MM	15	0.0946433201176003	11.2	7	10.2469507659596	9	2022	2023	Diptera	family	26	0	3	0	0.866666666666667	0.20353982300885	NA
pairID1980	LiLi2022Syrphidae.nwk	ZhaoGang2022Syrphidae.nwk	M	M	MM	12	0.0891185634139979	8.6	2	3.74165738677394	11	2022	2022	Diptera	subfamily	26	0	3	0	1	0.71875	NA
pairID1981	LiMa2021Ephemeroptera.nwk	WangLi2022Ephemeroptera.nwk	M	M	MM	14	0.178362704276658	10.0714285714286	6	13.1909059582729	11	2021	2022	Palaeoptera	order	26	0	6	0	1	0.422222222222222	NA
pairID1982	LiMoritz2024Tenebrionidae.nwk	LinardVogler2018.nwk	O	M	MO	57	0.390306144560054	37.2806872549492	151	102.210566968391	32	2024	2018	Coleoptera	superfamily	572	0	4	540	0.263157894736842	0.0195949746859179	NA
pairID1983	LiMoritz2024Tenebrionidae.nwk	Ragionieri2023Tenebrionidae.nwk	O	O	OO	52	0.0586091032645802	46.952380952381	35	64.5135644651572	46	2024	2023	Coleoptera	family	2298	0	3	-1186	0.903846153846154	0.85655737704918	NA
pairID1984	LiMoritz2024Tenebrionidae.nwk	ZhangChe2018Coleoptera.nwk	O	O	OO	15	0.170345739851734	10.3571428571429	7	4.24264068711928	13	2024	2018	Coleoptera	family	651	0	3	461	0.533333333333333	0.407407407407407	NA
pairID1985	LiaoLin2023Odonata.nwk	WangWang2019Odonata.nwk	M	M	MM	12	0.0722245580965928	8.33333333333333	2	6.78232998312527	11	2023	2019	Palaeoptera	order	26	0	6	0	1	1	NA
pairID1986	LiaoLin2023Odonata.nwk	XuGuan2018Calopterygidae.nwk	M	M	MM	25	0.0851691080479776	20.3308080808081	12	7.28010988928052	23	2023	2018	Palaeoptera	order	26	0	6	0	0.96	0.962962962962963	NA
pairID1987	LiaoLin2023Odonata.nwk	YongLim2014Orthetrum.nwk	M	G	GM	7	0.514401820125203	1.91666666666667	4	3.74165738677394	5	2023	2014	Palaeoptera	family	15	0	3	11	0.857142857142857	0.866666666666667	NA
pairID1988	LiaoLin2023Odonata.nwk	YongSong2016Odonata.nwk	M	M	MM	17	0.129382560146665	12.4038461538462	10	5.47722557505166	15	2023	2016	Palaeoptera	order	26	0	6	0	0.941176470588235	0.962962962962963	NA
pairID1989	LiaoLin2023Odonata.nwk	ZhangWang2017Odonata.nwk	M	M	MM	21	0.0870584323229774	16.8125	11	6.2449979983984	19	2023	2017	Palaeoptera	order	26	0	6	0	0.952380952380952	0.962962962962963	NA
pairID1990	LightSmith2010Anoplura.nwk	SmithLight2008Anoplura.nwk	G	G	GG	15	0.270643578148315	9.69372294372294	13	8.36660026534076	11	2010	2008	Other	order	5	0	6	1	1	0.92156862745098	NA
pairID1991	LightSmith2010Anoplura.nwk	deMoya2021Psocodea.nwk	G	O	GO	8	0.292389321546566	3.91666666666667	4	3.87298334620742	7	2010	2021	Other	order	2373	0	6	-2367	1	0.338129496402878	NA
pairID1993	LimBang2024Sciaroidea.nwk	Sevcik2016.nwk	G	G	GG	37	0.286446018596194	27.3167239623122	59	58.025856305616	23	2024	2016	Diptera	infraorder	12	0	5	0	1	0.902702702702703	NA
pairID1994	LimBang2024Sciaroidea.nwk	SevcikKasprak2013Mycetophilidae.nwk	G	G	GG	22	0.48145647049392	12.0440476190476	44	18.4661853126194	10	2024	2013	Diptera	superfamily	13	0	4	-1	0.954545454545455	0.970930232558139	NA
pairID1996	LimBang2024Sciaroidea.nwk	Sikora2019Cecidomyiidae.nwk	G	G	GG	56	0.226988438374599	41.0966742252457	86	54.6808924579693	40	2024	2019	Diptera	superfamily	15	0	4	-3	0.964285714285714	0.946175637393768	NA
pairID1997	LimHwang2010Empidoidea.nwk	Shin2018.nwk	G	G	GG	51	0.383973279993925	33.0649606556822	137	96.5401470891774	26	2010	2018	Diptera	superfamily	26	0	4	-14	0.882352941176471	0.0631120783460283	NA
pairID2001	LinPu2024Siphonaptera.nwk	LinPu2025Pygiopsyllidae.nwk	M	M	MM	24	0.0365060628736425	20.2	4	2.64575131106459	23	2024	2025	Other	superorder	28	0	7	2	0.958333333333333	0.888888888888889	NA
pairID2002	LinPu2024Siphonaptera.nwk	LinPu2025Siphonaptera.nwk	M	M	MM	23	0.210900231461226	17.1783882783883	25	23.1084400165827	14	2024	2025	Other	superorder	28	0	7	2	0.956521739130435	0.923076923076923	NA
pairID2003	LinPu2024Siphonaptera.nwk	LiuChen2023Siphonaptera.nwk	M	M	MM	10	0.117483525581478	6.5	2	2	9	2024	2023	Other	order	28	0	6	2	1	0.96	NA
pairID2005	LinPu2024Siphonaptera.nwk	PuLin2024Siphonaptera.nwk	M	M	MM	17	0.136102633993981	12.8207070707071	11	18.5472369909914	12	2024	2024	Other	order	30	0	6	0	0.941176470588235	0.923076923076923	NA
pairID2006	LinPu2024Siphonaptera.nwk	PuLinDong2024Amphipsyllinae.nwk	M	M	MM	23	0.175969501048079	17.4902597402597	20	17.1755640373177	18	2024	2024	Other	superorder	30	0	7	0	1	1	NA
pairID2007	LinPu2024Siphonaptera.nwk	WeiJia2022Siphonaptera.nwk	M	M	MM	7	0	4	0	0	7	2024	2022	Other	order	28	0	6	2	0.857142857142857	0.857142857142857	NA
pairID2008	LinPu2024Siphonaptera.nwk	ZhangFu2022Siphonaptera.nwk	M	M	MM	9	0	6	0	0	9	2024	2022	Other	superorder	28	0	7	2	1	0.352941176470588	NA
pairID2009	LinPu2024Siphonaptera.nwk	ZuritaMatthee2025Ceratophyllomorpha.nwk	M	G	GM	9	0.411550505165257	4.38333333333333	8	7.41619848709566	7	2024	2025	Other	order	22	0	6	8	0.666666666666667	0.147239263803681	NA
pairID2010	LinPu2025Pygiopsyllidae.nwk	LinPu2025Siphonaptera.nwk	M	M	MM	24	0.190758249540765	18.9	23	24.7790233867277	15	2025	2025	Other	superorder	26	0	7	0	1	1	NA
pairID2011	LinPu2025Pygiopsyllidae.nwk	LiuChen2023Siphonaptera.nwk	M	M	MM	10	0.117483525581478	6.5	2	2	9	2025	2023	Other	order	26	0	6	0	1	0.962962962962963	NA
pairID2013	LinPu2025Pygiopsyllidae.nwk	PuLin2024Siphonaptera.nwk	M	M	MM	17	0.176815144769357	12.1540404040404	13	18.6010752377383	12	2025	2024	Other	order	28	0	6	-2	0.941176470588235	0.928571428571429	NA
pairID2014	LinPu2025Pygiopsyllidae.nwk	PuLinDong2024Amphipsyllinae.nwk	M	M	MM	23	0.165387014711954	18.2402597402597	17	17.1755640373177	19	2025	2024	Other	superorder	28	0	7	-2	0.956521739130435	0.962962962962963	NA
pairID2015	LinPu2025Pygiopsyllidae.nwk	WeiJia2022Siphonaptera.nwk	M	M	MM	7	0	4	0	0	7	2025	2022	Other	order	26	0	6	0	0.857142857142857	0.866666666666667	NA
pairID2016	LinPu2025Pygiopsyllidae.nwk	ZhangFu2022Siphonaptera.nwk	M	M	MM	9	0	6	0	0	9	2025	2022	Other	superorder	26	0	7	0	1	0.371428571428571	NA
pairID2017	LinPu2025Pygiopsyllidae.nwk	ZhouLiu2024Siphonaptera.nwk	M	G	GM	8	0.362141354931442	3.8	6	5	6	2025	2024	Other	order	18	0	6	8	0.875	0.509803921568627	NA
pairID2018	LinPu2025Pygiopsyllidae.nwk	ZhuHastriter2015Siphonaptera.nwk	M	G	GM	14	0.174645347329189	9.63095238095238	9	6.85565460040104	12	2025	2015	Other	order	22	0	6	4	0.428571428571429	0.114537444933921	NA
pairID2019	LinPu2025Pygiopsyllidae.nwk	ZuritaMatthee2025Ceratophyllomorpha.nwk	M	G	GM	10	0.46210648484854	4.71666666666667	12	10.6301458127346	7	2025	2025	Other	order	20	0	6	6	0.7	0.158536585365854	NA
pairID2020	LinPu2025Siphonaptera.nwk	LiuChen2023Siphonaptera.nwk	M	M	MM	10	0.117483525581478	6.5	2	5.91607978309962	5	2025	2023	Other	order	26	0	6	0	1	0.96	NA
pairID2022	LinPu2025Siphonaptera.nwk	PuLin2024Siphonaptera.nwk	M	M	MM	17	0.180352575854429	12.1212121212121	14	15.3297097167559	12	2025	2024	Other	order	28	0	6	-2	0.941176470588235	0.923076923076923	NA
pairID2023	LinPu2025Siphonaptera.nwk	PuLinDong2024Amphipsyllinae.nwk	M	M	MM	22	0.08285106483608	18.0625	10	19.8494332412792	15	2025	2024	Other	superorder	28	0	7	-2	0.954545454545455	0.923076923076923	NA
pairID2024	LinPu2025Siphonaptera.nwk	WeiJia2022Siphonaptera.nwk	M	M	MM	7	0.269956546514537	3.4	3	3.16227766016838	5	2025	2022	Other	order	26	0	6	0	0.857142857142857	0.857142857142857	NA
pairID2025	LinPu2025Siphonaptera.nwk	ZhangFu2022Siphonaptera.nwk	M	M	MM	9	0.171022285410915	5.4	3	4.35889894354067	7	2025	2022	Other	superorder	26	0	7	0	1	0.352941176470588	NA
pairID2026	LinPu2025Siphonaptera.nwk	ZhouLiu2024Siphonaptera.nwk	M	G	GM	7	0.384045678761402	2.91666666666667	4	3.46410161513775	6	2025	2024	Other	order	18	0	6	8	0.857142857142857	0.48	NA
pairID2027	LinSong2023Formicidae.nwk	RomiguierBorowiec2022Formicidae.nwk	M	O	MO	19	0.287325026687402	12.3876984126984	18	13.4164078649987	15	2023	2022	Hymenoptera	family	4428	0	3	-4402	0.526315789473684	0.563758389261745	NA
pairID2028	LinSong2023Formicidae.nwk	Schmidt2013Ponerinae.nwk	M	G	GM	15	0.210461995299051	9.45833333333333	12	10.6770782520313	7	2023	2013	Hymenoptera	family	17	0	3	9	0.4	0.424242424242424	NA
pairID2029	LinSong2023Formicidae.nwk	Song2016Vespoidea.nwk	M	M	MM	8	0	5	0	0	8	2023	2016	Hymenoptera	infraorder	26	0	5	0	1	0.954545454545455	NA
pairID2030	LinSong2023Formicidae.nwk	SosaCalvo2017Attini.nwk	M	G	GM	9	0.522805451070811	3.61904761904762	9	6.85565460040104	5	2023	2017	Hymenoptera	subfamily	18	0	3	8	0.666666666666667	0.528301886792453	NA
pairID2031	LinSong2023Formicidae.nwk	SuHuang2016Eurytomidae.nwk	M	M	MM	11	0	8	0	0	11	2023	2016	Hymenoptera	infraorder	26	0	5	0	1	0.736842105263158	NA
pairID2032	LinSong2023Formicidae.nwk	Ward2015Myrmicinae.nwk	M	G	GM	15	0.449551078383548	8.11201298701299	21	16.7032930884901	8	2023	2015	Hymenoptera	family	24	0	3	2	0.466666666666667	0.276315789473684	NA
pairID2033	LinSong2023Formicidae.nwk	WardDownie2005Pseudomyrmecinae.nwk	M	G	GM	13	0.491528404008749	2	3	3.3166247903554	5	2023	2005	Hymenoptera	subfamily	18	0	3	8	0.538461538461538	0.583333333333333	NA
pairID2034	LinSong2023Formicidae.nwk	ZhangLi2022Formicidae.nwk	M	M	MM	45	0.226184216404668	33.8406441575206	61	53.507008886687	23	2023	2022	Hymenoptera	family	26	0	3	0	1	0.954545454545455	NA
pairID2035	LinardVogler2018.nwk	LiuYang2023Cucujoidea.nwk	M	M	MM	14	0.363832949254653	8.08333333333333	17	15.8429795177549	6	2018	2023	Coleoptera	superfamily	29	0	4	3	1	0.998678372510148	NA
pairID2036	LinardVogler2018.nwk	LopezPerez2018Cassidini.nwk	M	P	NA	8	0.750847841057701	2.28333333333333	12	13.114877048604	4	2018	2018	Coleoptera	subfamily	16	97	3	16	0.75	0.993519909842224	NA
pairID2037	LinardVogler2018.nwk	LordHartley2010Latridiidae.nwk	M	G	GM	19	0.23840602329403	13.6933621933622	19	13.7840487520902	14	2018	2010	Coleoptera	infraorder	23	0	5	9	0.947368421052632	0.999433160132263	NA
pairID2038	LinardVogler2018.nwk	Maddison2012Bembidiini.nwk	M	G	GM	131	0.321618854823515	93.1745680353188	449	211.945747775227	49	2018	2012	Coleoptera	subfamily	23	0	3	9	0.99236641221374	0.989894264059137	NA
pairID2039	LinardVogler2018.nwk	MaddisonKanda2019Trechitae.nwk	M	G	GM	65	0.369701981939561	40.6026800057927	187	97.3447481891037	21	2018	2019	Coleoptera	subfamily	23	0	3	9	0.923076923076923	0.987952932387	NA
pairID2040	LinardVogler2018.nwk	MagroLecompte2010Coccinellidae.nwk	M	G	GM	42	0.262129431075141	32.6168466621098	70	46.4219775537406	25	2018	2010	Coleoptera	family	22	0	3	10	0.880952380952381	0.998301406058318	NA
pairID2041	LinardVogler2018.nwk	MahlerovaJakubec2025Silphini.nwk	M	G	GM	22	0.262634095601918	14.493137254902	25	19.9749843554382	14	2018	2025	Coleoptera	family	21	0	3	11	1	0.998113029531088	NA
pairID2042	LinardVogler2018.nwk	MartinBranham2017Lampyridae.nwk	M	C	NA	51	0.316653013042092	33.9384140125326	112	120.449159399308	25	2018	2017	Coleoptera	superfamily	19	410	4	13	0.96078431372549	0.998113029531088	NA
pairID2043	LinardVogler2018.nwk	MartinStangerHall2019Lampyridae.nwk	M	O	MO	28	0.367294331799788	15.8966089466089	43	24.7790233867277	17	2018	2019	Coleoptera	superfamily	452	0	4	-420	0.928571428571429	0.997736489672734	NA
pairID2044	LinardVogler2018.nwk	MarvaldiSequeira2002Curculionoidea.nwk	M	C	NA	74	0.601075770303258	36.7039214386701	351	194.04638620701	26	2018	2002	Coleoptera	superfamily	17	115	4	15	0.851351351351351	0.996702468437912	NA
pairID2045	LinardVogler2018.nwk	MatsumuraYao2014Criocerinae.nwk	M	G	GM	10	0.103255779531413	6.33333333333333	2	4.69041575982343	8	2018	2014	Coleoptera	family	20	0	3	12	0.9	0.997360233807863	NA
pairID2046	LinardVogler2018.nwk	McElrathRobertson2015Cucujidae.nwk	M	G	GM	9	0.127621593498722	5.33333333333333	2	1.4142135623731	8	2018	2015	Coleoptera	superfamily	23	0	4	9	0.777777777777778	0.996326991900546	NA
pairID2047	LinardVogler2018.nwk	MichatAlarie2013Coptotominae.nwk	M	P	NA	13	0.428561070431131	6.87301587301587	18	13.2664991614216	9	2018	2013	Coleoptera	superfamily	16	125	4	16	1	0.998961284230406	NA
pairID2048	LinardVogler2018.nwk	MichatAlarie2017Dytiscidae.nwk	M	P	NA	67	0.407183955775292	42.774260278503	219	90.6587006304414	28	2018	2017	Coleoptera	superfamily	16	304	4	16	0.955223880597015	0.996233166964874	NA
pairID2049	LinardVogler2018.nwk	MicoMoron2008Cetoniidae.nwk	M	P	NA	16	0.558918421402555	7.09017094017094	32	17.1464281994822	9	2018	2008	Coleoptera	family	16	76	3	16	0.875	0.998678372510148	NA
pairID2050	LinardVogler2018.nwk	MillerBergsten2009Hydaticini.nwk	M	C	NA	47	0.517146529945901	25.8393420165584	156	90.1886910870759	18	2018	2009	Coleoptera	subfamily	20	36	3	12	1	0.999905482041588	NA
pairID2051	LinardVogler2018.nwk	MillerBergsten2012Gyrinidae.nwk	M	C	NA	51	0.151243325928046	40.1433870649709	52	37.4833296279826	32	2018	2012	Coleoptera	family	21	42	3	11	1	0.998772658610272	NA
pairID2052	LinardVogler2018.nwk	MinoshimaHayashi2013Horelophopsinae.nwk	M	P	NA	11	0.208664402119012	5	4	2.82842712474619	7	2018	2013	Coleoptera	superfamily	16	138	4	16	0.727272727272727	0.998207208907341	NA
pairID2053	LinardVogler2018.nwk	MonaghanInward2007Scarabaeinae.nwk	M	G	GM	155	0.354456640232246	108.835178585669	558	213.689026391156	61	2018	2007	Coleoptera	family	19	0	3	13	0.974193548387097	0.996796381795911	NA
pairID2054	LinardVogler2018.nwk	MontreuilViljanen2014Epilissini.nwk	M	G	GM	23	0.477562495741107	12.0677436125966	51	34.117444218464	14	2018	2014	Coleoptera	tribe	20	0	2	12	1	0.99858410420993	NA
pairID2055	LinardVogler2018.nwk	MotykaKusy2021Lycidae.nwk	M	G	GM	28	0.420005814978828	18.0139625080802	63	43.2203655699486	13	2018	2021	Coleoptera	family	21	0	3	11	0.607142857142857	0.996326991900546	NA
pairID2056	LinardVogler2018.nwk	MotykaKusy2022Dermestidae.nwk	M	M	MM	12	0.425573110521943	6.05555555555556	13	11.5325625946708	9	2018	2022	Coleoptera	superfamily	31	0	4	1	0.916666666666667	0.999055623760506	NA
pairID2057	LinardVogler2018.nwk	MotykaKusy2023Cantharidae.nwk	M	G	GM	24	0.385255485248139	15.0563547563548	42	26.4386081328046	14	2018	2023	Coleoptera	family	19	0	3	13	0.583333333333333	0.996139359698682	NA
pairID2058	LinardVogler2018.nwk	NedoluzhkoSharko2016Staphylinoidea.nwk	M	M	MM	19	0.190839765026115	13.3355957767722	16	13.0384048104053	16	2018	2016	Coleoptera	infraorder	34	0	5	-2	0.947368421052632	0.999622035339696	NA
pairID2059	LinardVogler2018.nwk	NieBreeschoten2018Galerucinae.nwk	M	M	MM	60	0.338927382283241	43.0764979385184	141	53.6563137011852	34	2018	2018	Coleoptera	family	31	0	3	1	0.85	0.995295888606642	NA
pairID2060	LinardVogler2018.nwk	OrlovLeschen2021Aleocharinae.nwk	M	C	NA	30	0.498412943941068	16.4933381433381	75	94.8788701450434	16	2018	2021	Coleoptera	family	25	202	3	7	0.8	0.998866962515343	NA
pairID2061	LinardVogler2018.nwk	OsswaldBachmann2013Oxypodini.nwk	M	G	GM	68	0.480603484494018	40.8954406459823	275	190.905735901256	24	2018	2013	Coleoptera	family	23	0	3	9	0.985294117647059	0.998678372510148	NA
pairID2062	LinardVogler2018.nwk	ParkKim2019Curculionoidea.nwk	M	M	MM	10	0.419570878415579	4.88333333333333	8	11.6189500386223	6	2018	2019	Coleoptera	suborder	24	0	5	8	1	1	NA
pairID2063	LinardVogler2018.nwk	Parker2016Pselaphinae.nwk	M	C	NA	15	0.165799327310898	10.3484848484848	10	9.74679434480896	12	2018	2016	Coleoptera	family	17	57	3	15	0.933333333333333	0.997924724082634	NA
pairID2064	LinardVogler2018.nwk	PietrykowskaTudruj2012Staphylinini.nwk	M	P	NA	7	0.439390228693623	2.9	5	4.35889894354067	5	2018	2012	Coleoptera	family	16	77	3	16	1	0.999055623760506	NA
pairID2065	LinardVogler2018.nwk	PistoneGohli2018Scolytinae.nwk	M	G	GM	106	0.415936161253438	70.9794668232222	382	153.156782415928	44	2018	2018	Coleoptera	family	34	0	3	-2	0.933962264150943	0.993240071354802	NA
pairID2067	LinardVogler2018.nwk	PolilovRibera2019Ptiliidae.nwk	M	G	GM	8	0.54745721522476	3	8	5.47722557505166	5	2018	2019	Coleoptera	superfamily	23	0	4	9	0.75	0.998018867924528	NA
pairID2068	LinardVogler2018.nwk	PowellCline2020Carpophilinae.nwk	M	G	GM	8	0	5	0	0	8	2018	2020	Coleoptera	family	22	0	3	10	1	0.998207208907341	NA
pairID2069	LinardVogler2018.nwk	Ragionieri2023Tenebrionidae.nwk	M	O	MO	22	0.29197853561232	14.6753189792663	24	12.7671453348037	17	2018	2023	Coleoptera	superfamily	1758	0	4	-1726	0.636363636363636	0.993519909842224	NA
pairID2070	LinardVogler2018.nwk	RamirezSalamanca2023Philonthina.nwk	M	G	GM	19	0.464919671729345	10.2040598290598	39	25.475478405714	11	2018	2023	Coleoptera	subfamily	22	0	3	10	0.894736842105263	0.990264906861368	NA
pairID2071	LinardVogler2018.nwk	ReisKirsch2020Donaciinae.nwk	M	M	MM	25	0.376628705581551	16.2932584958901	48	33.7786915081091	16	2018	2020	Coleoptera	subfamily	29	0	3	3	1	0.999905482041588	NA
pairID2072	LinardVogler2018.nwk	RiberaBilton2003Dytiscidae.nwk	M	G	GM	28	0.269455101401021	19.2252636252636	39	19.7737199332852	20	2018	2003	Coleoptera	tribe	18	0	2	14	1	0.999905482041588	NA
pairID2073	LinardVogler2018.nwk	RiccieriMancini2020Hycleus.nwk	M	G	GM	8	0.194433591419366	4.25	3	2	7	2018	2020	Coleoptera	subfamily	21	0	3	11	0.875	0.989894264059137	NA
pairID2074	LinardVogler2018.nwk	RiccieriMancini2022Meloidae.nwk	M	G	GM	40	0.300892072911456	28.4145899993726	70	29.563490998189	24	2018	2022	Coleoptera	superfamily	20	0	4	12	0.9	0.988876425500093	NA
pairID2075	LinardVogler2018.nwk	RiedelTanzler2016Cryptorhynchinae.nwk	M	G	GM	37	0.418541453977122	9.59880952380952	21	14.560219778561	11	2018	2016	Coleoptera	superfamily	25	0	4	7	0.72972972972973	0.986939080138073	NA
pairID2076	LinardVogler2018.nwk	RobertsonMcHugh2004Erotylidae.nwk	M	G	GM	27	0.351009601697513	17.3302213868003	49	31.0805405358401	14	2018	2004	Coleoptera	superfamily	18	0	4	14	1	0.999527588813303	NA
pairID2077	LinardVogler2018.nwk	RobertsonSlipinski2015Cucujoidea.nwk	M	G	GM	135	0.209021253861721	105.79636919324	261	164.669365699878	87	2018	2015	Coleoptera	suborder	24	0	5	8	0.748148148148148	0.982813080639168	NA
pairID2078	LinardVogler2018.nwk	RobertsonWhiting2008Cucujoidea.nwk	M	G	GM	31	0.2808314778651	21.2103076803844	47	35.5527776692624	17	2018	2008	Coleoptera	infraorder	18	0	5	14	0.774193548387097	0.996796381795911	NA
pairID2079	LinardVogler2018.nwk	Rossini2022Epactoidini4.nwk	M	C	NA	47	0.262685383201791	33.9406340752271	75	51.720402163943	30	2018	2022	Coleoptera	superfamily	23	103	4	9	0.957446808510638	0.998866962515343	NA
pairID2080	LinardVogler2018.nwk	SabatinelliEberle2020Glaphyridae.nwk	M	G	GM	9	0.241425112874926	5.05	4	4.69041575982343	8	2018	2020	Coleoptera	superfamily	19	0	4	13	0.888888888888889	0.996702468437912	NA
pairID2081	LinardVogler2018.nwk	SeoPark2019Coccinellidae.nwk	M	M	MM	10	0.286281625335025	5.41666666666667	8	7.14142842854285	4	2018	2019	Coleoptera	family	29	0	3	3	1	0.9997164997165	NA
pairID2082	LinardVogler2018.nwk	ShinShin2021Cerambycidae.nwk	M	O	MO	14	0.282299200397439	8.68253968253968	12	6.70820393249937	10	2018	2021	Coleoptera	infraorder	140	0	5	-108	0.5	0.998113029531088	NA
pairID2083	LinardVogler2018.nwk	ShortFikacek2013Hydrophilidae.nwk	M	G	GM	91	0.24279050512956	66.0342594758424	173	51.487862647424	53	2018	2013	Coleoptera	superfamily	22	0	4	10	0.978021978021978	0.997360233807863	NA
pairID2085	LinardVogler2018.nwk	SikesVenables2013Nicrophorinae.nwk	M	G	GM	52	0.402735503410275	33.7540933273076	151	110.697786789077	18	2018	2013	Coleoptera	subfamily	20	0	3	12	1	1	NA
pairID2086	LinardVogler2018.nwk	SipekFabrizi2016Cetoniinae.nwk	M	G	GM	142	0.255582467236244	102.963010536554	378	156.69396925217	79	2018	2016	Coleoptera	family	19	0	3	13	0.908450704225352	0.991936240037506	NA
pairID2087	LinardVogler2018.nwk	Song2019Neuroptera.nwk	M	M	MM	8	0.267081155039928	4.08333333333333	3	4.58257569495584	7	2018	2019	Coleoptera	order	31	0	6	1	1	0.996326991900546	NA
pairID2088	LinardVogler2018.nwk	SongLi2020Coccinellidae.nwk	M	M	MM	22	0.234408024116706	15.1989139515455	18	16.2480768092719	13	2018	2020	Coleoptera	family	53	0	3	-21	0.909090909090909	0.999244356286011	NA
pairID2089	LinardVogler2018.nwk	SongLi2020Curculionoidea.nwk	M	M	MM	70	0.197379257351358	54.2741377838262	85	54.3874985635486	52	2018	2020	Coleoptera	infraorder	29	0	5	3	0.957142857142857	0.997642399094681	NA
pairID2090	LinardVogler2018.nwk	SongYin2018Chrysomelidae.nwk	M	M	MM	21	0.208429165273193	15.5292207792208	17	16.1245154965971	14	2018	2018	Coleoptera	superfamily	29	0	4	3	0.952380952380952	0.998866962515343	NA
pairID2091	LinardVogler2018.nwk	StangerHallLloyd2007Lampyridae.nwk	M	G	GM	43	0.34185423511778	30.0587687837688	94	53.7680202350803	26	2018	2007	Coleoptera	superfamily	19	0	4	13	1	0.999244356286011	NA
pairID2092	LinardVogler2018.nwk	StrumpherSole2014Trogidae.nwk	M	G	GM	7	0	4	0	0	7	2018	2014	Coleoptera	superfamily	19	0	4	13	1	0.995764307228916	NA
pairID2094	LinardVogler2018.nwk	SutherlandSchnepp2021Cerambycinae.nwk	M	G	GM	36	0.433883180744843	20.9855551311434	81	41.4366987102013	15	2018	2021	Coleoptera	subfamily	21	0	3	11	0.888888888888889	0.993706556453128	NA
pairID2095	LinardVogler2018.nwk	TarasovDimitrov2016Scarabaeinae.nwk	M	G	GM	210	0.378465852479184	143.121766156855	1033	661.065049749266	65	2018	2016	Coleoptera	family	24	0	3	8	0.957142857142857	0.992587727528617	NA
pairID2096	LinardVogler2018.nwk	TarasovSolodovnikov2011Onthophagini.nwk	M	P	NA	46	0.380112159053991	28.209435009435	119	62.9523629421486	15	2018	2011	Coleoptera	subfamily	16	91	3	16	1	0.999149981110691	NA
pairID2097	LinardVogler2018.nwk	TomaszewskaEscalona2021Coccinellini.nwk	M	G	GM	39	0.392195678673623	23.3206614641397	93	45.7055795281058	17	2018	2021	Coleoptera	family	22	0	3	10	0.948717948717949	0.989986898746023	NA
pairID2098	LinardVogler2018.nwk	TomaszewskaSzawaryn2023Coccinelloidea.nwk	M	G	GM	90	0.216650391337869	69.952983172434	156	89.1571646027396	51	2018	2023	Coleoptera	superfamily	24	0	4	8	0.777777777777778	0.992122292037888	NA
pairID2099	LinardVogler2018.nwk	ToussaintHendrich2016Dytiscidae.nwk	M	G	GM	33	0.286247502553413	23.763278967501	52	25.5734237050888	21	2018	2016	Coleoptera	genus	20	0	1	12	1	0.999433160132263	NA
pairID2101	LinardVogler2018.nwk	Uribe2016Elateroidea.nwk	M	M	MM	11	0.228968191691245	7	7	11.4891252930761	8	2018	2016	Coleoptera	infraorder	29	0	5	3	0.818181818181818	0.999527588813303	NA
pairID2103	LinardVogler2018.nwk	VerduGalante2004Geotrupidae.nwk	M	P	NA	9	0.491528404008749	2	3	3.3166247903554	5	2018	2004	Coleoptera	family	16	38	3	16	0.777777777777778	0.999149981110691	NA
pairID2105	LinardVogler2018.nwk	VictorZuniga2016Dendroctonus.nwk	M	C	NA	16	0.34288960675552	9.05952380952381	18	14.9331845230681	9	2018	2016	Coleoptera	subfamily	17	36	3	15	1	0.999527588813303	NA
pairID2106	LinardVogler2018.nwk	VillastrigoJach2019Ochthebiini.nwk	M	G	GM	56	0.243900233663626	44.138579033764	102	53.084837759948	18	2018	2019	Coleoptera	family	22	0	3	10	1	0.989616463985033	NA
pairID2107	LinardVogler2018.nwk	Wang2017Neuropterida.nwk	M	M	MM	9	0.296289031403771	4.83333333333333	6	6.78232998312527	7	2018	2017	Coleoptera	superorder	29	0	7	3	1	0.996326991900546	NA
pairID2108	LinardVogler2018.nwk	WangDai2019Cerambycidae.nwk	M	M	MM	22	0.168203114514102	16.7293417366947	23	10.6301458127346	19	2018	2019	Coleoptera	superfamily	29	0	4	3	0.954545454545455	0.998961284230406	NA
pairID2109	LinardVogler2018.nwk	WangHong2017Elateroidea.nwk	M	M	MM	12	0.198550094856277	7.62222222222222	8	9.59166304662544	10	2018	2017	Coleoptera	suborder	29	0	5	3	0.916666666666667	0.999622035339696	NA
pairID2110	LinardVogler2018.nwk	WuQian2020Chrysomelidae.nwk	M	M	MM	21	0.177416795158652	15.8717948717949	15	15.52417469626	14	2018	2020	Coleoptera	superfamily	29	0	4	3	0.904761904761905	0.998961284230406	NA
pairID2111	LinardVogler2018.nwk	Yamamoto2021Tachyporinae.nwk	M	P	NA	18	0.550801602061666	5.54761904761905	18	18.0277563773199	5	2018	2021	Coleoptera	superfamily	16	156	4	16	0.777777777777778	0.996233166964874	NA
pairID2112	LinardVogler2018.nwk	YamamotoMaruyama2018Gymnusini.nwk	M	P	NA	17	0.584172607560243	6.94364801864802	40	19.2613602842582	10	2018	2018	Coleoptera	family	16	160	3	16	0.764705882352941	0.998395620989052	NA
pairID2113	LinardVogler2018.nwk	YangCai2016Anobiidae.nwk	M	M	MM	12	0.491528404008749	2	3	3.3166247903554	5	2018	2016	Coleoptera	suborder	29	0	5	3	0.916666666666667	0.999810981948776	NA
pairID2114	LinardVogler2018.nwk	YangWang2017Curculionidae.nwk	M	M	MM	8	0.306545077920216	3.73333333333333	5	2.44948974278318	6	2018	2017	Coleoptera	suborder	29	0	5	3	0.875	0.9997164997165	NA
pairID2115	LinardVogler2018.nwk	YinLu2021Dasycerinae.nwk	M	P	NA	13	0.513380011817856	6.2718253968254	25	16.3401346383682	8	2018	2021	Coleoptera	family	16	85	3	16	1	0.998113029531088	NA
pairID2116	LinardVogler2018.nwk	ZhangLi2022Curculionidae.nwk	M	M	MM	26	0.289310153998831	16.5047619047619	28	22.561028345357	16	2018	2022	Coleoptera	superfamily	29	0	4	3	0.653846153846154	0.995951798154773	NA
pairID2117	LinardVogler2018.nwk	ZhangShu2019Curculionidae.nwk	M	M	MM	24	0.0261500961966171	20.3333333333333	2	1.4142135623731	23	2018	2019	Coleoptera	family	29	0	3	3	1	0.999244356286011	NA
pairID2118	LinardVogler2018.nwk	ZhangSong2022Chrysomelidae.nwk	M	M	MM	126	0.256919827529512	97.5906566116818	253	102.13716267843	70	2018	2022	Coleoptera	superfamily	29	0	4	3	0.920634920634921	0.993799906059183	NA
pairID2119	LinardVogler2018.nwk	ZhangWu2020Chrysomelidae.nwk	M	M	MM	16	0.16031644554917	11.6	7	10.3440804327886	12	2018	2020	Coleoptera	superfamily	29	0	4	3	1	0.999622035339696	NA
pairID2120	LinardVogler2018.nwk	Zhou2022Dermestidae.nwk	M	M	MM	12	0.140528438360429	7.91666666666667	4	7	11	2018	2022	Coleoptera	family	29	0	3	3	0.75	0.989894264059137	NA
pairID2121	LinardVogler2018.nwk	ZhouCaterino2020Histeridae.nwk	M	C	NA	16	0.387666228127929	9.55238095238095	22	13.3416640641263	9	2018	2020	Coleoptera	superfamily	20	69	4	12	0.5625	0.995951798154773	NA
pairID2122	LinardVogler2018.nwk	ZylaSolodovnikov2020Staphylininae.nwk	M	G	GM	15	0.208553587617172	9.91666666666667	10	5.29150262212918	12	2018	2020	Coleoptera	family	22	0	3	10	0.8	0.995764307228916	NA
pairID2123	Liu2022Chaitophorinae.nwk	WieczorekKajtoch2011Siphini.nwk	G	C	CG	15	0.168123867784565	10.1190476190476	9	8.36660026534076	9	2022	2011	Condylognatha	subfamily	5	30	3	3	1	0.983606557377049	NA
pairID2124	LiuChen2015Greenideini.nwk	LiuHuang2013Mollitrichosiphum.nwk	G	G	GG	7	0.23186719448805	3.5	2	3	6	2015	2013	Condylognatha	genus	6	0	1	2	1	0.967741935483871	NA
pairID2125	LiuChen2023Siphonaptera.nwk	LiuChenLuLiu2023Siphonaptera.nwk	M	M	MM	11	0.112170079651359	6.5	2	2	9	2023	2023	Other	superorder	26	0	7	0	1	0.733333333333333	NA
pairID2126	LiuChen2023Siphonaptera.nwk	PuLin2024Siphonaptera.nwk	M	M	MM	10	0.117483525581478	6.5	2	5.65685424949238	7	2023	2024	Other	order	28	0	6	-2	1	0.578947368421053	NA
pairID2127	LiuChen2023Siphonaptera.nwk	PuLinDong2024Amphipsyllinae.nwk	M	M	MM	10	0.117483525581478	6.5	2	2	9	2023	2024	Other	order	28	0	6	-2	1	0.458333333333333	NA
pairID2128	LiuChen2023Siphonaptera.nwk	WeiJia2022Siphonaptera.nwk	M	M	MM	6	0	3	0	0	6	2023	2022	Other	order	26	0	6	0	1	0.733333333333333	NA
pairID2129	LiuChen2023Siphonaptera.nwk	ZhangFu2022Siphonaptera.nwk	M	M	MM	9	0.142391322779135	5.5	2	2	8	2023	2022	Other	superorder	26	0	7	0	1	0.2	NA
pairID2132	LiuChenLuLiu2023Siphonaptera.nwk	WeiJia2022Siphonaptera.nwk	M	M	MM	6	0	2	0	0	5	2023	2022	Other	order	26	0	6	0	1	0.789473684210526	NA
pairID2133	LiuChenLuLiu2023Siphonaptera.nwk	ZhangFu2022Siphonaptera.nwk	M	M	MM	9	0	5	0	0	8	2023	2022	Other	superorder	26	0	7	0	1	0.254237288135593	NA
pairID2134	LiuHe2022Thysanoptera.nwk	PakrashiKumar2022Thysanoptera.nwk	M	M	MM	12	0	9	0	0	12	2022	2022	Condylognatha	superorder	26	0	7	0	0.916666666666667	0.5	NA
pairID2135	LiuHe2022Thysanoptera.nwk	PakrashiTyagi2021Thysanoptera.nwk	M	M	MM	13	0.168188239077271	8.67857142857143	10	8.66025403784439	11	2022	2021	Condylognatha	superorder	26	0	7	0	0.923076923076923	0.652173913043478	NA
pairID2136	LiuHe2022Thysanoptera.nwk	TyagiChakraborty2020Thysanoptera.nwk	M	M	MM	10	0.143071181251132	6.2	4	4	9	2022	2020	Condylognatha	order	26	0	6	0	1	0.9375	NA
pairID2137	LiuHe2022Thysanoptera.nwk	WuZhang2023Thysanoptera.nwk	M	M	MM	11	0.303578506376342	6.06071428571429	11	8.06225774829855	8	2022	2023	Condylognatha	order	26	0	6	0	1	0.5	NA
pairID2142	LiuJia2017Bactrocera.nwk	Zhou2020Dacini.nwk	M	M	MM	6	0	2	0	0	5	2017	2020	Diptera	subgenus	28	0	1	-2	1	0.575757575757576	NA
pairID2143	LiuLiu2016Blattaria.nwk	Wang2017Blattodea.nwk	M	G	GM	7	0	4	0	3.60555127546399	6	2016	2017	Polyneoptera	order	20	0	6	10	1	0.0961538461538462	NA
pairID2144	LiuLiu2016Blattaria.nwk	WangZhang2023Blaberoidea.nwk	M	M	MM	8	0.200881658981469	4.25	3	4	7	2016	2023	Polyneoptera	order	54	0	6	-24	0.875	0.0546448087431694	NA
pairID2145	LiuLiu2023Mantodea.nwk	MaZhang2023Mantodea.nwk	M	M	MM	48	0.115168167223974	40.4745098039216	28	37	42	2023	2023	Polyneoptera	suborder	30	0	5	0	0.708333333333333	0.57037037037037	NA
pairID2146	LiuLiu2023Mantodea.nwk	SvensonBrannoch2016Hymenopodinae.nwk	M	G	GM	13	0.311703035514922	7.53571428571429	11	7.48331477354788	10	2023	2016	Polyneoptera	superfamily	25	0	4	5	0.538461538461538	0.726415094339623	NA
pairID2147	LiuLiu2023Mantodea.nwk	SvensonHardy2015Mantodea.nwk	M	G	GM	29	0.246279264291622	21.0095238095238	29	35.2420203734122	19	2023	2015	Polyneoptera	suborder	25	0	5	5	0.517241379310345	0.523809523809524	NA
pairID2148	LiuLiu2023Mantodea.nwk	SvensonWhiting2004Mantodea.nwk	M	G	GM	20	0.247789867183996	13.4538515406162	22	19.0525588832576	15	2023	2004	Polyneoptera	suborder	20	0	5	10	0.35	0.675438596491228	NA
pairID2149	LiuLiu2023Mantodea.nwk	SvensonWhiting2009Mantodea.nwk	M	G	GM	57	0.256653597731417	42.345739447991	132	96.7677632272236	37	2023	2009	Polyneoptera	superorder	24	0	7	6	0.473684210526316	0.276978417266187	NA
pairID2150	LiuLiu2023Mantodea.nwk	WangWang2022Mantidae.nwk	M	M	MM	13	0.16692301066152	8.73333333333333	5	7.14142842854285	10	2023	2022	Polyneoptera	suborder	28	0	5	2	1	0.810526315789474	NA
pairID2151	LiuLiu2023Mantodea.nwk	Wieland2013Mantodea.nwk	M	P	NA	39	0.614772837118537	19.150131803215	134	72.8560224003479	17	2023	2013	Polyneoptera	suborder	15	152	5	15	0.512820512820513	0.513333333333333	NA
pairID2152	LiuLiu2023Mantodea.nwk	YagerSvenson2008Mantodea.nwk	M	G	GM	50	0.30831774332682	33.1572235681497	120	60.0915967502945	30	2023	2008	Polyneoptera	superorder	22	0	7	8	0.22	0.37378640776699	NA
pairID2153	LiuLiu2023Mantodea.nwk	ZhangYu2018Mantodea.nwk	M	M	MM	28	0.138241158869307	22.0934065934066	20	14.4913767461894	23	2023	2018	Polyneoptera	suborder	28	0	5	2	0.785714285714286	0.846153846153846	NA
pairID2154	LiuQiu2016Catantopidae.nwk	SongMarinoPerez2018Acrididae.nwk	M	M	MM	13	0	10	0	8.18535277187245	12	2016	2018	Polyneoptera	family	55	0	3	-25	0.923076923076923	0.117647058823529	NA
pairID2155	LiuQiu2016Catantopidae.nwk	ZhangLin2016Catantopidae.nwk	M	M	MM	14	0.198278438764426	9.43333333333333	10	13.9283882771841	10	2016	2016	Polyneoptera	family	30	0	3	0	1	0.888888888888889	NA
pairID2156	LiuSong2018Hemiptera.nwk	WangZhang2017Pentatomomorpha.nwk	M	M	MM	19	0.0909313325059854	14.5333333333333	6	3	17	2018	2017	Condylognatha	infraorder	26	0	5	0	0.894736842105263	0.853932584269663	NA
pairID2157	LiuWinterton2015Mantispidae.nwk	Winterton2018Neuropterida.nwk	C	O	NA	12	0.309630617704248	6.33333333333333	8	8.18535277187245	7	2015	2018	Other	suborder	202	74	5	-196	0.5	0.13986013986014	NA
pairID2158	LiuZhang2023Blattodea.nwk	MaekawaMatsumoto2000Blattaria.nwk	O	B	NA	10	0.16242613441186	6.28571428571429	5	9.69535971483266	5	2023	2000	Polyneoptera	order	1954	0	6	1952	0.8	0.90625	NA
pairID2159	LiuZhang2023Blattodea.nwk	MisofLiu2014Hexapoda.nwk	O	O	OO	6	0	3	0	0	6	2023	2014	Polyneoptera	superorder	3431	0	7	475	1	0.404651162790698	TR.TR
pairID2160	LiuZhang2023Blattodea.nwk	Wang2017Blattodea.nwk	O	G	GO	36	0.244262336574467	25.9068048910154	51	22.248595461287	20	2023	2017	Polyneoptera	order	1958	0	6	1948	0.555555555555556	0.517857142857143	NA
pairID2161	LiuZhang2023Blattodea.nwk	WangZhang2023Blaberoidea.nwk	O	M	MO	50	0.18236944957154	39.1483510771785	56	41.182520563948	34	2023	2023	Polyneoptera	order	1992	0	6	1914	0.74	0.378260869565217	NA
pairID2163	LoGloag2010Apis.nwk	WakamiyaTingek2017Apis.nwk	G	M	GM	7	0	4	0	0	7	2010	2017	Hymenoptera	subfamily	16	0	3	-10	1	1	NA
pairID2164	Lonsdale2020DiopsoideaNerioidea.nwk	WiegmannTrautwein2011Diptera.nwk	P	C	NA	18	0.782250150613626	5.59433899433899	57	31.0644491340181	7	2020	2011	Diptera	suborder	14	694	5	-14	0.388888888888889	0.214574898785425	NA
pairID2165	LopezBerrizbeitia2020Ectinorus.nwk	ZhuHastriter2015Siphonaptera.nwk	P	G	GP	7	0.269956546514537	3.4	3	3.16227766016838	5	2020	2015	Other	genus	9	46	1	-9	0.857142857142857	0.16597510373444	NA
pairID2166	LopezOsorio2014Vespinae.nwk	Perrard2016Vespinae.nwk	G	G	GG	25	0.0828039468261713	21	9	13.7113092008021	19	2014	2016	Hymenoptera	family	18	0	3	0	1	0.518518518518518	NA
pairID2167	LopezOsorio2014Vespinae.nwk	PerrardPickett2013Vespa.nwk	G	C	CG	9	0.491528404008749	2	3	4	4	2014	2013	Hymenoptera	family	15	45	3	3	1	0.608695652173913	NA
pairID2168	LopezOsorio2014Vespinae.nwk	PiekarskiCarpenter2018Vespidae.nwk	G	O	GO	9	0	6	0	0	9	2014	2018	Hymenoptera	family	244	0	3	-226	1	0.207407407407407	NA
pairID2169	LordHartley2010Latridiidae.nwk	RobertsonSlipinski2015Cucujoidea.nwk	G	G	GG	24	0.191686686566688	17.6833333333333	20	14.1774468787578	17	2010	2015	Coleoptera	infraorder	15	0	5	-1	0.916666666666667	0.0896551724137931	NA
pairID2170	LordHartley2010Latridiidae.nwk	RobertsonWhiting2008Cucujoidea.nwk	G	G	GG	13	0.491062431539401	6.22619047619048	17	11.7046999107196	8	2010	2008	Coleoptera	superfamily	9	0	4	5	0.769230769230769	0.351351351351351	NA
pairID2171	LordHartley2010Latridiidae.nwk	TomaszewskaSzawaryn2023Coccinelloidea.nwk	G	G	GG	20	0.051478716497078	16.7	3	12.9614813968157	13	2010	2023	Coleoptera	superfamily	15	0	4	-1	0.85	0.159509202453988	NA
pairID2172	LotfalizadehDelvare2007Eurytominae.nwk	ZhangDelvare2025Eurytomidae.nwk	P	O	NA	37	0.52720390076151	18.5223798131693	114	75.4917214004291	18	2007	2025	Hymenoptera	family	962	150	3	-962	0.594594594594595	0.637755102040816	NA
pairID2173	Lu2021Sisyridae.nwk	Song2019Neuroptera.nwk	M	M	MM	6	0	3	0	0	6	2021	2019	Other	superorder	28	0	7	-2	1	0.267857142857143	NA
pairID2174	Lu2021Sisyridae.nwk	Wang2017Neuropterida.nwk	M	M	MM	6	0.323732119916531	2.5	2	2.44948974278318	5	2021	2017	Other	superorder	26	0	7	0	1	0.263157894736842	NA
pairID2175	Lu2021Sisyridae.nwk	Winterton2017Osmylidae.nwk	M	C	NA	8	0.200881658981469	4.25	3	2	7	2021	2017	Other	family	17	72	3	9	0.75	0.283018867924528	NA
pairID2176	Lu2021Sisyridae.nwk	Xu2020Osmylidae.nwk	M	M	MM	10	0	7	0	0	10	2021	2020	Other	order	28	0	6	-2	0.9	0.882352941176471	NA
pairID2178	MaHe2015Archaeognatha.nwk	ShenCai2020Archaeognatha.nwk	M	M	MM	6	0.514401820125203	1.91666666666667	4	3.74165738677394	5	2015	2020	Other	order	26	0	6	0	1	0.923076923076923	NA
pairID2179	MaHe2015Archaeognatha.nwk	SunYu2020Collembola.nwk	M	M	MM	8	0.40211758459884	3.33333333333333	5	4.69041575982343	6	2015	2020	Other	NA	26	0	NA	0	1	0.642857142857143	NA
pairID2180	MaHe2015Archaeognatha.nwk	ZhangLi2018Archaeognatha.nwk	M	C	NA	6	0.514401820125203	1.91666666666667	4	2.82842712474619	5	2015	2018	Other	NA	19	34	NA	7	1	0.765957446808511	NA
pairID2181	MaZhang2023Mantodea.nwk	SvensonBrannoch2016Hymenopodinae.nwk	M	G	GM	19	0.297617813278362	12.1343137254902	24	13.114877048604	12	2023	2016	Polyneoptera	superfamily	25	0	4	5	0.526315789473684	0.783333333333333	NA
pairID2182	MaZhang2023Mantodea.nwk	SvensonHardy2015Mantodea.nwk	M	G	GM	30	0.193806785295091	23.0452380952381	27	42.6731765867037	21	2023	2015	Polyneoptera	suborder	25	0	5	5	0.5	0.573170731707317	NA
pairID2183	MaZhang2023Mantodea.nwk	SvensonWhiting2004Mantodea.nwk	M	G	GM	15	0.460133050017027	8.02936507936508	24	17.3493515728975	10	2023	2004	Polyneoptera	suborder	20	0	5	10	0.6	0.728682170542636	NA
pairID2184	MaZhang2023Mantodea.nwk	SvensonWhiting2009Mantodea.nwk	M	G	GM	60	0.226546193903785	47.0560832270585	95	81.3203541556479	40	2023	2009	Polyneoptera	suborder	24	0	5	6	0.45	0.31864406779661	NA
pairID2185	MaZhang2023Mantodea.nwk	WangWang2022Mantidae.nwk	M	M	MM	20	0.251187134553719	13.5457264957265	21	12.1655250605964	16	2023	2022	Polyneoptera	family	28	0	3	2	0.95	0.886792452830189	NA
pairID2186	MaZhang2023Mantodea.nwk	Wieland2013Mantodea.nwk	M	P	NA	41	0.530694305215052	22.6476806103757	134	83.7197706638044	16	2023	2013	Polyneoptera	suborder	15	152	5	15	0.536585365853659	0.56969696969697	NA
pairID2187	MaZhang2023Mantodea.nwk	YagerSvenson2008Mantodea.nwk	M	G	GM	43	0.284700387158852	29.5707091505743	78	56.7802782663136	29	2023	2008	Polyneoptera	suborder	22	0	5	8	0.13953488372093	0.412280701754386	NA
pairID2188	MaZhang2023Mantodea.nwk	ZhangYu2018Mantodea.nwk	M	M	MM	31	0.125729699647011	24.8876923076923	23	15.4919333848297	26	2023	2018	Polyneoptera	suborder	28	0	5	2	0.709677419354839	0.886792452830189	NA
pairID2189	Machado2019Myrmeleontidae.nwk	Michel2017Myrmeleontidae.nwk	O	G	GO	24	0.363766809235765	15.9149142524143	46	29.4618397253125	14	2019	2017	Other	order	333	0	6	317	0.791666666666667	0.716363636363636	NA
pairID2190	Machado2019Myrmeleontidae.nwk	Song2019Neuroptera.nwk	O	M	MO	15	0.21049408968182	10.2393939393939	11	13.3790881602597	9	2019	2019	Other	order	340	0	6	310	0.6	0.838297872340426	NA
pairID2191	Machado2019Myrmeleontidae.nwk	Wang2017Neuropterida.nwk	O	M	MO	12	0.200193061613989	7.625	7	6.92820323027551	8	2019	2017	Other	order	338	0	6	312	0.5	0.824267782426778	NA
pairID2192	Machado2019Myrmeleontidae.nwk	Winterton2018Neuropterida.nwk	O	O	OO	41	0.172600723550955	33.5135832004253	46	34.4093010681705	30	2019	2018	Other	order	524	0	6	126	0.926829268292683	0.684027777777778	AHE.AHE
pairID2193	Machado2019Myrmeleontidae.nwk	Winterton2019Chrysopidae.nwk	O	O	OO	9	0.133276304198401	5.33333333333333	2	1.4142135623731	8	2019	2019	Other	order	697	0	6	-47	0.777777777777778	0.703571428571429	AHE.AHE
pairID2194	Maddison2012Bembidiini.nwk	MaddisonKanda2019Trechitae.nwk	G	G	GG	33	0.237027575110874	23.3085858585859	37	17.6635217326557	22	2012	2019	Coleoptera	subfamily	14	0	3	0	1	0.604534005037783	NA
pairID2195	MaekawaMatsumoto2000Blattaria.nwk	Wang2017Blattodea.nwk	B	G	NA	8	0.212673272368728	4.4	3	3	7	2000	2017	Polyneoptera	order	6	0	6	-4	0.875	0.162162162162162	NA
pairID2196	MaekawaMatsumoto2000Blattaria.nwk	WangZhang2023Blaberoidea.nwk	B	M	NA	10	0.145292506050159	6.2	4	9.1104335791443	5	2000	2023	Polyneoptera	order	40	0	6	-38	0.9	0.0957446808510638	NA
pairID2197	MaekawaMatsumoto2000Blattaria.nwk	WareLitman2008Dictyoptera.nwk	B	C	NA	6	0	2	0	0	5	2000	2008	Polyneoptera	order	5	175	6	-3	0.833333333333333	0.276923076923077	NA
pairID2198	MagroLecompte2010Coccinellidae.nwk	SongLi2020Coccinellidae.nwk	G	M	GM	11	0.306404217918463	6.15079365079365	10	7.48331477354788	7	2010	2020	Coleoptera	family	43	0	3	-31	0.545454545454545	0.72289156626506	NA
pairID2199	MagroLecompte2010Coccinellidae.nwk	TomaszewskaEscalona2021Coccinellini.nwk	G	G	GG	23	0.354367730189649	14.5823232323232	37	20.9045449603669	13	2010	2021	Coleoptera	family	12	0	3	0	0.782608695652174	0.32258064516129	NA
pairID2200	MalmJohanson2013Trichoptera.nwk	ThomasFrandsen2020Trichoptera.nwk	G	G	GG	85	0.207560772622446	67.7835282291845	167	116.447413024077	52	2013	2020	Other	order	10	0	6	-2	0.352941176470588	0.461267605633803	NA
pairID2201	MaoYang2016Membracidae.nwk	MaoYang2017Cicadellidae.nwk	M	M	MM	12	0.220611183492186	7.33333333333333	8	4.58257569495584	10	2016	2017	Condylognatha	order	26	0	6	0	0.583333333333333	0.521739130434783	NA
pairID2202	MaoYang2017Cicadellidae.nwk	Song2017Cicadomorpha.nwk	M	M	MM	9	0.263989850398429	4.73333333333333	6	6.48074069840786	5	2017	2017	Condylognatha	suborder	50	0	5	-24	0.777777777777778	0.310344827586207	NA
pairID2203	MarinoPerez2019Pyrgomorphidae.nwk	MarinoPerezSong2018Pyrgomorphidae.nwk	M	P	NA	14	0.618396832887324	5.97222222222222	27	26.2868788561898	6	2019	2018	Polyneoptera	family	71	119	3	71	0.428571428571429	0.619047619047619	NA
pairID2204	MarinoPerez2019Pyrgomorphidae.nwk	ZahidMarinoPerez2021Pyrgomorphidae.nwk	M	M	MM	24	0.144895078510353	18.4666666666667	16	13.5277492584687	21	2019	2021	Polyneoptera	infraorder	86	0	5	56	0.916666666666667	0.722222222222222	NA
pairID2205	MarinoPerezSong2018Pyrgomorphidae.nwk	ZahidMarinoPerez2021Pyrgomorphidae.nwk	P	M	NA	18	0.702491008551303	6.89685314685315	47	41.5571895103603	6	2018	2021	Polyneoptera	family	15	119	3	-15	0.388888888888889	0.626865671641791	NA
pairID2206	MartinBranham2017Lampyridae.nwk	MartinStangerHall2019Lampyridae.nwk	C	O	NA	27	0.277690323946291	17.6946428571429	37	30.9515750810843	17	2017	2019	Coleoptera	superfamily	439	410	4	-433	0.851851851851852	0.732673267326733	NA
pairID2207	MartinBranham2017Lampyridae.nwk	StangerHallLloyd2007Lampyridae.nwk	C	G	CG	35	0.273830301567639	25.1816276001261	54	44.9666543118342	17	2017	2007	Coleoptera	family	6	410	3	0	1	0.831460674157303	NA
pairID2209	MartinStangerHall2019Lampyridae.nwk	StangerHallLloyd2007Lampyridae.nwk	O	G	GO	18	0.302712931612105	11.8212121212121	21	13.6747943311773	13	2019	2007	Coleoptera	family	439	0	3	433	0.666666666666667	0.619047619047619	NA
pairID2211	MarvaldiSequeira2002Curculionoidea.nwk	McKennaSequeira2009Curculionoidea.nwk	C	G	CG	58	0.472883834560865	32.7334145114199	198	94.8208837756746	28	2002	2009	Coleoptera	superfamily	7	115	4	-5	0.293103448275862	0.466981132075472	NA
pairID2212	Masonick2017Phymatinae.nwk	Masonick2024Reduviidae.nwk	G	C	CG	12	0.263518902245781	7.23333333333333	10	7.48331477354788	9	2017	2024	Condylognatha	superfamily	2297	112	4	-2285	0.833333333333333	0.182352941176471	NA
pairID2214	Matsumoto2016Pimplinae.nwk	QuickeLaurenne2009Ichneumonidae.nwk	G	C	CG	10	0.168065567780453	4.33333333333333	2	5.09901951359278	6	2016	2009	Hymenoptera	tribe	4	162	2	2	0.6	0.0625	NA
pairID2215	May2002Enallagma.nwk	OGradyMay2003Coenagrionidae.nwk	P	P	NA	6	0	1	0	0	4	2002	2003	Palaeoptera	genus	0	91	1	0	0.666666666666667	0.394160583941606	NA
pairID2216	MayerDietz2021Lepidoptera.nwk	MisofLiu2014Hexapoda.nwk	O	O	OO	11	0.108482592744196	7.25	3	5.3851648071345	10	2021	2014	Lepidoptera	order	3313	0	6	357	0.727272727272727	0.5625	AHE.TR
pairID2217	MayerDietz2021Lepidoptera.nwk	Regier2013Lepidoptera.nwk	O	G	GO	94	0.170640619717626	74.717888196326	133	121.218810421485	63	2021	2013	Lepidoptera	order	1854	0	6	1816	0.425531914893617	0.277397260273973	NA
pairID2218	MayerDietz2021Lepidoptera.nwk	Riyaz2023Noctuoidea.nwk	O	G	GO	14	0.0951866707552221	10.2857142857143	5	4	13	2021	2023	Lepidoptera	superfamily	1850	0	4	1820	0.571428571428571	0.645418326693227	NA
pairID2219	MayerDietz2021Lepidoptera.nwk	Sohn2013Yponomeutoidea.nwk	O	G	GO	21	0.303593686227285	12.775	22	16.8522995463527	15	2021	2013	Lepidoptera	suborder	1854	0	5	1816	0.285714285714286	0.604477611940298	NA
pairID2220	MayerDietz2021Lepidoptera.nwk	Wiemers2020Papilionoidea.nwk	O	G	GO	12	0	9	0	0	12	2021	2020	Lepidoptera	superfamily	1847	0	4	1823	0.583333333333333	0.251552795031056	NA
pairID2221	Mazzon2010Tephritidae.nwk	Viale2015Tephritidae.nwk	G	G	GG	6	1	0.333333333333333	2	1.4142135623731	3	2010	2015	Diptera	family	4	0	3	0	1	0.791666666666667	NA
pairID2222	McElrathRobertson2015Cucujidae.nwk	MckennaWild2015Coleoptera.nwk	G	G	GG	14	0.406595619736373	7.70714285714286	14	11.8321595661992	6	2015	2015	Coleoptera	superfamily	15	0	4	-1	0.5	0.118987341772152	NA
pairID2223	McElrathRobertson2015Cucujidae.nwk	RobertsonSlipinski2015Cucujoidea.nwk	G	G	GG	26	0.135847324011128	19.9	19	9.4339811320566	22	2015	2015	Coleoptera	superfamily	15	0	4	-1	0.884615384615385	0.151612903225806	NA
pairID2224	McKennaSequeira2009Curculionoidea.nwk	MckennaWild2015Coleoptera.nwk	G	G	GG	19	0.26513686031214	12.0593137254902	21	12.8840987267251	14	2009	2015	Coleoptera	superfamily	14	0	4	-2	0.947368421052632	0.285106382978723	NA
pairID2225	McKennaSequeira2009Curculionoidea.nwk	RobertsonSlipinski2015Cucujoidea.nwk	G	G	GG	9	0.234861039145649	4.78571428571429	6	4.79583152331272	7	2009	2015	Coleoptera	superfamily	14	0	4	-2	0.666666666666667	0.323671497584541	NA
pairID2226	McKennaSequeira2009Curculionoidea.nwk	ShinClarke2018Curculionidae.nwk	G	O	GO	46	0.421582325352767	24.9736709197236	112	44.7437146423942	22	2009	2018	Coleoptera	superfamily	528	0	4	-516	0.91304347826087	0.864516129032258	NA
pairID2227	McMahon2011Strepsiptera.nwk	Pohl2002Strepsiptera.nwk	G	P	GP	8	0.491528404008749	2	3	3.46410161513775	5	2011	2002	Other	order	4	30	6	4	0.75	0.774193548387097	NA
pairID2228	McMahon2011Strepsiptera.nwk	PohlBeutel2005Strepsiptera.nwk	G	P	GP	10	0.345464649786158	3	3	3.87298334620742	6	2011	2005	Other	suborder	4	189	5	4	0.6	0.585365853658537	NA
pairID2229	McMahon2011Strepsiptera.nwk	PohlBeutel2016Strepsiptera.nwk	G	P	GP	11	0.181186122495261	7	5	5.29150262212918	10	2011	2016	Other	suborder	4	189	5	4	0.545454545454545	0.585365853658537	NA
pairID2230	MckennaFarrell2015Staphyliniformia.nwk	MckennaWild2015Coleoptera.nwk	G	G	GG	34	0.188936615637947	19.3047619047619	24	21.0237960416286	10	2015	2015	Coleoptera	suborder	10	0	5	-6	1	0.412087912087912	NA
pairID2231	MckennaFarrell2015Staphyliniformia.nwk	ZhangChe2018Coleoptera.nwk	G	O	GO	17	0.282349656561074	7.61666666666667	12	9.48683298050514	7	2015	2018	Coleoptera	infraorder	97	0	5	-93	0.941176470588235	0.431861804222649	NA
pairID2233	MckennaWild2015Coleoptera.nwk	RobertsonSlipinski2015Cucujoidea.nwk	G	G	GG	89	0.243815235442296	64.8862649861919	167	56.6568618968612	51	2015	2015	Coleoptera	infraorder	16	0	5	0	0.438202247191011	0.59640522875817	NA
pairID2234	MckennaWild2015Coleoptera.nwk	RobertsonWhiting2008Cucujoidea.nwk	G	G	GG	22	0.341769195300214	13.190056022409	34	24.7184141886165	8	2015	2008	Coleoptera	infraorder	10	0	5	6	0.5	0.885922330097087	NA
pairID2235	MckennaWild2015Coleoptera.nwk	ShinClarke2018Curculionidae.nwk	G	O	GO	17	0.171116433968976	11.6166666666667	11	11.6619037896906	14	2015	2018	Coleoptera	infraorder	530	0	5	-514	0.823529411764706	0.881642512077295	NA
pairID2236	MckennaWild2015Coleoptera.nwk	Song2010Coleoptera.nwk	G	M	GM	21	0.216644977488155	14.9884615384615	19	18.3303027798234	11	2015	2010	Coleoptera	order	21	0	6	-5	0.904761904761905	0.991847826086957	NA
pairID2237	MckennaWild2015Coleoptera.nwk	TomaszewskaSzawaryn2023Coccinelloidea.nwk	G	G	GG	19	0.40190127109812	10.7656629318394	30	22.1810730128188	13	2015	2023	Coleoptera	superfamily	16	0	4	0	0.526315789473684	0.717092337917485	NA
pairID2238	MckennaWild2015Coleoptera.nwk	YavorskayaAnton2018Myxophaga.nwk	G	P	GP	10	0.290000568930688	5.66666666666667	6	7.61577310586391	6	2015	2018	Coleoptera	order	8	98	6	8	0.9	0.991847826086957	NA
pairID2239	MckennaWild2015Coleoptera.nwk	ZhangChe2018Coleoptera.nwk	G	O	GO	151	0.191957744453502	116.862336414854	291	186.319617861351	83	2015	2018	Coleoptera	order	103	0	6	-87	0.503311258278146	0.608333333333333	NA
pairID2240	MeechamOgden2022Ephemeroptera.nwk	OgdenGattolliat2009Ephemeroptera.nwk	O	C	NA	23	0.610343171386782	10.8212121212121	55	32.1091887160046	11	2022	2009	Palaeoptera	order	405	101	6	395	0.478260869565217	0.239583333333333	NA
pairID2241	MeechamOgden2022Ephemeroptera.nwk	OgdenWhiting2005Ephemeroptera.nwk	O	G	GO	22	0.703399927034459	3.86190476190476	18	13.490737563232	5	2022	2005	Palaeoptera	order	405	0	6	395	0.409090909090909	0.212962962962963	NA
pairID2242	Menard2014Phylinae.nwk	MenardWoolley2014Leucophoropterina.nwk	C	P	NA	21	0.590606905235763	9.23087904527533	58	28.0891438103763	9	2014	2014	Condylognatha	tribe	4	259	2	4	0.952380952380952	0.784530386740331	NA
pairID2243	Menard2014Phylinae.nwk	SchuhWeirauch2009Cimicomorpha.nwk	C	C	NA	12	0.464058831491956	5.57222222222222	15	14.560219778561	4	2014	2009	Condylognatha	family	8	195	3	0	0.5	0.685990338164251	NA
pairID2244	MengWang2022Smerinthinae.nwk	Timmermans2019Ambulycini.nwk	M	M	MM	15	0	12	0	6.08276253029822	12	2022	2019	Lepidoptera	subfamily	26	0	3	0	1	0.864864864864865	NA
pairID2245	Mengual2019Bacchini.nwk	Mengual2023Syrphidae.nwk	G	O	GO	42	0.186642227165093	32.46443001443	38	16.1554944214035	32	2019	2023	Diptera	subfamily	1305	0	3	-1299	0.5	0.425414364640884	NA
pairID2246	Mengual2019Bacchini.nwk	MengualStahls2008Allograpta.nwk	G	G	GG	8	0.212673272368728	4.4	3	3.16227766016838	7	2019	2008	Diptera	tribe	6	0	2	0	0.875	0.652542372881356	NA
pairID2247	Mengual2019Bacchini.nwk	MengualStahls2008Syrphinae.nwk	G	G	GG	38	0.298331053535916	26.5489345779668	59	51.8073353879545	22	2019	2008	Diptera	subfamily	5	0	3	1	0.842105263157895	0.574626865671642	NA
pairID2248	Mengual2019Bacchini.nwk	MengualThompson2011Syrphidae.nwk	G	G	GG	10	0.155686256414117	6.25	4	6.557438524302	8	2019	2011	Diptera	subfamily	6	0	3	0	0.9	0.802083333333333	NA
pairID2249	Mengual2019Bacchini.nwk	Shin2018.nwk	G	G	GG	8	0.194433591419366	4.25	3	7.61577310586391	5	2019	2018	Diptera	tribe	23	0	2	-17	0.75	0.0788126919140225	NA
pairID2250	Mengual2019Bacchini.nwk	StahlsHippa2003Syrphidae.nwk	G	C	CG	14	0.33220837900235	7.54848484848485	17	12.5698050899765	9	2019	2003	Diptera	family	5	122	3	1	0.642857142857143	0.663793103448276	NA
pairID2251	Mengual2019Bacchini.nwk	WongNorman2023Syrphidae.nwk	G	M	GM	23	0.120781270502849	18.0833333333333	11	15.3297097167559	19	2019	2023	Diptera	subfamily	16	0	3	-10	0.521739130434783	0.458333333333333	NA
pairID2252	Mengual2019Bacchini.nwk	Young2016.nwk	G	O	GO	15	0.114493276903075	11	4	2.82842712474619	13	2019	2016	Diptera	subfamily	346	0	3	-340	0.4	0.762376237623762	NA
pairID2253	Mengual2023Syrphidae.nwk	MengualStahls2008Allograpta.nwk	O	G	GO	11	0.150364954435317	7.16666666666667	3	11.6189500386223	6	2023	2008	Diptera	tribe	1305	0	2	1299	0.727272727272727	0.767441860465116	NA
pairID2254	Mengual2023Syrphidae.nwk	MengualStahls2008Syrphinae.nwk	O	G	GO	42	0.388953166420581	26.5984041918656	88	50.8527285403645	22	2023	2008	Diptera	subfamily	1304	0	3	1300	0.595238095238095	0.673469387755102	NA
pairID2255	Mengual2023Syrphidae.nwk	MengualThompson2011Syrphidae.nwk	O	G	GO	10	0.226873083165185	5.83333333333333	7	10.295630140987	7	2023	2011	Diptera	subfamily	1305	0	3	1299	0.6	0.857142857142857	NA
pairID2256	Mengual2023Syrphidae.nwk	Moran2022Eristalinae.nwk	O	G	GO	18	0.273820237326465	12.0627705627706	24	18.4390889145858	13	2023	2022	Diptera	family	1310	0	3	1294	0.444444444444444	0.680412371134021	NA
pairID2257	Mengual2023Syrphidae.nwk	Shin2018.nwk	O	G	GO	12	0.357040932608543	6.56309523809524	12	6.32455532033676	9	2023	2018	Diptera	tribe	1322	0	2	1282	0.5	0.127906976744186	NA
pairID2258	Mengual2023Syrphidae.nwk	StahlsHippa2003Syrphidae.nwk	O	C	NA	22	0.36037025976795	13.9538961038961	31	31.7175030543074	12	2023	2003	Diptera	family	1304	122	3	1300	0.318181818181818	0.763005780346821	NA
pairID2259	Mengual2023Syrphidae.nwk	WongNorman2023Syrphidae.nwk	O	M	MO	36	0.177190357431948	27.9681776556777	33	25.3968501984006	28	2023	2023	Diptera	family	1315	0	3	1289	0.638888888888889	0.622641509433962	NA
pairID2260	Mengual2023Syrphidae.nwk	Young2016.nwk	O	O	OO	18	0.0985282542706274	14	5	6.40312423743285	16	2023	2016	Diptera	family	1645	0	3	959	0.5	0.862745098039216	AHE.AHE
pairID2261	MengualStahls2008Allograpta.nwk	MengualStahls2008Syrphinae.nwk	G	G	GG	15	0	12	0	9.59166304662544	13	2008	2008	Diptera	tribe	5	0	2	1	1	0.408333333333333	NA
pairID2262	MengualStahls2008Allograpta.nwk	MengualThompson2011Syrphidae.nwk	G	G	GG	15	0.196169004909522	10.2797619047619	10	10.816653826392	8	2008	2011	Diptera	subfamily	6	0	3	0	1	0.80327868852459	NA
pairID2263	MengualStahls2008Allograpta.nwk	Shin2018.nwk	G	G	GG	24	0.298923102510211	15.6398692810458	33	21.095023109729	12	2008	2018	Diptera	subfamily	23	0	3	-17	0.958333333333333	0.0526315789473684	NA
pairID2264	MengualStahls2008Syrphinae.nwk	MengualThompson2011Syrphidae.nwk	G	G	GG	19	0.371847935677994	11.5517740429505	26	16.4924225024706	12	2008	2011	Diptera	subfamily	5	0	3	-1	0.947368421052632	0.900990099009901	NA
pairID2265	MengualStahls2008Syrphinae.nwk	Shin2018.nwk	G	G	GG	9	0.314822594635617	4.5	5	4.89897948556636	7	2008	2018	Diptera	tribe	22	0	2	-18	0.888888888888889	0.0921052631578947	NA
pairID2266	MengualStahls2008Syrphinae.nwk	StahlsHippa2003Syrphidae.nwk	G	C	CG	11	0.433860842183227	5.175	13	16.0312195418814	6	2008	2003	Diptera	family	4	122	3	0	1	0.7109375	NA
pairID2267	MengualStahls2008Syrphinae.nwk	WongNorman2023Syrphidae.nwk	G	M	GM	18	0.333704154886393	10.8190476190476	20	16.7332005306815	13	2008	2023	Diptera	subfamily	15	0	3	-11	0.777777777777778	0.505555555555556	NA
pairID2268	MengualStahls2008Syrphinae.nwk	Young2016.nwk	G	O	GO	9	0.452201190063327	4.01666666666667	7	5.09901951359278	6	2008	2016	Diptera	subfamily	345	0	3	-341	0.666666666666667	0.791304347826087	NA
pairID2269	MengualThompson2011Syrphidae.nwk	Shin2018.nwk	G	G	GG	10	0.299579838942401	5.6	7	11.7046999107196	6	2011	2018	Diptera	subfamily	23	0	3	-17	1	0.0303030303030303	NA
pairID2270	MeusemannTrautwein2020Antliophora.nwk	MisofLiu2014Hexapoda.nwk	O	O	OO	24	0.112235672558121	18.825	13	5.3851648071345	21	2020	2014	Other	superorder	4623	0	7	1667	0.791666666666667	0.327485380116959	TR.TR
pairID2271	MeusemannTrautwein2020Antliophora.nwk	TihelkaGiacomelli2020Siphonaptera.nwk	O	O	OO	16	0.142655749397863	11.6785714285714	11	6.32455532033676	14	2020	2020	Other	superorder	4545	0	7	1745	0.75	0.861538461538462	TR.TR
pairID2272	MeusemannTrautwein2020Antliophora.nwk	WiegmannTrautwein2011Diptera.nwk	O	C	NA	32	0.204148858207278	23.3998647734956	45	24.5153013442625	22	2020	2011	Other	superorder	3159	371	7	3131	0.3125	0.225806451612903	NA
pairID2273	MiaoMa2017Cerapanorpa.nwk	MiaoWang2019Panorpidae.nwk	G	G	GG	31	0.154809021686874	23.6309523809524	28	12.2065556157337	25	2017	2019	Other	family	6	0	3	0	0.967741935483871	0.380952380952381	NA
pairID2274	MiaoMa2017Cerapanorpa.nwk	WangHua2021Panorpidae.nwk	G	P	GP	25	0.273662487691678	16.4095672443499	30	19.9749843554382	17	2017	2021	Other	order	3	182	6	3	1	0.192771084337349	NA
pairID2275	MiaoMa2017Cerapanorpa.nwk	Whiting2002Mecoptera.nwk	G	G	GG	7	0	4	0	0	7	2017	2002	Other	order	7	0	6	-1	1	0.376470588235294	NA
pairID2276	MiaoWang2019Panorpidae.nwk	WangHua2021Panorpidae.nwk	G	P	GP	46	0.346279894350733	28.0189074161669	112	52.4309069156733	23	2019	2021	Other	family	3	182	3	3	0.978260869565217	0.420512820512821	NA
pairID2277	MiaoWang2019Panorpidae.nwk	Whiting2002Mecoptera.nwk	G	G	GG	8	0.317185851296311	3.66666666666667	4	2	6	2019	2002	Other	order	7	0	6	-1	1	0.611940298507463	NA
pairID2278	MichatAlarie2013Coptotominae.nwk	MichatAlarie2017Dytiscidae.nwk	P	P	NA	23	0.357612628050516	15.0161955691367	47	33.0302891298275	8	2013	2017	Coleoptera	family	0	429	3	0	0.956521739130435	0.220183486238532	NA
pairID2279	Michel2017Myrmeleontidae.nwk	Song2019Neuroptera.nwk	G	M	GM	10	0.157982745462215	6.28571428571429	5	3	9	2017	2019	Other	order	23	0	6	-7	0.7	0.712230215827338	NA
pairID2280	Michel2017Myrmeleontidae.nwk	Vasilikopoulos2020Neuropterida.nwk	G	O	GO	8	0.353025070436458	3.83333333333333	4	2.44948974278318	6	2017	2020	Other	family	3643	0	3	-3627	0.875	0.55	NA
pairID2281	Michel2017Myrmeleontidae.nwk	Winterton2018Neuropterida.nwk	G	O	GO	12	0.115963366755624	8.14285714285714	6	4	11	2017	2018	Other	order	207	0	6	-191	0.5	0.445945945945946	NA
pairID2282	MicoMoron2008Cetoniidae.nwk	SipekFabrizi2016Cetoniinae.nwk	P	G	GP	22	0.416973062912691	12.6332673862086	43	21.3541565040626	13	2008	2016	Coleoptera	family	3	76	3	-3	0.545454545454545	0.17741935483871	NA
pairID2283	MillerBartlett2018Ephemeroptera.nwk	OgdenGattolliat2009Ephemeroptera.nwk	O	C	NA	18	0.227144420719857	12.7820512820513	15	10.770329614269	13	2018	2009	Palaeoptera	order	457	101	6	447	0.444444444444444	0.216494845360825	NA
pairID2284	MillerBartlett2018Ephemeroptera.nwk	OgdenWhiting2005Ephemeroptera.nwk	O	G	GO	15	0	2	0	0	5	2018	2005	Palaeoptera	order	457	0	6	447	0.466666666666667	0.194444444444444	NA
pairID2285	MillerEdgerly2008Metoligotoma.nwk	MillerHayashi2012Embioptera.nwk	C	C	NA	10	0.110602204927111	6.33333333333333	2	1.4142135623731	9	2008	2012	Polyneoptera	genus	10	105	1	0	1	0.180327868852459	NA
pairID2287	MillerHayashi2012Embioptera.nwk	Szumik2004Archembiidae.nwk	C	P	NA	10	0.373905317700509	5.03571428571429	11	9.89949493661167	5	2012	2004	Polyneoptera	order	5	190	6	5	0.6	0.705882352941177	NA
pairID2289	MinoshimaHayashi2013Horelophopsinae.nwk	ShortFikacek2013Hydrophilidae.nwk	P	G	GP	17	0.214497651046542	9.14848484848485	12	6	11	2013	2013	Coleoptera	subfamily	6	138	3	-6	0.294117647058824	0.207142857142857	NA
pairID2290	MisofLiu2014Hexapoda.nwk	Peters2017Hymenoptera.nwk	O	O	OO	16	0.0937384891827244	11.8666666666667	5	31.1608729017658	7	2014	2017	Other	superorder	4734	0	7	-1778	0.875	0.478405315614618	TR.TR
pairID2291	MisofLiu2014Hexapoda.nwk	SongBethoux2020Orthoptera.nwk	O	O	OO	6	0	3	0	0	6	2014	2020	Other	superorder	6892	0	7	-3936	1	0.761904761904762	TR.TR
pairID2292	MisofLiu2014Hexapoda.nwk	TihelkaGiacomelli2020Siphonaptera.nwk	O	O	OO	21	0.213454253882948	14.578431372549	23	9.1104335791443	16	2014	2020	Other	superorder	2878	0	7	78	1	1	TR.TR
pairID2293	MisofLiu2014Hexapoda.nwk	Vasilikopoulos2020Neuropterida.nwk	O	O	OO	8	0	5	0	0	8	2014	2020	Other	superorder	5113	0	7	-2157	1	0.642857142857143	TR.TR
pairID2294	MisofLiu2014Hexapoda.nwk	WiegmannTrautwein2011Diptera.nwk	O	C	NA	15	0.25060629227415	9.75	11	12.2474487139159	9	2014	2011	Other	superorder	1492	371	7	1464	0.4	0.423529411764706	NA
pairID2295	MisofLiu2014Hexapoda.nwk	ZhangFu2022Siphonaptera.nwk	O	M	MO	26	0.436539913404234	15.7636964484791	60	35.2278299076171	13	2014	2022	Other	superorder	1491	0	7	1465	0.423076923076923	0.774193548387097	NA
pairID2296	MitchellMitter2006Noctuidae.nwk	Regier2016Noctuoidea.nwk	G	G	GG	26	0.206131980742266	19.5166666666667	24	19.9749843554382	20	2006	2016	Lepidoptera	superfamily	21	0	4	-17	1	0.678571428571429	NA
pairID2297	MitchellMitter2006Noctuidae.nwk	Toussaint2012Apameini.nwk	G	G	GG	32	0.415740782668363	19.456969180245	76	34.9428104193123	18	2006	2012	Lepidoptera	superfamily	4	0	4	0	0.1875	0.618604651162791	NA
pairID2298	MonaghanInward2007Scarabaeinae.nwk	Rossini2022Epactoidini4.nwk	G	C	CG	19	0.112472437115204	14.9166666666667	9	8.24621125123532	17	2007	2022	Coleoptera	subfamily	10	103	3	-4	0.894736842105263	0.829787234042553	NA
pairID2299	MonaghanInward2007Scarabaeinae.nwk	TarasovDimitrov2016Scarabaeinae.nwk	G	G	GG	129	0.34220693804666	94.7714165576369	460	216.603324074216	50	2007	2016	Coleoptera	subfamily	11	0	3	-5	0.891472868217054	0.53133514986376	NA
pairID2300	MonaghanInward2007Scarabaeinae.nwk	TarasovSolodovnikov2011Onthophagini.nwk	G	P	GP	50	0	47	0	0	50	2007	2011	Coleoptera	subfamily	3	91	3	3	1	0.994897959183674	NA
pairID2301	MonjardimParesque2020Leptophlebiidae.nwk	ODonnellJockusch2008Leptophlebiidae.nwk	G	G	GG	32	0.424394806277977	18.0183689107827	76	38.7685439499603	16	2020	2008	Palaeoptera	family	4	0	3	0	0.8125	0.785714285714286	NA
pairID2302	Montagna2020Archaeognatha.nwk	ZhangLi2018Archaeognatha.nwk	C	C	NA	14	0.100665799693375	10.25	6	4.69041575982343	13	2020	2018	Other	order	12	68	6	0	0.928571428571429	0.923076923076923	NA
pairID2303	MontreuilViljanen2014Epilissini.nwk	TarasovDimitrov2016Scarabaeinae.nwk	G	G	GG	17	0.232804518090214	11.1059523809524	15	12.8840987267251	13	2014	2016	Coleoptera	tribe	12	0	2	-4	1	0.123376623376623	NA
pairID2304	Moran2022Eristalinae.nwk	WongNorman2023Syrphidae.nwk	G	M	GM	39	0.3053734701413	28.2557285748307	71	37.5099986670221	22	2022	2023	Diptera	family	21	0	3	-5	0.615384615384615	0.50314465408805	NA
pairID2305	Moran2022Eristalinae.nwk	Young2016.nwk	G	O	GO	17	0.214870438507919	12.3	17	12.8840987267251	13	2022	2016	Diptera	family	351	0	3	-335	0.470588235294118	0.784313725490196	NA
pairID2306	MoreauBell2006Formicidae.nwk	MoreauCorrie2008Pheidole.nwk	G	G	GG	17	0.277141780738823	11.1613636363636	22	18.6547581061776	13	2006	2008	Hymenoptera	family	11	0	3	1	1	0.526119402985075	NA
pairID2307	MoreauBell2006Formicidae.nwk	RomiguierBorowiec2022Formicidae.nwk	G	O	GO	40	0.272308018815378	27.8136363636364	65	27.7848879788996	23	2006	2022	Hymenoptera	family	4421	0	3	-4409	0.25	0.68780487804878	NA
pairID2308	MoreauBell2006Formicidae.nwk	Schmidt2013Ponerinae.nwk	G	G	GG	43	0.170975068274759	32.8519324519324	45	16.583123951777	32	2006	2013	Hymenoptera	family	10	0	3	2	0.325581395348837	0.575510204081633	NA
pairID2309	MoreauBell2006Formicidae.nwk	Ward2015Myrmicinae.nwk	G	G	GG	60	0.517945408664104	33.2907608926572	221	94.6678403683109	22	2006	2015	Hymenoptera	family	17	0	3	-5	0.166666666666667	0.393854748603352	NA
pairID2310	MoreauBell2006Formicidae.nwk	WardFisher2016Amblyoponinae.nwk	G	G	GG	18	0.181208414032922	12.3833333333333	9	4.24264068711928	15	2006	2016	Hymenoptera	family	17	0	3	-5	0.277777777777778	0.762162162162162	NA
pairID2311	MoreauCorrie2008Pheidole.nwk	Ward2015Myrmicinae.nwk	G	G	GG	17	0.306821874504463	10.6298701298701	21	17.832554500127	13	2008	2015	Hymenoptera	subfamily	16	0	3	-6	0.352941176470588	0.394520547945205	NA
pairID2312	Morita2016Tabanidae.nwk	Shin2018.nwk	G	G	GG	71	0.232942167654854	52.2786974999424	118	69.2675970421957	42	2016	2018	Diptera	suborder	24	0	5	-16	0.971830985915493	0.106837606837607	NA
pairID2313	Morita2016Tabanidae.nwk	Wiegmann2000Tabanomorpha.nwk	G	B	NA	11	0.110132382852678	7.25	3	9.53939201416946	8	2016	2000	Diptera	superfamily	5	0	4	3	0.818181818181818	0.884955752212389	NA
pairID2314	Morita2016Tabanidae.nwk	WiegmannTrautwein2011Diptera.nwk	G	C	CG	7	0.419476853090307	2.9	5	8.36660026534076	4	2016	2011	Diptera	superfamily	18	371	4	-10	0.857142857142857	0.337837837837838	NA
pairID2316	MotykaKusy2022Dermestidae.nwk	Zhou2022Dermestidae.nwk	M	M	MM	18	0.120335138212956	13.9777777777778	10	11.4017542509914	16	2022	2022	Coleoptera	family	28	0	3	2	0.666666666666667	0.166666666666667	NA
pairID2317	MotykaKusy2023Elateridae.nwk	ZhangChe2018Coleoptera.nwk	O	O	OO	8	0	5	0	6	6	2023	2018	Coleoptera	superfamily	161	0	4	-29	1	0.0787878787878788	NA
pairID2318	MoundMorris2007Thysanoptera.nwk	ZhangMound2019Terebrantia.nwk	B	P	NA	15	0.505391632164284	7.22884615384615	27	24.6779253585061	5	2007	2019	Condylognatha	family	1	117	3	1	0.4	0.336065573770492	NA
pairID2319	MullensSonet2022Eristalinae.nwk	PanCi2022Syrphidae.nwk	M	M	MM	8	0.289173879578412	3.83333333333333	6	3	6	2022	2022	Diptera	tribe	52	0	2	26	0.875	0.791208791208791	NA
pairID2320	MullensSonet2022Eristalinae.nwk	WongNorman2023Syrphidae.nwk	M	M	MM	8	0.162756072874927	4.33333333333333	2	4.79583152331272	4	2022	2023	Diptera	family	52	0	3	26	0.875	0.428571428571429	NA
pairID2321	MullensSonet2022Eristalinae.nwk	ZhaoGang2022Syrphidae.nwk	M	M	MM	7	0.364727302964932	2.9	5	3	5	2022	2022	Diptera	tribe	52	0	2	26	0.857142857142857	0.827586206896552	NA
pairID2323	MunroHeraty2011Chalcidoidea.nwk	OwenGeorge2007Trichogrammatidae.nwk	G	G	GG	13	0.285786042206929	7.875	13	8.66025403784439	10	2011	2007	Hymenoptera	family	5	0	3	-1	0.846153846153846	0.905882352941176	NA
pairID2325	MunroHeraty2011Chalcidoidea.nwk	Rasplus2020Eulophidae.nwk	G	O	GO	27	0.195320761980154	19.6607142857143	24	30.3973683071413	18	2011	2020	Hymenoptera	superfamily	881	0	4	-877	0.296296296296296	0.860335195530726	NA
pairID2326	MunroHeraty2011Chalcidoidea.nwk	SchmidtPolaszek2007Aphelinidae.nwk	G	B	NA	22	0.367513045796709	11.3387820512821	29	17.2916164657906	11	2011	2007	Hymenoptera	subfamily	3	0	3	1	1	0.968553459119497	NA
pairID2327	MunroHeraty2011Chalcidoidea.nwk	Sharkey2011Hymenoptera.nwk	G	C	CG	33	0.37887963385808	15.4885775335775	50	24.7184141886165	16	2011	2011	Hymenoptera	suborder	6	392	5	-2	0.515151515151515	0.838475499092559	NA
pairID2328	MunroHeraty2011Chalcidoidea.nwk	Zhang2020Chalcidoidea.nwk	G	O	GO	24	0.468784610522971	14.0888888888889	51	47.0531614240744	11	2011	2020	Hymenoptera	superfamily	5563	0	4	-5559	0.458333333333333	0.91304347826087	NA
pairID2329	MunroHeraty2011Chalcidoidea.nwk	Zhang2022Chalcidoidea.nwk	G	O	GO	34	0.233554039936632	24.4489298474977	48	83.9464114777993	21	2011	2022	Hymenoptera	superfamily	1334	0	4	-1330	0.911764705882353	0.898832684824903	NA
pairID2330	MunroHeraty2011Chalcidoidea.nwk	ZhangDelvare2025Eurytomidae.nwk	G	O	GO	10	0.210035583187815	5.88571428571429	7	8.88819441731559	7	2011	2025	Hymenoptera	family	964	0	3	-960	0.6	0.827956989247312	NA
pairID2331	MurilloRamosChazot2021Boarmiini.nwk	OunapJavois2011Ennominae.nwk	G	G	GG	13	0.267477294016246	7.78333333333333	9	15.0332963783729	8	2021	2011	Lepidoptera	family	15	0	3	1	0.923076923076923	0.93448275862069	NA
pairID2332	MurilloRamosChazot2021Boarmiini.nwk	OunapNedumpally2025Geometridae.nwk	G	O	GO	26	0.29260592020075	17.7217171717172	37	43.4396132579469	17	2021	2025	Lepidoptera	suborder	656	0	5	-640	0.846153846153846	0.742465753424657	NA
pairID2333	MurilloRamosChazot2021Boarmiini.nwk	Seifert2022Geometridae.nwk	G	G	GG	53	0.375627889970706	36.2585833601573	133	87.5899537618328	30	2021	2022	Lepidoptera	suborder	16	0	5	0	0.943396226415094	0.288297872340426	NA
pairID2334	MurilloRamosChazot2021Boarmiini.nwk	SihvonenMutanen2011Geometridae.nwk	G	G	GG	25	0.311277437824332	16.6561090225564	41	36.7287353444139	16	2021	2011	Lepidoptera	family	16	0	3	0	1	0.682619647355164	NA
pairID2335	MurilloRamosChazot2021Boarmiini.nwk	SihvonenStaude2015Geometridae.nwk	G	G	GG	21	0	2	0	2.64575131106459	3	2021	2015	Lepidoptera	family	16	0	3	0	1	0.852201257861635	NA
pairID2336	MurilloRamosChazot2021Boarmiini.nwk	WahlbergSnall2010Ennominae.nwk	G	G	GG	28	0.387003745716836	17.798018988684	50	27.5136329843952	17	2021	2010	Lepidoptera	suborder	15	0	5	1	0.892857142857143	0.937716262975779	NA
pairID2337	MurphyBanks2008Braconidae.nwk	ParksJanzen2020Braconidae.nwk	G	G	GG	7	0.224187178421862	3.33333333333333	2	1.4142135623731	6	2008	2020	Hymenoptera	subfamily	12	0	3	2	1	0.435483870967742	NA
pairID2340	MurrayStoker2023Hydroptilidae.nwk	ThomasFrandsen2020Trichoptera.nwk	G	G	GG	9	0.251514071274475	4.86666666666667	5	8.18535277187245	7	2023	2020	Other	family	9	0	3	-3	0.777777777777778	0.177570093457944	NA
pairID2341	MurrayStoker2023Hydroptilidae.nwk	ThomsonFrandsen2022Hydroptilidae.nwk	G	O	GO	17	0.300274993206585	10.3380952380952	17	20.2484567313166	12	2023	2022	Other	suborder	303	0	5	-297	0.823529411764706	0.269503546099291	NA
pairID2342	MurrellBarker2005Psocodea.nwk	deMoya2021Psocodea.nwk	B	O	NA	22	0.239286503737826	14.8663742690058	21	9.53939201416946	16	2005	2021	Other	superorder	2371	0	7	-2369	0.318181818181818	0.358620689655172	NA
pairID2343	NakahamaYamasaki2023Grylloblattidae.nwk	SchovilleBougie2019Grylloblatta.nwk	G	O	GO	10	0.327984143688668	5.28571428571429	8	7.81024967590665	6	2023	2019	Polyneoptera	genus	325	0	1	-319	1	0.956521739130435	NA
pairID2344	NakahamaYamasaki2023Grylloblattidae.nwk	SchovilleSimon2021Grylloblattodea.nwk	G	O	GO	8	0	4	0	0	7	2023	2021	Polyneoptera	superorder	880	0	7	-874	1	0.758620689655172	NA
pairID2345	NakahamaYamasaki2023Grylloblattidae.nwk	ZhouChen2023Grylloblattidae.nwk	G	G	GG	8	0.194433591419366	4.25	3	3.60555127546399	7	2023	2023	Polyneoptera	superorder	9	0	7	-3	1	0.88	NA
pairID2346	NarayananKutty2019.nwk	Yan2021Calliphoridae.nwk	O	O	OO	24	0.141434274411213	18.5827380952381	18	11.4891252930761	21	2019	2021	Diptera	suborder	3677	0	5	-765	0.833333333333333	0.677966101694915	TR.TR
pairID2347	Nazari2007Parnassiinae.nwk	Simonsen2011Papilioninae.nwk	C	C	NA	13	0.157982745462215	6.28571428571429	5	4	9	2007	2011	Lepidoptera	superfamily	14	330	4	0	0.846153846153846	0.712121212121212	NA
pairID2348	Nazari2007Parnassiinae.nwk	Wiemers2020Papilionoidea.nwk	C	G	CG	13	0	8	0	11.7898261225516	6	2007	2020	Lepidoptera	superfamily	19	236	4	-5	0.615384615384615	0.0890151515151515	NA
pairID2349	NazariHagen2010Melanargia.nwk	Wiemers2020Papilionoidea.nwk	G	G	GG	6	0.323732119916531	2.5	2	2.44948974278318	5	2010	2020	Lepidoptera	tribe	15	0	2	-9	1	0.0301810865191147	NA
pairID2350	NedoluzhkoSharko2016Staphylinoidea.nwk	Sun2020Buprestidae.nwk	M	M	MM	6	0.343074842208707	2.25	3	4.69041575982343	4	2016	2020	Coleoptera	infraorder	31	0	5	5	1	0.309859154929577	NA
pairID2353	NguyenNguyen2018Polistes.nwk	SantosPayne2015Polistes.nwk	G	C	CG	10	0	7	0	5.09901951359278	6	2018	2015	Hymenoptera	genus	8	48	1	-4	1	0.319444444444444	NA
pairID2354	NieBreeschoten2018Galerucinae.nwk	ZhangSong2022Chrysomelidae.nwk	M	M	MM	84	0.324346730965899	59.2753147458487	231	75.352504935138	51	2018	2022	Coleoptera	subfamily	28	0	3	2	0.857142857142857	0.483720930232558	NA
pairID2355	NieBreeschoten2018Galerucinae.nwk	ZhangWu2020Chrysomelidae.nwk	M	M	MM	6	0	3	0	0	6	2018	2020	Coleoptera	family	28	0	3	2	1	0.88135593220339	NA
pairID2356	NieFu2021Philopteridae.nwk	ShaoBarker2015Phthiraptera.nwk	M	M	MM	8	0	5	0	0	8	2021	2015	Other	order	25	0	6	-1	1	0.766666666666667	NA
pairID2357	NieFu2021Philopteridae.nwk	ShaoLi2017Anoplura.nwk	M	M	MM	11	0.306098430560113	6.07936507936508	10	11.4891252930761	7	2021	2017	Other	order	22	0	6	2	0.909090909090909	0.741935483870968	NA
pairID2358	NieFu2021Philopteridae.nwk	SongLi2019Phthiraptera.nwk	M	M	MM	15	0.256708207483464	9.66666666666667	14	7.93725393319377	10	2021	2019	Other	order	22	0	6	2	0.933333333333333	0.638888888888889	NA
pairID2359	NieFu2021Philopteridae.nwk	deMoya2021Psocodea.nwk	M	O	MO	12	0.298644212267515	6.83333333333333	12	15.3297097167559	8	2021	2021	Other	order	2382	0	6	-2358	0.5	0.196581196581197	NA
pairID2360	Nieto2010Baetidae.nwk	Nieto2015Baetidae.nwk	P	P	NA	4	0	1	0	0	4	2010	2015	Palaeoptera	suborder	0	218	5	0	1	0.958333333333333	NA
pairID2362	Nyman2019Symphyta.nwk	NymanZinovjev2006Nematinae.nwk	G	G	GG	16	0.461544412219204	7.87884615384615	22	13.9642400437689	10	2019	2006	Hymenoptera	superfamily	11	0	4	7	0.5	0.785	NA
pairID2363	Nyman2019Symphyta.nwk	Peters2017Hymenoptera.nwk	G	O	GO	21	0.182166993421917	15.1148851148851	20	37.1348892552543	14	2019	2017	Hymenoptera	order	3265	0	6	-3247	0.333333333333333	0.489096573208723	NA
pairID2364	Nyman2019Symphyta.nwk	RodriguezFrese2025Pergidae4.nwk	G	C	CG	9	0.137411611743111	5.33333333333333	2	5.19615242270663	6	2019	2025	Hymenoptera	family	21	58	3	-3	0.666666666666667	0.805128205128205	NA
pairID2365	Oberski2022Dorymyrmex.nwk	Oberski2025Dorymyrmex.nwk	O	O	OO	14	0.157588050100731	9.52380952380952	5	3.46410161513775	12	2022	2025	Hymenoptera	genus	2761	0	1	1021	0.928571428571429	0.4375	UCE.UCE
pairID2367	OgdenGattolliat2009Ephemeroptera.nwk	TongWu2022Ephemeroptera.nwk	C	M	NA	14	0.438711583854411	7.57142857142857	21	14.2126704035519	9	2009	2022	Palaeoptera	order	18	101	6	-8	0.714285714285714	0.884210526315789	NA
pairID2368	OgdenGattolliat2009Ephemeroptera.nwk	WangLi2022Ephemeroptera.nwk	C	M	NA	17	0.427753606040624	9.91111111111111	26	28.0535202782111	8	2009	2022	Palaeoptera	order	18	101	6	-8	0.352941176470588	0.711864406779661	NA
pairID2369	OgdenWhiting2005Ephemeroptera.nwk	WangLi2022Ephemeroptera.nwk	G	M	GM	16	0.343074842208707	2.25	3	4	3	2005	2022	Palaeoptera	order	18	0	6	-8	0.375	0.736434108527132	NA
pairID2370	OhlBleidorn2006Apoidea.nwk	SannMeusemann2021Apoidea.nwk	B	O	NA	19	0.375025813496663	11.2295518207283	29	15.6204993518133	10	2006	2021	Hymenoptera	infraorder	195	0	5	-193	0.315789473684211	0.130434782608696	NA
pairID2371	OrlovLeschen2021Aleocharinae.nwk	OsswaldBachmann2013Oxypodini.nwk	C	G	CG	28	0.444879333188723	17.4422619047619	64	34.1027858099599	15	2021	2013	Coleoptera	subfamily	16	202	3	2	0.714285714285714	0.377551020408163	NA
pairID2372	OrlovLeschen2021Aleocharinae.nwk	YamamotoMaruyama2018Gymnusini.nwk	C	P	NA	14	0.431619900064339	7.65833333333333	20	10.6301458127346	10	2021	2018	Coleoptera	family	9	362	3	9	0.571428571428571	0.627118644067797	NA
pairID2373	OrlovskyteBudrys2016Chrysis.nwk	Pauli2019Chrysididae.nwk	G	G	GG	12	0.624604724350707	4.72222222222222	21	12.4899959967968	7	2016	2019	Hymenoptera	genus	25	0	1	3	1	0.0893854748603352	NA
pairID2374	Ounap2016Larentiinae.nwk	OunapNedumpally2025Geometridae.nwk	G	O	GO	32	0.102829153276985	27.2207792207792	22	20.952326839757	22	2016	2025	Lepidoptera	family	657	0	3	-639	0.6875	0.530927835051546	NA
pairID2375	Ounap2016Larentiinae.nwk	Seifert2022Geometridae.nwk	G	G	GG	66	0.158475042176871	55.8111328976035	76	45.4202597967031	51	2016	2022	Lepidoptera	family	17	0	3	1	1	0.136243386243386	NA
pairID2376	Ounap2016Larentiinae.nwk	SihvonenMutanen2011Geometridae.nwk	G	G	GG	31	0.241927448321777	23.2153540903541	49	29.8328677803526	23	2016	2011	Lepidoptera	family	17	0	3	1	0.903225806451613	0.457777777777778	NA
pairID2377	OunapJavois2011Ennominae.nwk	OunapNedumpally2025Geometridae.nwk	G	O	GO	21	0.2109239404181	15.1484848484848	20	10.5356537528527	17	2011	2025	Lepidoptera	family	655	0	3	-641	0.80952380952381	0.251908396946565	NA
pairID2378	OunapJavois2011Ennominae.nwk	Seifert2022Geometridae.nwk	G	G	GG	28	0.403984184470608	17.0929653679654	55	41.7013189239861	13	2011	2022	Lepidoptera	family	15	0	3	-1	1	0.0455172413793103	NA
pairID2379	OunapJavois2011Ennominae.nwk	SihvonenMutanen2011Geometridae.nwk	G	G	GG	15	0.353441405331698	8.64484126984127	19	10.5830052442584	11	2011	2011	Lepidoptera	family	15	0	3	-1	0.8	0.191860465116279	NA
pairID2381	OunapJavois2011Ennominae.nwk	WahlbergSnall2010Ennominae.nwk	G	G	GG	13	0.0714553798942697	9.33333333333333	2	1.4142135623731	12	2011	2010	Lepidoptera	family	14	0	3	0	0.923076923076923	0.532258064516129	NA
pairID2382	OunapNedumpally2025Geometridae.nwk	Seifert2022Geometridae.nwk	O	G	GO	101	0.328719328365277	69.2281763696877	321	122.84950142349	60	2025	2022	Lepidoptera	suborder	656	0	5	640	0.99009900990099	0.160326086956522	NA
pairID2383	OunapNedumpally2025Geometridae.nwk	Sihvonen2020Sterrhinae.nwk	O	G	GO	7	0	4	0	0	7	2025	2020	Lepidoptera	family	659	0	3	637	0.857142857142857	0.634408602150538	NA
pairID2384	OunapNedumpally2025Geometridae.nwk	SihvonenMutanen2011Geometridae.nwk	O	G	GO	47	0.10170203571501	39.3854532163743	30	30.5777697028413	32	2025	2011	Lepidoptera	family	656	0	3	640	0.638297872340426	0.495798319327731	NA
pairID2385	OunapNedumpally2025Geometridae.nwk	SihvonenStaude2015Geometridae.nwk	O	G	GO	24	0	4	0	0	7	2025	2015	Lepidoptera	family	656	0	3	640	0.666666666666667	0.694117647058824	NA
pairID2386	OunapNedumpally2025Geometridae.nwk	WahlbergSnall2010Ennominae.nwk	O	G	GO	26	0.265143035285144	17.7728539576366	29	13.6381816969859	17	2025	2010	Lepidoptera	suborder	655	0	5	641	0.769230769230769	0.836879432624113	NA
pairID2387	PakrashiKumar2022Thysanoptera.nwk	PakrashiTyagi2021Thysanoptera.nwk	M	M	MM	18	0.147790848673024	13.1333333333333	14	9.48683298050514	16	2022	2021	Condylognatha	superorder	26	0	7	0	1	0.933333333333333	NA
pairID2388	PakrashiKumar2022Thysanoptera.nwk	TyagiChakraborty2020Thysanoptera.nwk	M	M	MM	11	0.126631085718264	7.2	4	4.69041575982343	10	2022	2020	Condylognatha	order	26	0	6	0	1	1	NA
pairID2389	PakrashiKumar2022Thysanoptera.nwk	WuZhang2023Thysanoptera.nwk	M	M	MM	16	0.195148145974329	11.0151515151515	15	9.53939201416946	14	2022	2023	Condylognatha	order	26	0	6	0	0.9375	0.717948717948718	NA
pairID2390	PakrashiKumar2022Thysanoptera.nwk	ZhangMound2019Terebrantia.nwk	M	P	NA	13	0.301111215023996	7.83333333333333	14	14.4913767461894	7	2022	2019	Condylognatha	family	13	117	3	13	0.846153846153846	0.269230769230769	NA
pairID2391	PakrashiTyagi2021Thysanoptera.nwk	TyagiChakraborty2020Thysanoptera.nwk	M	M	MM	11	0	8	0	0	11	2021	2020	Condylognatha	order	26	0	6	0	1	1	NA
pairID2392	PakrashiTyagi2021Thysanoptera.nwk	WuZhang2023Thysanoptera.nwk	M	M	MM	17	0.0791505590248154	13.1538461538462	6	3.60555127546399	16	2021	2023	Condylognatha	order	26	0	6	0	1	0.689655172413793	NA
pairID2393	PakrashiTyagi2021Thysanoptera.nwk	ZhangMound2019Terebrantia.nwk	M	P	NA	9	0.478787980285271	3.85238095238095	10	8.60232526704263	4	2021	2019	Condylognatha	family	13	117	3	13	0.777777777777778	0.2	NA
pairID2394	PaltingMoore2022Lithosiini.nwk	ScottChialvo2018Lithosiini.nwk	G	O	GO	14	0.409315068114426	7.525	18	11.1803398874989	8	2022	2018	Lepidoptera	subfamily	1331	0	3	-1325	0.428571428571429	0.767857142857143	NA
pairID2395	PaltingMoore2022Lithosiini.nwk	ScottZaspel2014Lithosiini.nwk	G	G	GG	35	0.465125516203914	19.7245724441155	97	60.4317797189525	19	2022	2014	Lepidoptera	subfamily	7	0	3	-1	0.914285714285714	0.781818181818182	NA
pairID2396	PaltingMoore2022Lithosiini.nwk	Zaspel2014Arctiinae.nwk	G	G	GG	8	0.603405843039028	2.73333333333333	10	6.70820393249937	5	2022	2014	Lepidoptera	subfamily	12	0	3	-6	0.875	0.53416149068323	NA
pairID2397	PaltingMoore2022Lithosiini.nwk	ZenkerWahlberg2017Arctiinae.nwk	G	G	GG	27	0.305265763179569	18.7419913419913	36	30.1496268633627	15	2022	2017	Lepidoptera	subfamily	11	0	3	-5	0.851851851851852	0.281045751633987	NA
pairID2398	PanCi2022Syrphidae.nwk	WongNorman2023Syrphidae.nwk	M	M	MM	12	0.245389010204163	7.36666666666667	8	14.456832294801	8	2022	2023	Diptera	family	26	0	3	0	0.833333333333333	0.218487394957983	NA
pairID2399	PanCi2022Syrphidae.nwk	ZhaoGang2022Syrphidae.nwk	M	M	MM	16	0.124756425747827	11.7666666666667	7	11.4017542509914	14	2022	2022	Diptera	subfamily	26	0	3	0	1	0.838709677419355	NA
pairID2400	ParkKim2019Curculionoidea.nwk	SongLi2020Curculionoidea.nwk	M	M	MM	8	0.258631264763924	4	3	9.48683298050514	5	2019	2020	Coleoptera	superfamily	21	0	4	-5	1	0.104166666666667	NA
pairID2401	Parker2016Pselaphinae.nwk	YinLu2021Dasycerinae.nwk	C	P	NA	15	0.362988526125295	9.53571428571428	20	24.5560583156173	9	2016	2021	Coleoptera	family	1	142	3	1	1	0.689655172413793	NA
pairID2403	PeiXu2024Tachinidae.nwk	TachiShima2010Tachinidae.nwk	M	G	GM	21	0.405701321778983	11.3914565826331	29	33.4813380855664	11	2024	2010	Diptera	family	17	0	3	9	0.428571428571429	0.659090909090909	NA
pairID2404	PeiXu2024Tachinidae.nwk	WangZhi2022Phasiinae.nwk	M	M	MM	14	0.0603378477008282	10.3333333333333	2	1.4142135623731	13	2024	2022	Diptera	family	26	0	3	0	0.928571428571429	0.958677685950413	NA
pairID2405	PeiXu2024Tachinidae.nwk	ZhangZhi2023Tachinidae.nwk	M	M	MM	14	0.120621271311235	9.83333333333333	6	7.48331477354788	11	2024	2023	Diptera	family	26	0	3	0	0.857142857142857	0.90625	NA
pairID2406	Penz2007Brassolini.nwk	PenzFreitas2013Brassolini.nwk	P	P	NA	29	0.187788776033781	17.3214285714286	16	13.3416640641263	20	2007	2013	Lepidoptera	subfamily	0	214	3	0	1	0.770833333333333	NA
pairID2407	PenzPeggie2003.nwk	Wiemers2020Papilionoidea.nwk	P	G	GP	7	0	4	0	0	7	2003	2020	Lepidoptera	tribe	12	185	2	-12	0.714285714285714	0.0919324577861163	NA
pairID2409	Perrard2016Vespinae.nwk	PiekarskiCarpenter2018Vespidae.nwk	G	O	GO	11	0.141554321438561	7.42857142857143	4	5.47722557505166	8	2016	2018	Hymenoptera	subfamily	244	0	3	-226	0.909090909090909	0.32484076433121	NA
pairID2412	Peters2017Hymenoptera.nwk	RomiguierBorowiec2022Formicidae.nwk	O	O	OO	12	0	9	0	0	12	2017	2022	Hymenoptera	infraorder	7671	0	5	-1159	0.5	0.714876033057851	TR.UCE
pairID2413	Peters2017Hymenoptera.nwk	SannMeusemann2021Apoidea.nwk	O	O	OO	89	0.0368955283429987	83.5236842105263	46	97.6524449258696	80	2017	2021	Hymenoptera	infraorder	3450	0	5	3062	0.98876404494382	0.748917748917749	NA
pairID2414	Peters2017Hymenoptera.nwk	SannNiehuis2018Apoidea.nwk	O	O	OO	89	0.0498975777262026	82.1154761904762	47	204.465155955728	60	2017	2018	Hymenoptera	infraorder	3451	0	5	3061	0.98876404494382	0.765486725663717	NA
pairID2415	Peters2017Hymenoptera.nwk	Zhang2020Chalcidoidea.nwk	O	O	OO	7	0.345464649786158	3	3	2.44948974278318	6	2017	2020	Hymenoptera	infraorder	8817	0	5	-2305	1	0.782805429864253	TR.TR
pairID2416	Peters2018Chalcidoidea.nwk	Zhang2020Chalcidoidea.nwk	O	O	OO	37	0.196223339390648	29.6711836409205	34	20.6397674405503	29	2018	2020	Hymenoptera	infraorder	8800	0	5	-2322	1	0.727272727272727	TR.TR
pairID2417	Petersen2007Hippoboscoidea.nwk	WiegmannTrautwein2011Diptera.nwk	G	C	CG	9	0.249353886639108	5	4	13.2664991614216	5	2007	2011	Diptera	suborder	18	371	5	-10	0.555555555555556	0.151515151515152	NA
pairID2418	Petersen2010Tipuloidea.nwk	Ribeiro2008Limnophilinae.nwk	C	P	NA	16	0	1	0	0	4	2010	2008	Diptera	suborder	2	188	5	2	0.5625	0.415929203539823	NA
pairID2419	Petersen2010Tipuloidea.nwk	WiegmannTrautwein2011Diptera.nwk	C	C	NA	10	0	3	0	0	6	2010	2011	Diptera	suborder	16	471	5	-12	0.9	0.195833333333333	NA
pairID2420	PiekarskiCarpenter2018Vespidae.nwk	SantosPayne2015Polistes.nwk	O	C	NA	6	0	3	0	0	6	2018	2015	Hymenoptera	genus	241	48	1	229	1	0.721052631578947	NA
pairID2421	PilgrimvonDohlen2008Sympetrinae.nwk	PilgrimvonDohlen2012Sympetrum.nwk	G	G	GG	11	0.457723938873828	5.01666666666667	14	9.69535971483266	7	2008	2012	Palaeoptera	family	9	0	3	-3	1	0.757281553398058	NA
pairID2422	PilgrimvonDohlen2008Sympetrinae.nwk	WareMay2007Libelluloidea.nwk	G	G	GG	27	0.412668453034184	16.7821428571429	44	44.9666543118342	12	2008	2007	Palaeoptera	superfamily	5	0	4	1	0.777777777777778	0.472727272727273	NA
pairID2423	Pinna2021Lepidoptera.nwk	ZenkerWahlberg2017Arctiinae.nwk	G	G	GG	9	0.159595393491505	5.25	3	9.1104335791443	5	2021	2017	Lepidoptera	tribe	16	0	2	0	0.888888888888889	0.228013029315961	NA
pairID2424	Pisanty2022Andrenidae.nwk	Ramos2022Andreninae.nwk	O	G	GO	15	0.243167511121791	9.57272727272727	16	8.12403840463596	12	2022	2022	Hymenoptera	family	1018	0	3	1000	0.8	0.733974358974359	NA
pairID2425	PistoneGohli2018Scolytinae.nwk	SongLi2020Curculionoidea.nwk	G	M	GM	15	0.194740119281307	10.9	11	11.0905365064094	9	2018	2020	Coleoptera	subfamily	31	0	3	5	0.466666666666667	0.66793893129771	NA
pairID2426	PistoneGohli2018Scolytinae.nwk	ZhangShu2019Curculionidae.nwk	G	M	GM	12	0.294313624638784	7.13690476190476	11	8.60232526704263	7	2018	2019	Coleoptera	subfamily	31	0	3	5	0.5	0.862068965517241	NA
pairID2427	Piwczynski2017Miltogramminae.nwk	PiwczynskiSzpila2014Sarcophagidae.nwk	G	G	GG	9	0	6	0	7.41619848709566	6	2017	2014	Diptera	superfamily	13	0	4	-5	0.777777777777778	0.355263157894737	NA
pairID2428	PiwczynskiSzpila2014Sarcophagidae.nwk	StamperDahlem2013Sarcophaginae.nwk	G	G	GG	27	0.195139902037314	20.4751984126984	28	28.3372546306095	20	2014	2013	Diptera	subfamily	12	0	3	6	0.925925925925926	0.895348837209302	NA
pairID2429	PiwczynskiSzpila2014Sarcophagidae.nwk	Whitmore2013Sarcophaga.nwk	G	P	GP	18	0.590180196119595	8.28636363636364	39	26.7768556779918	8	2014	2013	Diptera	genus	9	84	1	9	1	0.690582959641256	NA
pairID2431	PolletGermann2011Medetera.nwk	Shin2018.nwk	G	G	GG	27	0.0775888951714011	22.3928571428571	12	10.9544511501033	23	2011	2018	Diptera	family	23	0	3	-17	1	0.0309050772626932	NA
pairID2432	Prebus2017Temnothorax.nwk	Ward2015Myrmicinae.nwk	O	G	GO	8	0.204107761717123	4.2	4	2.64575131106459	7	2017	2015	Hymenoptera	subfamily	2109	0	3	2087	0.75	0.169172932330827	NA
pairID2433	PuLin2024Siphonaptera.nwk	PuLinDong2024Amphipsyllinae.nwk	M	M	MM	17	0.176958729266086	12.3888888888889	11	12.8062484748657	12	2024	2024	Other	order	30	0	6	0	0.941176470588235	0.72	NA
pairID2434	PuLin2024Siphonaptera.nwk	WeiJia2022Siphonaptera.nwk	M	M	MM	7	0.269956546514537	3.4	3	3.16227766016838	5	2024	2022	Other	order	28	0	6	2	0.857142857142857	0.818181818181818	NA
pairID2435	PuLin2024Siphonaptera.nwk	ZhangFu2022Siphonaptera.nwk	M	M	MM	9	0.171022285410915	5.4	3	4.35889894354067	7	2024	2022	Other	superorder	28	0	7	2	1	0.290322580645161	NA
pairID2436	PuLinDong2024Amphipsyllinae.nwk	WeiJia2022Siphonaptera.nwk	M	M	MM	7	0	4	0	0	7	2024	2022	Other	order	28	0	6	2	0.857142857142857	0.851851851851852	NA
pairID2437	PuLinDong2024Amphipsyllinae.nwk	ZhangFu2022Siphonaptera.nwk	M	M	MM	9	0	6	0	0	9	2024	2022	Other	superorder	28	0	7	2	1	0.343283582089552	NA
pairID2438	PuLinDong2024Amphipsyllinae.nwk	ZuritaMatthee2025Ceratophyllomorpha.nwk	M	G	GM	9	0.411550505165257	4.38333333333333	8	7.41619848709566	7	2024	2025	Other	order	22	0	6	8	0.666666666666667	0.141975308641975	NA
pairID2439	PuLiu2017Syrphidae.nwk	Ramakodi2015Diptera.nwk	M	M	MM	9	0.309543695644773	4.61666666666667	6	6.92820323027551	8	2017	2015	Diptera	infraorder	26	0	5	0	0.777777777777778	0.592592592592593	NA
pairID2440	QilemogeLin2020Dolichopodidae.nwk	QilemogeZhang2018Dolichopodidae.nwk	M	M	MM	12	0.144657870268201	7.91666666666667	4	2.82842712474619	11	2020	2018	Diptera	suborder	26	0	5	0	1	0.9375	NA
pairID2441	QilemogeLin2020Dolichopodidae.nwk	QilemogeZhang2019Dolichopodidae.nwk	M	M	MM	13	0.137875283794826	8.95	5	3.46410161513775	12	2020	2019	Diptera	suborder	28	0	5	-2	1	0.9375	NA
pairID2442	QilemogeZhang2018Dolichopodidae.nwk	QilemogeZhang2019Dolichopodidae.nwk	M	M	MM	12	0.144657870268201	7.91666666666667	4	2.82842712474619	11	2018	2019	Diptera	suborder	28	0	5	-2	1	0.866666666666667	NA
pairID2443	QuickeFaganJeffries2021Rogadinae.nwk	SharanowskiDowling2011Braconidae.nwk	G	G	GG	7	0.384045678761402	2.91666666666667	4	9.59166304662544	4	2021	2011	Hymenoptera	family	8	0	3	0	0.571428571428571	0.73546511627907	NA
pairID2444	QuickeFaganJeffries2021Rogadinae.nwk	ShiChen2005Braconidae.nwk	G	C	CG	6	0.558755960027823	2	4	8	3	2021	2005	Hymenoptera	family	7	96	3	1	0.666666666666667	0.75748502994012	NA
pairID2445	QuickeFaganJeffries2021Rogadinae.nwk	ZaldivarRiveron2008Doryctinae.nwk	G	G	GG	14	0.155401266101579	10	8	34.4818792991333	8	2021	2008	Hymenoptera	family	6	0	3	2	0.642857142857143	0.771341463414634	NA
pairID2446	QuickeFaganJeffries2021Rogadinae.nwk	ZaldivarRiveron2008Rogadinae.nwk	G	G	GG	53	0.276728810281678	38.287909933204	110	53.4228415567723	33	2021	2008	Hymenoptera	family	6	0	3	2	0.830188679245283	0.863481228668942	NA
pairID2448	QuickeLaurenne2009Ichneumonidae.nwk	Santos2017Cryptini.nwk	C	C	NA	83	0.688159894262655	35.7473401198782	631	468.806996534821	23	2009	2017	Hymenoptera	family	8	271	3	-6	0.349397590361446	0.790769230769231	NA
pairID2449	QuickeLaurenne2009Ichneumonidae.nwk	SantosWahl2021Ichneumoninae.nwk	C	O	NA	49	0.645668097556292	20.8145734719022	245	112.56553646654	15	2009	2021	Hymenoptera	subfamily	1356	162	3	-1354	0.36734693877551	0.888248847926267	NA
pairID2451	QuickeLaurenne2009Ichneumonidae.nwk	SharanowskiRidenbaugh2021Ichneumonoidea.nwk	C	O	NA	26	0.285681212259291	17.8659912125385	38	32.8481354113137	15	2009	2021	Hymenoptera	family	542	162	3	-540	0.5	0.941391941391941	NA
pairID2454	Ramakodi2015Diptera.nwk	ZhangKang2016Tipulomorpha.nwk	M	M	MM	5	0.773445636391497	1	3	3	3	2015	2016	Diptera	order	26	0	6	0	1	0.441860465116279	NA
pairID2456	RamirezSalamanca2023Philonthina.nwk	ZylaSolodovnikov2020Staphylininae.nwk	G	G	GG	16	0.391271676080817	8.87705627705628	26	13.2664991614216	9	2023	2020	Coleoptera	subfamily	12	0	3	0	0.8125	0.744047619047619	NA
pairID2457	Randolf2013Sisyridae.nwk	WintertonHardyWiegmann2010Neuropterida.nwk	P	G	GP	21	0.500013132811582	10.6588651114967	45	32.78719262151	7	2013	2010	Other	superorder	4	82	7	-4	0.619047619047619	0.342105263157895	NA
pairID2458	Reemer2013Microdontinae.nwk	StahlsHippa2003Syrphidae.nwk	C	C	NA	10	0.405044274334075	5.16666666666667	8	6.6332495807108	7	2013	2003	Diptera	family	5	296	3	1	0.6	0.652892561983471	NA
pairID2459	Regier2008Saturniidae.nwk	RegierCook2008Bombycoidea.nwk	G	G	GG	7	0.224187178421862	3.33333333333333	2	1.4142135623731	6	2008	2008	Lepidoptera	family	9	0	3	-1	1	0.494252873563218	NA
pairID2460	Regier2008Saturniidae.nwk	Zwick2011Bombycoidea.nwk	G	G	GG	8	0	5	0	0	8	2008	2011	Lepidoptera	family	29	0	3	-21	0.875	0.511904761904762	NA
pairID2461	Regier2012Tortricidae.nwk	Regier2013Lepidoptera.nwk	G	G	GG	36	0.197977157590827	26.4212121212121	33	44.5308881564246	28	2012	2013	Lepidoptera	suborder	24	0	5	-14	0.805555555555556	0.109053497942387	NA
pairID2462	Regier2013Lepidoptera.nwk	Regier2015NonDitrysia.nwk	G	G	GG	48	0.0703210051911961	42.3450980392157	18	18.7616630392937	41	2013	2015	Lepidoptera	infraorder	38	0	5	0	0.208333333333333	0.916988416988417	NA
pairID2463	Regier2013Lepidoptera.nwk	RegierCook2008Bombycoidea.nwk	G	G	GG	28	0.18566951273093	21.1285714285714	24	21.2132034355964	19	2013	2008	Lepidoptera	suborder	24	0	5	14	0.785714285714286	0.942460317460317	NA
pairID2464	Regier2013Lepidoptera.nwk	RegierMitterDavis2015Tineoidea.nwk	G	G	GG	40	0.0640336647793972	34.849358974359	14	9.1104335791443	37	2013	2015	Lepidoptera	parvorder	38	0	5	0	0.275	0.899621212121212	NA
pairID2465	Regier2013Lepidoptera.nwk	Riyaz2023Noctuoidea.nwk	G	G	GG	14	0.208899222573241	9.08181818181818	11	5.19615242270663	11	2013	2023	Lepidoptera	superfamily	34	0	4	4	0.428571428571429	0.839222614840989	NA
pairID2466	Regier2013Lepidoptera.nwk	Sohn2013Yponomeutoidea.nwk	G	G	GG	58	0.227489066423358	43.0485733268342	88	52.3354564325181	38	2013	2013	Lepidoptera	parvorder	38	0	5	0	0.810344827586207	0.88126159554731	NA
pairID2467	Regier2013Lepidoptera.nwk	SohnRegier2016Gelechioidea.nwk	G	G	GG	47	0.267770841948	36.7859523809524	83	34.5253530032641	35	2013	2016	Lepidoptera	suborder	38	0	5	0	0.936170212765957	0.961538461538462	NA
pairID2468	Regier2013Lepidoptera.nwk	Toussaint2012Apameini.nwk	G	G	GG	14	0.414908908552266	7.92380952380952	17	12.328828005938	9	2013	2012	Lepidoptera	superfamily	21	0	4	17	0.5	0.85431654676259	NA
pairID2469	Regier2013Lepidoptera.nwk	WangLi2020Gelechioidea.nwk	G	G	GG	29	0.523838507596796	16.1710628695923	71	40.2119385257662	18	2013	2020	Lepidoptera	superfamily	27	0	4	11	0.379310344827586	0.7421875	NA
pairID2470	Regier2013Lepidoptera.nwk	Zwick2008Bombycoidea.nwk	G	G	GG	15	0.0606819038336994	11.6	2	15.3622914957372	11	2013	2008	Lepidoptera	superfamily	21	0	4	17	0.666666666666667	0.903041825095057	NA
pairID2471	Regier2013Lepidoptera.nwk	Zwick2011Bombycoidea.nwk	G	G	GG	24	0.178441183417797	17.5190476190476	19	6.92820323027551	17	2013	2011	Lepidoptera	superfamily	44	0	4	-6	0.916666666666667	0.95	NA
pairID2472	Regier2015NonDitrysia.nwk	RegierMitterDavis2015Tineoidea.nwk	G	G	GG	5	0	2	0	0	5	2015	2015	Lepidoptera	parvorder	38	0	5	0	1	0.495652173913044	NA
pairID2473	Regier2016Noctuoidea.nwk	RegierMitter2012Pyraloidea.nwk	G	G	GG	12	0.530469995378135	5.61428571428571	19	12.6885775404495	7	2016	2012	Lepidoptera	suborder	38	0	5	0	1	0.640287769784173	NA
pairID2474	RegierCook2008Bombycoidea.nwk	Zwick2008Bombycoidea.nwk	G	G	GG	15	0.236761814016429	9.91111111111111	12	13.490737563232	11	2008	2008	Lepidoptera	superfamily	7	0	4	3	0.6	0.5	NA
pairID2475	RegierCook2008Bombycoidea.nwk	Zwick2011Bombycoidea.nwk	G	G	GG	45	0.0644135300230616	39.4583333333333	19	8.71779788708135	42	2008	2011	Lepidoptera	superfamily	30	0	4	-20	0.911111111111111	0.896551724137931	NA
pairID2476	RegierMitterDavis2015Tineoidea.nwk	Sohn2013Yponomeutoidea.nwk	G	G	GG	24	0.327248702916	15.7391097206887	39	19.723082923316	17	2015	2013	Lepidoptera	suborder	38	0	5	0	0.333333333333333	0.394117647058824	NA
pairID2477	Rehn2003Odonata.nwk	SimonsenGlahder2022Lestidae.nwk	P	G	GP	12	0.277120469632689	5.67857142857143	6	5.3851648071345	8	2003	2022	Palaeoptera	suborder	6	122	5	-6	0.5	0.711111111111111	NA
pairID2478	RenBai2016Aphididae.nwk	RenWen2017Aphidinae.nwk	M	M	MM	11	0.15954947621433	6.91666666666667	4	11.13552872566	9	2016	2017	Condylognatha	infraorder	28	0	5	-2	1	0.764705882352941	NA
pairID2479	RenYang2019Limoniidae.nwk	RenZhang2019Pseudolimnophila.nwk	M	M	MM	9	0.241425112874926	5.05	4	4.69041575982343	8	2019	2019	Diptera	suborder	26	0	5	0	1	0.75	NA
pairID2480	RenYang2019Limoniidae.nwk	XuZhang2023Limoniidae.nwk	M	M	MM	6	0	3	0	0	6	2019	2023	Diptera	superfamily	26	0	4	0	1	0.428571428571429	NA
pairID2481	RenYang2019Limoniidae.nwk	ZhangKang2016Tipulomorpha.nwk	M	M	MM	8	0.194433591419366	4.25	3	3.3166247903554	7	2019	2016	Diptera	suborder	26	0	5	0	1	0.290322580645161	NA
pairID2482	RenZhang2019Pseudolimnophila.nwk	XuZhang2023Limoniidae.nwk	M	M	MM	8	0.301721920097557	4	4	4.89897948556636	7	2019	2023	Diptera	superfamily	26	0	4	0	0.875	0.521739130434783	NA
pairID2483	RenZhang2019Pseudolimnophila.nwk	ZhangKang2016Tipulomorpha.nwk	M	M	MM	8	0.267081155039928	4.08333333333333	3	2.82842712474619	7	2019	2016	Diptera	suborder	26	0	5	0	1	0.352941176470588	NA
pairID2484	RiveraSvenson2016Acanthopoidea.nwk	SvensonWhiting2009Mantodea.nwk	G	G	GG	22	0.127378329190094	16.5833333333333	16	12.4899959967968	19	2016	2009	Polyneoptera	suborder	19	0	5	1	0.590909090909091	0.218181818181818	NA
pairID2485	Riyaz2023Noctuoidea.nwk	Wang2015Lymantriinae.nwk	G	G	GG	11	0.235906805997469	6.71904761904762	8	8.30662386291807	7	2023	2015	Lepidoptera	subfamily	23	0	3	7	0.545454545454545	0.447963800904977	NA
pairID2486	Riyaz2023Noctuoidea.nwk	Zahiri2012Erebidae.nwk	G	G	GG	21	0.307482586636868	13.1375816993464	32	16.6733320005331	15	2023	2012	Lepidoptera	family	23	0	3	7	0.285714285714286	0.348591549295775	NA
pairID2487	RobertsonSlipinski2013Corylophidae.nwk	RobertsonSlipinski2015Cucujoidea.nwk	C	G	CG	13	0.239868136581814	8.4	8	6.78232998312527	10	2013	2015	Coleoptera	superfamily	16	48	4	0	0.692307692307692	0.0481099656357388	NA
pairID2488	RobertsonSlipinski2013Corylophidae.nwk	SlippinskiTomaszewska2009Corylophidae.nwk	C	P	NA	11	0.3266301746734	6.19047619047619	9	5.47722557505166	8	2013	2009	Coleoptera	superfamily	8	96	4	8	1	0.823529411764706	NA
pairID2489	RobertsonSlipinski2013Corylophidae.nwk	TomaszewskaSzawaryn2023Coccinelloidea.nwk	C	G	CG	13	0.239868136581814	8.4	8	6.78232998312527	10	2013	2023	Coleoptera	superfamily	16	48	4	0	0.692307692307692	0.0880503144654088	NA
pairID2490	RobertsonSlipinski2015Cucujoidea.nwk	RobertsonWhiting2008Cucujoidea.nwk	G	G	GG	53	0.324076658535892	35.6091190182367	117	88.2496458916408	23	2015	2008	Coleoptera	infraorder	10	0	5	6	0.69811320754717	0.936507936507937	NA
pairID2491	RobertsonSlipinski2015Cucujoidea.nwk	ShinClarke2018Curculionidae.nwk	G	O	GO	12	0.258104417796933	7.33333333333333	8	7.81024967590665	10	2015	2018	Coleoptera	infraorder	530	0	5	-514	0.583333333333333	0.838068181818182	NA
pairID2492	RobertsonSlipinski2015Cucujoidea.nwk	SlippinskiTomaszewska2009Corylophidae.nwk	G	P	GP	14	0.328342264201861	8.20562770562771	15	13.6014705087354	8	2015	2009	Coleoptera	superfamily	8	48	4	8	0.785714285714286	0.98993288590604	NA
pairID2493	RobertsonSlipinski2015Cucujoidea.nwk	SongLi2020Coccinellidae.nwk	G	M	GM	15	0.221466816441396	9.81666666666667	9	10	12	2015	2020	Coleoptera	superfamily	45	0	4	-29	0.533333333333333	0.933544303797468	NA
pairID2494	RobertsonSlipinski2015Cucujoidea.nwk	TomaszewskaEscalona2021Coccinellini.nwk	G	G	GG	30	0.430630699507607	17.6460724188665	74	46.5510472492295	17	2015	2021	Coleoptera	family	14	0	3	2	0.366666666666667	0.686046511627907	NA
pairID2495	RobertsonSlipinski2015Cucujoidea.nwk	TomaszewskaSzawaryn2023Coccinelloidea.nwk	G	G	GG	147	0.113845322524313	129.624892227345	154	74.2967024840268	121	2015	2023	Coleoptera	superorder	16	0	7	0	0.993197278911565	0.983333333333333	NA
pairID2496	RobertsonSlipinski2015Cucujoidea.nwk	ZhangChe2018Coleoptera.nwk	G	O	GO	72	0.185475591719393	53.4986783765661	83	19.6468827043885	51	2015	2018	Coleoptera	infraorder	103	0	5	-87	0.319444444444444	0.50513698630137	NA
pairID2497	RobertsonWhiting2008Cucujoidea.nwk	TomaszewskaSzawaryn2023Coccinelloidea.nwk	G	G	GG	39	0.315303227807168	25.4440869440869	70	32.1403173599764	21	2008	2023	Coleoptera	superfamily	10	0	4	-6	0.666666666666667	0.326315789473684	NA
pairID2498	RobertsonWhiting2008Cucujoidea.nwk	ZhangChe2018Coleoptera.nwk	G	O	GO	25	0.363315923512928	14.7187747035573	43	35.7770876399966	10	2008	2018	Coleoptera	infraorder	97	0	5	-93	0.44	0.170798898071625	NA
pairID2499	Robillard2006Eneopterinae.nwk	TanMalem2021Lebinthini.nwk	P	G	GP	20	0.254011174606595	13.9246031746032	20	10.4880884817015	14	2006	2021	Polyneoptera	family	8	198	3	-8	0.95	0.555555555555556	NA
pairID2500	RochaNessimian2025Ochrotrichiinae2.nwk	ThomsonFrandsen2022Hydroptilidae.nwk	C	O	NA	7	0	4	0	0	7	2025	2022	Other	family	305	109	3	-295	1	0.378531073446328	NA
pairID2501	RodriguezPitts2016Pompilinae.nwk	WaichertRodriguez2015Pompilidae.nwk	G	G	GG	29	0.301260760855289	18.7394586894587	46	24.7790233867277	18	2016	2015	Hymenoptera	family	9	0	3	1	0.827586206896552	0.453237410071942	NA
pairID2502	RomiguierBorowiec2022Formicidae.nwk	Schmidt2013Ponerinae.nwk	O	G	GO	31	0.157514150404877	23.8055555555556	23	22.9128784747792	24	2022	2013	Hymenoptera	infraorder	4419	0	5	4411	0.354838709677419	0.410810810810811	NA
pairID2503	RomiguierBorowiec2022Formicidae.nwk	Ward2015Myrmicinae.nwk	O	G	GO	23	0.27753216478587	14.7376623376623	27	13.076696830622	16	2022	2015	Hymenoptera	family	4426	0	3	4404	0.347826086956522	0.257627118644068	NA
pairID2504	RomiguierBorowiec2022Formicidae.nwk	WardFisher2016Amblyoponinae.nwk	O	G	GO	18	0.165780385008939	13.2166666666667	9	10.2469507659596	15	2022	2016	Hymenoptera	infraorder	4426	0	5	4404	0.388888888888889	0.638655462184874	NA
pairID2505	RomiguierBorowiec2022Formicidae.nwk	ZhangLi2022Formicidae.nwk	O	M	MO	20	0.400928327671856	11.4107206518971	28	15.52417469626	11	2022	2022	Hymenoptera	infraorder	4428	0	5	4402	0.5	0.660869565217391	NA
pairID2507	Ronka2016Arctiina.nwk	Zaspel2014Arctiinae.nwk	G	G	GG	18	0.0724784171768539	14.125	7	7.48331477354788	17	2016	2014	Lepidoptera	subfamily	17	0	3	-1	0.777777777777778	0.575949367088608	NA
pairID2508	Ronka2016Arctiina.nwk	ZenkerWahlberg2017Arctiinae.nwk	G	G	GG	19	0.112381082064438	14.9464285714286	8	6.48074069840786	16	2016	2017	Lepidoptera	subfamily	16	0	3	0	0.842105263157895	0.285266457680251	NA
pairID2510	Rossini2022Epactoidini4.nwk	TarasovDimitrov2016Scarabaeinae.nwk	C	G	CG	21	0.222017701831483	15.269696969697	19	12.2065556157337	14	2022	2016	Coleoptera	subfamily	15	103	3	-1	0.952380952380952	0.18348623853211	NA
pairID2511	RousseQuicke2016Ophioninae.nwk	SchwarzfeldBroad2016Ophion.nwk	C	G	CG	13	0.208278565963134	5	3	5.74456264653803	6	2016	2016	Hymenoptera	subfamily	5	62	3	-1	0.538461538461538	0.551724137931034	NA
pairID2512	SaenzManchola2021Psocomorpha.nwk	SaenzManchola2022Psocomorpha.nwk	M	O	MO	27	0.23923604139686	20.1526515151515	35	21.8403296678416	18	2021	2022	Other	order	2094	0	6	-2068	0.407407407407407	0.492537313432836	NA
pairID2513	SaenzManchola2021Psocomorpha.nwk	SaenzManchola2023Lachesillidae.nwk	M	O	MO	25	0.240585831044563	18.2638888888889	31	18.7882942280559	14	2021	2023	Other	order	2073	0	6	-2047	0.48	0.532258064516129	NA
pairID2514	SaenzManchola2022Psocomorpha.nwk	SaenzManchola2023Lachesillidae.nwk	O	O	OO	33	0.124968170326376	27.1017543859649	21	15.556349186104	25	2022	2023	Other	order	4141	0	6	21	1	0.854545454545454	TR.TR
pairID2515	SaenzManchola2022Psocomorpha.nwk	YoshizawaJohnson2014Psocomorpha.nwk	O	G	GO	30	0.277380594313894	20.5654220779221	40	17.9722007556114	19	2022	2014	Other	suborder	2085	0	5	2077	0.6	0.358778625954198	NA
pairID2516	SaenzManchola2022Psocomorpha.nwk	YoshizawaMarusik2020Psocomorpha.nwk	O	G	GO	11	0.540764279033746	4.91666666666667	13	10.295630140987	5	2022	2020	Other	infraorder	2085	0	5	2077	0.727272727272727	0.824561403508772	NA
pairID2517	SaenzManchola2022Psocomorpha.nwk	YoshizawaMockford2014Caeciliusetae.nwk	O	G	GO	16	0.415681693049869	9.18003663003663	24	15.9373774505092	10	2022	2014	Other	suborder	2085	0	5	2077	0.75	0.635135135135135	NA
pairID2518	SaenzManchola2022Psocomorpha.nwk	deMoya2021Psocodea.nwk	O	O	OO	24	0.224627668302405	16.297619047619	19	7.68114574786861	17	2022	2021	Other	order	4451	0	6	-289	0.958333333333333	0.379032258064516	TR.TR
pairID2519	SaenzManchola2023Lachesillidae.nwk	YoshizawaJohnson2014Psocomorpha.nwk	O	G	GO	26	0.34682081532104	17.1170321637427	52	28.8790581563873	16	2023	2014	Other	suborder	2064	0	5	2056	0.692307692307692	0.333333333333333	NA
pairID2520	SaenzManchola2023Lachesillidae.nwk	YoshizawaMarusik2020Psocomorpha.nwk	O	G	GO	12	0.556901384428935	5.20555555555556	17	11.4455231422596	6	2023	2020	Other	infraorder	2064	0	5	2056	0.75	0.823529411764706	NA
pairID2521	SaenzManchola2023Lachesillidae.nwk	YoshizawaMockford2014Caeciliusetae.nwk	O	G	GO	20	0.30313001068042	13.4047619047619	26	20.3960780543711	13	2023	2014	Other	suborder	2064	0	5	2056	0.75	0.636363636363636	NA
pairID2522	SaenzManchola2023Lachesillidae.nwk	deMoya2021Psocodea.nwk	O	O	OO	20	0.402655966645815	11.7100954600955	32	16.4620776331543	12	2023	2021	Other	suborder	4430	0	5	-310	0.95	0.341463414634146	TR.TR
pairID2523	SallumSchultz2002Anophelinae.nwk	daSilva2020Culicidae.nwk	G	M	GM	16	0.183767954186431	11.35	9	10.295630140987	12	2002	2020	Diptera	family	19	0	3	-7	0.8125	0.313725490196078	NA
pairID2524	SamacaSaenz2016Doryctinae.nwk	ZaldivarRiveron2008Doryctinae.nwk	G	G	GG	25	0.481317435947702	14.8707665369733	65	62.1288982680363	10	2016	2008	Hymenoptera	family	5	0	3	1	0.56	0.366071428571429	NA
pairID2525	SanchisLatorre2000Aphidiinae.nwk	ShiChen2005Aphidiinae.nwk	B	G	NA	16	0.303416261151794	9.32738095238095	16	10.3923048454133	12	2000	2005	Hymenoptera	subfamily	4	0	3	-2	1	0.923076923076923	NA
pairID2526	SanchisLatorre2000Aphidiinae.nwk	ShiChen2005Braconidae.nwk	B	C	NA	7	0.514401820125203	1.91666666666667	4	4.35889894354067	4	2000	2005	Hymenoptera	subfamily	4	96	3	-2	1	0.310344827586207	NA
pairID2527	SannMeusemann2021Apoidea.nwk	SannNiehuis2018Apoidea.nwk	O	O	OO	137	0.0337234027944066	130.83235911552	42	471.868625784762	92	2021	2018	Hymenoptera	infraorder	389	0	5	-1	0.970802919708029	0.969879518072289	NA
pairID2530	SantosNessimian2016Leucotrichiinae.nwk	ThomasFrandsen2020Trichoptera.nwk	C	G	CG	6	0	1	0	0	4	2016	2020	Other	subfamily	11	114	3	-1	1	0.180555555555556	NA
pairID2532	SarriaRodriguez2020Psocoptera.nwk	YoshizawaJohnson2008Psocidae.nwk	G	G	GG	16	0.593182387661779	7.35940170940171	31	23.388031127053	10	2020	2008	Other	family	12	0	3	0	0.625	0.415094339622642	NA
pairID2533	SarriaRodriguez2020Psocoptera.nwk	YoshizawaYao2016Psocidae.nwk	G	G	GG	13	0.767979867446455	3.93809523809524	30	20.9284495364563	6	2020	2016	Other	family	11	0	3	1	0.692307692307692	0.301369863013699	NA
pairID2535	Scheffer2007Agromyzidae.nwk	WinklerScheffer2009Agromyzidae.nwk	G	G	GG	15	0.269209697408954	9.7012987012987	17	10.0498756211209	11	2007	2009	Diptera	subfamily	6	0	3	0	1	0.4875	NA
pairID2536	Scheffer2007Agromyzidae.nwk	XuanScheffer2023Agromyzidae.nwk	G	O	GO	40	0.227454911473358	30.4245561202083	62	32.8024389337135	23	2007	2023	Diptera	family	499	0	3	-493	0.95	0.475609756097561	NA
pairID2537	Schmidt2013Ponerinae.nwk	Ward2015Myrmicinae.nwk	G	G	GG	20	0.127329005862164	15.2833333333333	8	6.08276253029822	17	2013	2015	Hymenoptera	family	15	0	3	-7	0.8	0.364457831325301	NA
pairID2538	Schmidt2013Ponerinae.nwk	WardDownie2005Pseudomyrmecinae.nwk	G	G	GG	10	0.268857072139349	4.83333333333333	7	5.29150262212918	7	2013	2005	Hymenoptera	family	9	0	3	-1	0.9	0.679775280898876	NA
pairID2539	Schmidt2013Ponerinae.nwk	WardFisher2016Amblyoponinae.nwk	G	G	GG	16	0.115067590465998	11.5833333333333	5	6.2449979983984	14	2013	2016	Hymenoptera	infraorder	15	0	5	-7	0.75	0.765822784810127	NA
pairID2540	Schmidt2013Ponerinae.nwk	ZhangLi2022Formicidae.nwk	G	M	GM	14	0.165531282143607	9.66071428571429	10	6.40312423743285	10	2013	2022	Hymenoptera	family	17	0	3	-9	0.357142857142857	0.73780487804878	NA
pairID2541	ScottChialvo2018Lithosiini.nwk	ScottZaspel2014Lithosiini.nwk	O	G	GO	10	0.283712950727171	5.92857142857143	7	7.41619848709566	5	2018	2014	Lepidoptera	subfamily	1332	0	3	1324	0.6	0.395348837209302	NA
pairID2542	ScottZaspel2014Lithosiini.nwk	Zaspel2014Arctiinae.nwk	G	G	GG	9	0.234291198738313	4.91666666666667	4	5.47722557505166	6	2014	2014	Lepidoptera	family	13	0	3	-5	0.666666666666667	0.441176470588235	NA
pairID2543	ScottZaspel2014Lithosiini.nwk	ZenkerWahlberg2017Arctiinae.nwk	G	G	GG	12	0.380776407835027	6.21746031746032	15	9	8	2014	2017	Lepidoptera	subfamily	12	0	3	-4	0.416666666666667	0.20066889632107	NA
pairID2544	Seifert2022Geometridae.nwk	SihvonenMutanen2011Geometridae.nwk	G	G	GG	53	0.30693194486874	37.8576870733173	132	57.3061951275776	32	2022	2011	Lepidoptera	family	16	0	3	0	0.943396226415094	0.881093935790725	NA
pairID2545	Seifert2022Geometridae.nwk	SihvonenStaude2015Geometridae.nwk	G	G	GG	28	0.312453188372005	5.25	7	9.38083151964686	6	2022	2015	Lepidoptera	family	16	0	3	0	0.964285714285714	0.947570332480818	NA
pairID2546	Seifert2022Geometridae.nwk	WahlbergSnall2010Ennominae.nwk	G	G	GG	30	0.40935905705409	18.9696067821068	57	42.0119030752	15	2022	2010	Lepidoptera	suborder	15	0	5	1	0.933333333333333	0.981456953642384	NA
pairID2547	SemenchenkoCranston2024Diamesinae.nwk	SiriDonato2015Macropelopiini.nwk	G	P	GP	8	0	2	0	0	5	2024	2015	Diptera	subfamily	6	79	3	6	0.75	0.775641025641026	NA
pairID2548	SeoPark2019Coccinellidae.nwk	SongLi2020Coccinellidae.nwk	M	M	MM	12	0.270480742296835	7.03333333333333	8	8.48528137423857	9	2019	2020	Coleoptera	superfamily	50	0	4	-24	1	0.451612903225806	NA
pairID2549	SeoPark2019Coccinellidae.nwk	TomaszewskaEscalona2021Coccinellini.nwk	M	G	GM	11	0.28706582965512	6.19722222222222	10	5	8	2019	2021	Coleoptera	family	19	0	3	7	0.636363636363636	0.0915032679738562	NA
pairID2550	Sevcik2016.nwk	Shin2018.nwk	G	G	GG	14	0.418854045250381	6.69444444444444	18	13.4164078649987	5	2016	2018	Diptera	order	26	0	6	-14	0.785714285714286	0.077319587628866	NA
pairID2551	Sevcik2016.nwk	Sikora2019Cecidomyiidae.nwk	G	G	GG	8	0.348330841066475	3.83333333333333	6	8.83176086632785	5	2016	2019	Diptera	superfamily	15	0	4	-3	1	0.539568345323741	NA
pairID2553	Shang2022Oestroidea.nwk	SinghWells2011Chrysomyinae.nwk	M	G	GM	10	0.197181049479301	6	4	3.3166247903554	9	2022	2011	Diptera	subfamily	17	0	3	13	0.9	0.859375	NA
pairID2554	Shang2022Oestroidea.nwk	Yan2021Calliphoridae.nwk	M	O	MO	10	0.229130109972773	5.83333333333333	4	5.74456264653803	8	2022	2021	Diptera	suborder	2236	0	5	-2206	0.7	0.632183908045977	NA
pairID2555	ShaoBarker2015Phthiraptera.nwk	ShaoLi2017Anoplura.nwk	M	M	MM	12	0.277775553309649	7.05357142857143	13	10.5830052442584	9	2015	2017	Other	superorder	23	0	7	3	1	0.761904761904762	NA
pairID2556	ShaoBarker2015Phthiraptera.nwk	SongLi2019Phthiraptera.nwk	M	M	MM	14	0.148569532142284	9.575	9	6.48074069840786	12	2015	2019	Other	superorder	23	0	7	3	1	0.533333333333333	NA
pairID2557	ShaoBarker2015Phthiraptera.nwk	deMoya2021Psocodea.nwk	M	O	MO	10	0.259005238178282	5.68571428571429	8	7	8	2015	2021	Other	superorder	2383	0	7	-2357	0.6	0.145454545454545	NA
pairID2558	ShaoLi2017Anoplura.nwk	SongLi2019Phthiraptera.nwk	M	M	MM	17	0.0958949960344755	12.8333333333333	6	8.42614977317636	16	2017	2019	Other	superorder	20	0	7	0	1	0.633333333333333	NA
pairID2559	ShaoLi2017Anoplura.nwk	deMoya2021Psocodea.nwk	M	O	MO	10	0.1098243646752	6.33333333333333	2	1.4142135623731	9	2017	2021	Other	superorder	2380	0	7	-2360	0.7	0.169642857142857	NA
pairID2560	SharanowskiDowling2011Braconidae.nwk	SharanowskiRidenbaugh2021Ichneumonoidea.nwk	G	O	GO	17	0.188634992614675	11.9333333333333	8	11.9582607431014	12	2011	2021	Hymenoptera	family	545	0	3	-537	0.588235294117647	0.617834394904459	NA
pairID2561	SharanowskiDowling2011Braconidae.nwk	ShiChen2005Braconidae.nwk	G	C	CG	38	0.399815035386028	24.1768759018759	80	37.2155881318568	24	2011	2005	Hymenoptera	family	7	96	3	1	0.342105263157895	0.570588235294118	NA
pairID2562	SharanowskiDowling2011Braconidae.nwk	ZaldivarRiveron2008Doryctinae.nwk	G	G	GG	19	0.544569852201876	9.97474747474747	46	36.3455636907725	9	2011	2008	Hymenoptera	family	6	0	3	2	0.631578947368421	0.570588235294118	NA
pairID2563	SharanowskiDowling2011Braconidae.nwk	ZaldivarRiveron2008Rogadinae.nwk	G	G	GG	18	0.490557007871118	9.64509379509379	32	35.9304884464434	9	2011	2008	Hymenoptera	family	6	0	3	2	0.611111111111111	0.560693641618497	NA
pairID2564	SharanowskiRidenbaugh2021Ichneumonoidea.nwk	ShiChen2005Braconidae.nwk	O	C	NA	16	0.48803172775122	7.88787878787879	25	14.9666295470958	11	2021	2005	Hymenoptera	family	544	96	3	538	0.375	0.470588235294118	NA
pairID2566	Sharkey2011Hymenoptera.nwk	VilhelmsenPerrichot2010Megalyridae.nwk	C	P	NA	7	0.216781933149046	3.33333333333333	2	1.4142135623731	6	2011	2010	Hymenoptera	suborder	4	440	5	4	1	0.991071428571429	NA
pairID2569	ShiChen2005Aphidiinae.nwk	ShiChen2005Braconidae.nwk	G	C	CG	8	0.621721647420652	2.88333333333333	9	6.32455532033676	5	2005	2005	Hymenoptera	family	6	96	3	0	0.875	0.2	NA
pairID2570	ShiChen2005Braconidae.nwk	ZaldivarRiveron2008Doryctinae.nwk	C	G	CG	14	0.23514821741978	9.25555555555555	10	16	9	2005	2008	Hymenoptera	family	5	96	3	1	0.642857142857143	0.536585365853659	NA
pairID2571	ShiChen2005Braconidae.nwk	ZaldivarRiveron2008Rogadinae.nwk	C	G	CG	12	0.515152890787556	5.91666666666667	17	12.0830459735946	7	2005	2008	Hymenoptera	family	5	96	3	1	0.5	0.520710059171598	NA
pairID2572	Shin2018.nwk	Trautwein2010Asiloidea.nwk	G	G	GG	16	0.068915939785213	9.33333333333333	2	1.4142135623731	12	2018	2010	Diptera	infraorder	22	0	5	18	0.4375	0.983068783068783	NA
pairID2573	Shin2018.nwk	WahlbergJohanson2018Empidoidea.nwk	G	G	GG	18	0.619010830347863	7.97380952380952	41	15.9373774505092	9	2018	2018	Diptera	superfamily	25	0	4	15	0.555555555555556	0.927145708582834	NA
pairID2574	Shin2018.nwk	Wiegmann2000Tabanomorpha.nwk	G	B	NA	18	0.291810809053581	11.9722222222222	15	10.6301458127346	14	2018	2000	Diptera	suborder	21	0	5	19	0.944444444444444	0.994646680942184	NA
pairID2575	Shin2018.nwk	WiegmannTrautwein2011Diptera.nwk	G	C	CG	41	0.275110149172136	30.2540652707036	77	138.75157656762	17	2018	2011	Diptera	order	34	371	6	6	0.902439024390244	0.849954254345837	NA
pairID2576	Shin2018.nwk	WintertonHardy2016Therevidae.nwk	G	G	GG	40	0.220983429715372	30.1366681929182	63	36.6878726556883	25	2018	2016	Diptera	superfamily	27	0	4	13	0.875	0.987247608926674	NA
pairID2578	Shin2018.nwk	WintertonYang2001Agapophytinae.nwk	G	C	CG	15	0.480594286319895	7.71190476190476	20	22.494443758404	10	2018	2001	Diptera	family	21	68	3	19	0.933333333333333	0.993582887700535	NA
pairID2579	Shin2018.nwk	YeatesIrwin2003Ocoidae.nwk	G	B	NA	10	0.226567235017745	5.78571428571429	6	5.8309518948453	6	2018	2003	Diptera	superfamily	21	0	4	19	0.6	0.994646680942184	NA
pairID2581	ShuJiang2020Siphonaptera.nwk	WhitingWhiting2008Siphonaptera.nwk	G	G	GG	16	0.447197556833919	7.51161616161616	17	20.5669638012031	6	2020	2008	Other	order	8	0	6	0	1	0.263888888888889	NA
pairID2582	ShuJiang2020Siphonaptera.nwk	ZhouLiu2024Siphonaptera.nwk	G	G	GG	6	0	3	0	7.28010988928052	3	2020	2024	Other	order	9	0	6	-1	1	0.59375	NA
pairID2583	ShuJiang2020Siphonaptera.nwk	ZhuHastriter2015Siphonaptera.nwk	G	G	GG	21	0.523281098662677	10.4559829059829	41	37.4966665185054	8	2020	2015	Other	order	13	0	6	-5	1	0.169642857142857	NA
pairID2585	ShuJiang2020Siphonaptera.nwk	ZuritaMatthee2025Ceratophyllomorpha.nwk	G	G	GG	15	0.548898683656313	6.75793650793651	26	15.3948043183407	9	2020	2025	Other	order	11	0	6	-3	1	0.226190476190476	NA
pairID2586	Sihvonen2020Sterrhinae.nwk	SihvonenKaila2004Scopulini.nwk	G	P	GP	11	0.380065892841669	3	4	5.74456264653803	4	2020	2004	Lepidoptera	subfamily	11	96	3	11	0.636363636363636	0.649122807017544	NA
pairID2587	Sihvonen2020Sterrhinae.nwk	SihvonenMutanen2011Geometridae.nwk	G	G	GG	15	0.244067382053501	9.35714285714286	9	7.54983443527075	12	2020	2011	Lepidoptera	family	19	0	3	3	0.733333333333333	0.345794392523364	NA
pairID2589	SihvonenMutanen2011Geometridae.nwk	WahlbergSnall2010Ennominae.nwk	G	G	GG	15	0.25146492802034	10.1298701298701	14	8.54400374531753	11	2011	2010	Lepidoptera	family	15	0	3	1	0.666666666666667	0.820652173913043	NA
pairID2593	Simonsen2011Papilioninae.nwk	Wiemers2020Papilionoidea.nwk	C	G	CG	9	0	6	0	0	9	2011	2020	Lepidoptera	superfamily	19	94	4	-5	0.888888888888889	0.0642023346303502	NA
pairID2594	SlippinskiTomaszewska2009Corylophidae.nwk	TomaszewskaSzawaryn2023Coccinelloidea.nwk	P	G	GP	13	0.295578577638409	7.94047619047619	11	7.68114574786861	10	2009	2023	Coleoptera	superfamily	8	48	4	-8	0.769230769230769	0.152941176470588	NA
pairID2595	SohnRegier2016Gelechioidea.nwk	WangLi2020Gelechioidea.nwk	G	G	GG	33	0.238236557539191	25.3490079365079	36	52.0960651105244	14	2016	2020	Lepidoptera	superfamily	27	0	4	11	0.393939393939394	0.285087719298246	NA
pairID2596	Song2016Vespoidea.nwk	SuHuang2016Eurytomidae.nwk	M	M	MM	9	0	6	0	0	9	2016	2016	Hymenoptera	infraorder	26	0	5	0	0.777777777777778	0.260869565217391	NA
pairID2597	Song2016Vespoidea.nwk	ZhangLi2022Formicidae.nwk	M	M	MM	7	0.25255408270619	3.25	3	3.74165738677394	4	2016	2022	Hymenoptera	family	26	0	3	0	0.857142857142857	0.218181818181818	NA
pairID2598	Song2019Neuroptera.nwk	Vasilikopoulos2020Neuropterida.nwk	M	O	MO	16	0.31936694016317	9.8469696969697	17	13.6747943311773	11	2019	2020	Other	superorder	3650	0	7	-3620	0.6875	0.379032258064516	NA
pairID2599	Song2019Neuroptera.nwk	Wang2017Neuropterida.nwk	M	M	MM	34	0.117294791579881	28.7111111111111	24	15.52417469626	28	2019	2017	Other	superorder	28	0	7	2	0.970588235294118	0.758064516129032	NA
pairID2600	Song2019Neuroptera.nwk	Winterton2018Neuropterida.nwk	M	O	MO	26	0.250360295008024	18.9642857142857	30	21.9772609758359	16	2019	2018	Other	order	214	0	6	-184	0.346153846153846	0.281437125748503	NA
pairID2601	Song2019Neuroptera.nwk	Winterton2019Chrysopidae.nwk	M	O	MO	15	0.0982711954926012	11.2857142857143	5	7.68114574786861	13	2019	2019	Other	order	387	0	6	-357	0.666666666666667	0.37007874015748	NA
pairID2602	Song2019Neuroptera.nwk	ZhangWang2025Neuropterida.nwk	M	O	MO	18	0.162098862026886	13.0178571428571	10	12.2065556157337	16	2019	2025	Other	order	2139	0	6	-2109	0.333333333333333	0.494736842105263	NA
pairID2603	SongBethoux2020Orthoptera.nwk	ZahidMarinoPerez2021Pyrgomorphidae.nwk	O	M	MO	10	0	7	0	0	10	2020	2021	Polyneoptera	family	5429	0	3	5399	0.8	0.68	NA
pairID2604	SongLi2019Phthiraptera.nwk	deMoya2021Psocodea.nwk	M	O	MO	12	0.119574325014074	8.42857142857143	4	4.58257569495584	11	2019	2021	Other	superorder	2380	0	7	-2360	0.666666666666667	0.239669421487603	NA
pairID2605	SongLi2020Coccinellidae.nwk	TomaszewskaEscalona2021Coccinellini.nwk	M	G	GM	21	0.27240374727504	14.3230158730159	26	16.2480768092719	15	2020	2021	Coleoptera	family	43	0	3	31	0.666666666666667	0.185185185185185	NA
pairID2606	SongLi2020Coccinellidae.nwk	TomaszewskaSzawaryn2023Coccinelloidea.nwk	M	G	GM	14	0.120589489472526	9.86666666666667	5	7.07106781186548	13	2020	2023	Coleoptera	superfamily	45	0	4	29	0.571428571428571	0.170454545454545	NA
pairID2607	SongLi2020Curculionoidea.nwk	ZhangLi2022Curculionidae.nwk	M	M	MM	30	0.241210303537454	20.7162525879917	36	12.7279220613579	23	2020	2022	Coleoptera	family	26	0	3	0	0.8	0.725190839694656	NA
pairID2608	SongLi2020Curculionoidea.nwk	ZhangShu2019Curculionidae.nwk	M	M	MM	31	0.0683980496364543	25.95	9	3.87298334620742	28	2020	2019	Coleoptera	family	26	0	3	0	1	0.979381443298969	NA
pairID2609	SongMarinoPerez2018Acrididae.nwk	ZhangLin2016Catantopidae.nwk	M	M	MM	13	0.212471824983617	8.38333333333333	9	17.4355957741627	9	2018	2016	Polyneoptera	family	55	0	3	25	0.923076923076923	0.970588235294118	NA
pairID2610	SongYin2018Chrysomelidae.nwk	WuQian2020Chrysomelidae.nwk	M	M	MM	14	0.098879781609125	10.1818181818182	5	6.6332495807108	12	2018	2020	Coleoptera	superfamily	26	0	4	0	0.785714285714286	0.64	NA
pairID2611	SongYin2018Chrysomelidae.nwk	ZhangSong2022Chrysomelidae.nwk	M	M	MM	27	0.210540771318832	20.739880952381	28	23.8117617995813	19	2018	2022	Coleoptera	family	26	0	3	0	0.777777777777778	0.166666666666667	NA
pairID2612	SongYin2018Chrysomelidae.nwk	ZhangWu2020Chrysomelidae.nwk	M	M	MM	13	0.103401261086015	9.14285714285714	6	6.78232998312527	12	2018	2020	Coleoptera	family	26	0	3	0	0.846153846153846	0.780487804878049	NA
pairID2613	SosaCalvo2017Attini.nwk	Ward2015Myrmicinae.nwk	G	G	GG	29	0.246262557538843	21.1777777777778	35	86.2844134244419	9	2017	2015	Hymenoptera	subfamily	16	0	3	-6	0.827586206896552	0.285211267605634	NA
pairID2616	Stahls2004Rhingiini.nwk	StahlsHippa2003Syrphidae.nwk	C	C	NA	6	0.308181620264318	2.33333333333333	2	2.64575131106459	5	2004	2003	Diptera	tribe	4	260	2	0	0.833333333333333	0.56701030927835	NA
pairID2617	StahlsHippa2003Syrphidae.nwk	WongNorman2023Syrphidae.nwk	C	M	NA	22	0.410741705488476	12.589898989899	43	35.8050275799363	11	2003	2023	Diptera	family	15	122	3	-11	0.409090909090909	0.342657342657343	NA
pairID2619	SuHuang2016Eurytomidae.nwk	Wei2014Hymenoptera.nwk	M	M	MM	11	0.137839650068822	7.28571428571429	5	3.60555127546399	10	2016	2014	Hymenoptera	order	28	0	6	-2	1	0.763636363636364	NA
pairID2620	SuHuang2016Eurytomidae.nwk	ZhangLi2022Formicidae.nwk	M	M	MM	11	0.201271805502286	6.82142857142857	8	6	8	2016	2022	Hymenoptera	infraorder	26	0	5	0	1	0.525	NA
pairID2621	SuHuang2016Eurytomidae.nwk	ZhengCao2018Apoidea.nwk	M	M	MM	7	0	4	0	0	7	2016	2018	Hymenoptera	infraorder	26	0	5	0	1	0.711864406779661	NA
pairID2622	Sun2020Buprestidae.nwk	Uribe2016Elateroidea.nwk	M	M	MM	8	0	5	0	0	8	2020	2016	Coleoptera	infraorder	26	0	5	0	0.875	0.893939393939394	NA
pairID2627	SvensonBrannoch2016Hymenopodinae.nwk	SvensonHardy2015Mantodea.nwk	G	G	GG	34	0.112267298545065	28.0208333333333	24	17.1172427686237	29	2016	2015	Polyneoptera	suborder	20	0	5	0	1	0.433333333333333	NA
pairID2628	SvensonBrannoch2016Hymenopodinae.nwk	SvensonWhiting2009Mantodea.nwk	G	G	GG	28	0.137957215733901	22.122975708502	21	13.076696830622	23	2016	2009	Polyneoptera	suborder	19	0	5	1	0.964285714285714	0.1625	NA
pairID2629	SvensonBrannoch2016Hymenopodinae.nwk	Wieland2013Mantodea.nwk	G	P	GP	15	0.318240939862423	8.9508658008658	21	15.2970585407784	9	2016	2013	Polyneoptera	superfamily	10	152	4	10	0.666666666666667	0.319672131147541	NA
pairID2630	SvensonHardy2015Mantodea.nwk	SvensonWhiting2004Mantodea.nwk	G	G	GG	14	0.338454783108366	7.98106060606061	15	9.9498743710662	10	2015	2004	Polyneoptera	suborder	15	0	5	5	0.5	0.699186991869919	NA
pairID2631	SvensonHardy2015Mantodea.nwk	SvensonWhiting2009Mantodea.nwk	G	G	GG	64	0.0763383211728444	56.5650793650794	35	37.9077828420497	55	2015	2009	Polyneoptera	suborder	19	0	5	1	0.9375	0.338582677165354	NA
pairID2632	SvensonHardy2015Mantodea.nwk	Wieland2013Mantodea.nwk	G	P	GP	28	0.654880745706759	11.1557670526778	94	39	10	2015	2013	Polyneoptera	suborder	10	152	5	10	0.535714285714286	0.524390243902439	NA
pairID2634	SvensonWhiting2004Mantodea.nwk	WangWang2022Mantidae.nwk	G	M	GM	12	0.341170375850258	6.57222222222222	15	11.7898261225516	8	2004	2022	Polyneoptera	family	18	0	3	-8	0.5	0.647887323943662	NA
pairID2635	SvensonWhiting2004Mantodea.nwk	WareLitman2008Dictyoptera.nwk	G	C	CG	21	0.28657668898678	4.93333333333333	4	3.46410161513775	7	2004	2008	Polyneoptera	superorder	9	175	7	1	0.952380952380952	0.582278481012658	NA
pairID2636	SvensonWhiting2004Mantodea.nwk	Wieland2013Mantodea.nwk	G	P	GP	24	0.643002252292419	10.9654866332498	67	38.7298334620742	11	2004	2013	Polyneoptera	suborder	5	152	5	5	0.375	0.353846153846154	NA
pairID2637	SvensonWhiting2004Mantodea.nwk	YagerSvenson2008Mantodea.nwk	G	G	GG	30	0.400823960494395	17.8666900093371	52	43.4741302385683	19	2004	2008	Polyneoptera	suborder	12	0	5	-2	0.266666666666667	0.258426966292135	NA
pairID2639	SvensonWhiting2009Mantodea.nwk	WangWang2022Mantidae.nwk	G	M	GM	12	0.0804225618113907	8.33333333333333	2	7.07106781186548	10	2009	2022	Polyneoptera	family	22	0	3	-4	0.583333333333333	0.90625	NA
pairID2643	SvensonWhiting2009Mantodea.nwk	ZhangYu2018Mantodea.nwk	G	M	GM	15	0.285885171127199	9.21212121212121	18	15.2315462117278	10	2009	2018	Polyneoptera	suborder	22	0	5	-4	0.666666666666667	0.89922480620155	NA
pairID2646	Tachi2013Exorista.nwk	TachiShima2010Tachinidae.nwk	G	G	GG	11	0.31247539771235	5.03571428571429	9	3.60555127546399	7	2013	2010	Diptera	family	12	0	3	4	0.727272727272727	0.357142857142857	NA
pairID2647	Talavera2013Polyommatus.nwk	Wiemers2020Papilionoidea.nwk	G	G	GG	31	0.213619997039413	23.9086010480747	37	22.9782505861521	21	2013	2020	Lepidoptera	subfamily	21	0	3	-3	0.967741935483871	0.176258992805755	NA
pairID2648	TanYao2023Siphonaptera.nwk	ZhangFu2022Siphonaptera.nwk	M	M	MM	7	0	4	0	4	6	2023	2022	Other	superorder	26	0	7	0	0.857142857142857	0.160714285714286	NA
pairID2649	TarasovDimitrov2016Scarabaeinae.nwk	TarasovSolodovnikov2011Onthophagini.nwk	G	P	GP	32	0.237531413128471	22.2929914912674	34	19.7737199332852	13	2016	2011	Coleoptera	subfamily	8	91	3	8	1	0.928348909657321	NA
pairID2650	ThomasFrandsen2020Trichoptera.nwk	ThomsonFrandsen2022Hydroptilidae.nwk	G	O	GO	26	0.264137135701175	17.8268555116381	36	55.0635995917448	9	2020	2022	Other	suborder	306	0	5	-294	0.538461538461538	0.636678200692042	NA
pairID2651	TihelkaGiacomelli2020Siphonaptera.nwk	ZhangFu2022Siphonaptera.nwk	O	M	MO	13	0.307526836352342	7.97301587301587	13	13.5277492584687	9	2020	2022	Other	superorder	1413	0	7	1387	0.692307692307692	0.323076923076923	NA
pairID2652	TomaszewskaEscalona2021Coccinellini.nwk	TomaszewskaSzawaryn2023Coccinelloidea.nwk	G	G	GG	27	0.433933788111101	15.274358974359	55	30.7571129984594	15	2021	2023	Coleoptera	family	14	0	3	-2	0.407407407407407	0.51027397260274	NA
pairID2653	TomaszewskaSzawaryn2023Coccinelloidea.nwk	ZhangChe2018Coleoptera.nwk	G	O	GO	17	0.202439089473049	11.6	14	7.81024967590665	14	2023	2018	Coleoptera	superfamily	103	0	4	-87	0.470588235294118	0.341991341991342	NA
pairID2654	TongWu2022Ephemeroptera.nwk	WangLi2022Ephemeroptera.nwk	M	M	MM	17	0.117025797829171	12.7666666666667	7	33.7934904974316	7	2022	2022	Palaeoptera	order	26	0	6	0	0.411764705882353	0.39622641509434	NA
pairID2655	TongWu2022Ephemeroptera.nwk	XuGuan2021Heptageniidae.nwk	M	M	MM	14	0	11	0	0	14	2022	2021	Palaeoptera	order	26	0	6	0	0.5	0.477272727272727	NA
pairID2656	TongWu2022Ephemeroptera.nwk	XuJia2020Caenidae.nwk	M	M	MM	12	0	9	0	0	12	2022	2020	Palaeoptera	order	26	0	6	0	0.583333333333333	0.67741935483871	NA
pairID2657	TongWu2022Ephemeroptera.nwk	XuJia2020Ephemeroptera.nwk	M	M	MM	14	0	11	0	0	14	2022	2020	Palaeoptera	order	26	0	6	0	0.571428571428571	0.617647058823529	NA
pairID2658	TrizzinoJach2013Hydraena.nwk	VillastrigoJach2019Ochthebiini.nwk	G	G	GG	11	0	3	0	5.09901951359278	3	2013	2019	Coleoptera	genus	12	0	1	0	1	0.554285714285714	NA
pairID2659	TyagiChakraborty2020Thysanoptera.nwk	WuZhang2023Thysanoptera.nwk	M	M	MM	10	0.155686256414117	6.25	4	2.44948974278318	9	2020	2023	Condylognatha	order	26	0	6	0	1	0.448275862068966	NA
pairID2660	Uribe2016Elateroidea.nwk	WangHong2017Elateroidea.nwk	M	M	MM	9	0	6	0	0	9	2016	2017	Coleoptera	superfamily	26	0	4	0	1	0.714285714285714	NA
pairID2661	Valerio2021Bactrocera.nwk	ZhangJiang2016Bactrocera.nwk	O	M	MO	4	0	1	0	0	4	2021	2016	Diptera	subfamily	123	0	3	97	1	0.705882352941177	NA
pairID2662	Valerio2021Bactrocera.nwk	Zhou2020Dacini.nwk	O	M	MO	6	0	3	0	0	6	2021	2020	Diptera	subfamily	125	0	3	95	1	0.461538461538462	NA
pairID2663	Vasilikopoulos2020Neuropterida.nwk	Wang2017Neuropterida.nwk	O	M	MO	21	0.160992654471401	15.7333333333333	14	11.5325625946708	17	2020	2017	Other	superorder	3648	0	7	3622	0.571428571428571	0.709677419354839	NA
pairID2664	Vasilikopoulos2020Neuropterida.nwk	Winterton2018Neuropterida.nwk	O	O	OO	23	0	20	0	0	23	2020	2018	Other	superorder	3834	0	7	3436	0.260869565217391	0.417061611374408	AHE.TR
pairID2665	Vasilikopoulos2020Neuropterida.nwk	ZhangWang2025Neuropterida.nwk	O	O	OO	23	0.0672455363428123	19.3333333333333	8	6.92820323027551	21	2020	2025	Other	superorder	5759	0	7	1511	0.391304347826087	0.661654135338346	NA
pairID2666	VegaBadillo2021Cenophengus.nwk	ZaragozaCaballero2015Phengodidae.nwk	P	P	NA	8	0.610780700750488	2.88333333333333	9	9.4339811320566	4	2021	2015	Coleoptera	family	0	141	3	0	0.5	0.791044776119403	NA
pairID2667	VerhoevePlumer2020Siphonaptera.nwk	WeiJia2022Siphonaptera.nwk	M	M	MM	6	0	3	0	0	6	2020	2022	Other	superorder	26	0	7	0	1	0.6	NA
pairID2668	VerhoevePlumer2020Siphonaptera.nwk	ZhangFu2022Siphonaptera.nwk	M	M	MM	6	0	3	0	0	6	2020	2022	Other	superorder	26	0	7	0	1	0.113207547169811	NA
pairID2669	Virgilio2009Dacus.nwk	Virgilio2015Dacini.nwk	G	G	GG	11	0.424336599958062	5.43055555555556	12	7	8	2009	2015	Diptera	tribe	8	0	2	-2	1	0.182926829268293	NA
pairID2671	Virgilio2015Dacini.nwk	Zhou2020Dacini.nwk	G	M	GM	7	0	4	0	0	7	2015	2020	Diptera	subfamily	20	0	3	-10	0.857142857142857	0.849462365591398	NA
pairID2672	Wahlberg2006Nymphalinae.nwk	WahlbergWheat2008Lepidoptera.nwk	G	G	GG	8	0.317185851296311	3.66666666666667	4	3.46410161513775	6	2006	2008	Lepidoptera	family	14	0	3	-8	0.75	0.536363636363636	NA
pairID2673	Wahlberg2025Thysanoptera.nwk	WuZhang2023Thysanoptera.nwk	M	M	MM	7	0.496765917919658	2.66666666666667	5	4.47213595499958	6	2025	2023	Condylognatha	family	53	0	3	27	0.857142857142857	0.6875	NA
pairID2674	WahlbergWheat2008Lepidoptera.nwk	Wiemers2020Papilionoidea.nwk	G	G	GG	18	0.0934592953480218	14.3076923076923	9	8.18535277187245	16	2008	2020	Lepidoptera	superfamily	23	0	4	-1	0.611111111111111	0.108208955223881	NA
pairID2675	Wang2011Osmylidae.nwk	Winterton2017Osmylidae.nwk	P	C	NA	7	0.732492366804475	1.95	8	6.32455532033676	4	2011	2017	Other	genus	4	90	1	-4	0.857142857142857	0.333333333333333	NA
pairID2676	Wang2015Lymantriinae.nwk	Zahiri2012Erebidae.nwk	G	G	GG	12	0.116573048516681	8.16666666666667	5	6.6332495807108	11	2015	2012	Lepidoptera	family	16	0	3	0	0.916666666666667	0.423076923076923	NA
pairID2677	Wang2015Lymantriinae.nwk	Zaspel2014Arctiinae.nwk	G	G	GG	10	0.1098243646752	6.33333333333333	2	1.4142135623731	9	2015	2014	Lepidoptera	family	17	0	3	-1	0.9	0.640776699029126	NA
pairID2678	Wang2017Blattodea.nwk	WangZhang2023Blaberoidea.nwk	G	M	GM	37	0.259419617111832	26.8740287490287	56	28.6006992921502	23	2017	2023	Polyneoptera	superorder	44	0	7	-34	0.648648648648649	0.395348837209302	NA
pairID2680	Wang2017Neuropterida.nwk	Winterton2018Neuropterida.nwk	M	O	MO	31	0.156453870136384	24.7488095238095	29	15.9059737205869	25	2017	2018	Other	superorder	212	0	7	-186	0.290322580645161	0.285714285714286	NA
pairID2681	Wang2017Neuropterida.nwk	Winterton2019Chrysopidae.nwk	M	O	MO	11	0	8	0	0	11	2017	2019	Other	order	385	0	6	-359	0.545454545454545	0.363636363636364	NA
pairID2682	Wang2017Neuropterida.nwk	Yang2017Chauliodinae.nwk	M	M	MM	7	0	4	0	0	7	2017	2017	Other	order	28	0	6	-2	1	0.923076923076923	NA
pairID2683	Wang2017Neuropterida.nwk	ZhangFu2022Siphonaptera.nwk	M	M	MM	8	0	5	0	4.35889894354067	4	2017	2022	Other	superorder	26	0	7	0	0.875	0.51063829787234	NA
pairID2684	Wang2017Neuropterida.nwk	ZhangWang2025Neuropterida.nwk	M	O	MO	23	0.100491998089029	18.4621848739496	14	11.4455231422596	20	2017	2025	Other	superorder	2137	0	7	-2111	0.304347826086957	0.505263157894737	NA
pairID2685	WangCao2022Peltoperlidae.nwk	WangCao2022Systellognatha.nwk	M	M	MM	30	0.0350114303036014	26.1428571428571	6	4	29	2022	2022	Polyneoptera	superfamily	26	0	4	0	0.9	0.813953488372093	NA
pairID2686	WangCao2022Peltoperlidae.nwk	WangYang2025Plecoptera.nwk	M	M	MM	28	0.131552521121177	22.4379120879121	19	23.685438564654	25	2022	2025	Polyneoptera	order	28	0	6	-2	0.821428571428571	0.330188679245283	NA
pairID2687	WangCao2022Peltoperlidae.nwk	XiangZhao2021Perlidae.nwk	M	M	MM	13	0.196599394880219	8.22619047619048	9	11.0905365064094	10	2022	2021	Polyneoptera	family	26	0	3	0	0.692307692307692	0.795454545454545	NA
pairID2688	WangCao2022Systellognatha.nwk	WangYang2025Plecoptera.nwk	M	M	MM	27	0.0769495396139929	22.5083333333333	8	30.0499584026334	25	2022	2025	Polyneoptera	order	28	0	6	-2	0.777777777777778	0.336363636363636	NA
pairID2689	WangCao2022Systellognatha.nwk	XiangZhao2021Perlidae.nwk	M	M	MM	13	0.0840527220429005	9.25	3	5.29150262212918	12	2022	2021	Polyneoptera	family	26	0	3	0	0.846153846153846	0.840909090909091	NA
pairID2690	WangHua2021Panorpidae.nwk	Whiting2002Mecoptera.nwk	P	G	GP	13	0.437427701928886	6.31515151515152	19	17.464249196573	8	2021	2002	Other	order	4	182	6	-4	0.923076923076923	0.768115942028985	NA
pairID2691	WangLi2020Taeniothrips.nwk	ZhangMound2019Terebrantia.nwk	P	P	NA	7	0.448649127637097	2.83333333333333	4	4.47213595499958	3	2020	2019	Condylognatha	subfamily	0	185	3	0	0.857142857142857	0.279279279279279	NA
pairID2692	WangLi2022Ephemeroptera.nwk	XuGuan2021Heptageniidae.nwk	M	M	MM	23	0.134427896792371	18.2490384615385	18	40.853396431631	11	2022	2021	Palaeoptera	order	26	0	6	0	0.91304347826087	0.82	NA
pairID2693	WangLi2022Ephemeroptera.nwk	XuJia2020Caenidae.nwk	M	M	MM	15	0.188627261839945	10.1333333333333	11	32.3573793747269	6	2022	2020	Palaeoptera	order	26	0	6	0	0.866666666666667	0.911111111111111	NA
pairID2694	WangLi2022Ephemeroptera.nwk	XuJia2020Ephemeroptera.nwk	M	M	MM	16	0.137510904831159	11.7818181818182	9	29.6647939483827	7	2022	2020	Palaeoptera	order	26	0	6	0	0.875	0.854166666666667	NA
pairID2695	WangWang2019Odonata.nwk	XuGuan2018Calopterygidae.nwk	M	M	MM	10	0.103255779531413	6.33333333333333	2	3.74165738677394	9	2019	2018	Palaeoptera	order	26	0	6	0	1	0.428571428571429	NA
pairID2696	WangWang2019Odonata.nwk	YongSong2016Odonata.nwk	M	M	MM	9	0.167199524118413	5.2	4	3.3166247903554	8	2019	2016	Palaeoptera	infraorder	26	0	5	0	0.888888888888889	0.545454545454545	NA
pairID2697	WangWang2019Odonata.nwk	ZhangWang2017Odonata.nwk	M	M	MM	10	0.203147949971622	6	4	4.69041575982343	8	2019	2017	Palaeoptera	infraorder	26	0	5	0	0.9	0.48	NA
pairID2698	WangWang2022Mantidae.nwk	ZhangYu2018Mantodea.nwk	M	M	MM	9	0	6	0	0	9	2022	2018	Polyneoptera	family	26	0	3	0	0.888888888888889	0.525423728813559	NA
pairID2699	WangYang2025Plecoptera.nwk	XiangZhao2021Perlidae.nwk	M	M	MM	15	0.182999023307765	10.3333333333333	9	6.92820323027551	12	2025	2021	Polyneoptera	family	28	0	3	2	0.933333333333333	0.96	NA
pairID2701	WangZhi2022Phasiinae.nwk	ZhangZhi2023Tachinidae.nwk	M	M	MM	15	0.121311170576796	10.9318181818182	8	9.53939201416946	11	2022	2023	Diptera	family	26	0	3	0	0.933333333333333	0.580645161290323	NA
pairID2702	Ward2015Myrmicinae.nwk	WardDownie2005Pseudomyrmecinae.nwk	G	G	GG	10	0.260402362466194	5	6	6.48074069840786	5	2015	2005	Hymenoptera	family	16	0	3	6	0.6	0.791808873720137	NA
pairID2703	Ward2015Myrmicinae.nwk	WardFisher2016Amblyoponinae.nwk	G	G	GG	13	0.143302054913295	8.8	7	3.60555127546399	11	2015	2016	Hymenoptera	infraorder	22	0	5	0	1	0.862453531598513	NA
pairID2704	Ward2015Myrmicinae.nwk	ZhangLi2022Formicidae.nwk	G	M	GM	11	0.415173498232066	5.23809523809524	12	6.16441400296898	7	2015	2022	Hymenoptera	family	24	0	3	-2	0.545454545454545	0.843636363636364	NA
pairID2706	WeiJia2022Siphonaptera.nwk	ZhangFu2022Siphonaptera.nwk	M	M	MM	10	0	7	0	0	10	2022	2022	Other	superorder	26	0	7	0	1	0.188679245283019	NA
pairID2707	Whiting2002Mecoptera.nwk	WhitingWhiting2008Siphonaptera.nwk	G	G	GG	16	0.453238561947895	6.79166666666667	19	11.3137084989848	7	2002	2008	Other	superorder	8	0	7	0	0.875	0.374269005847953	NA
pairID2708	Whiting2002Mecoptera.nwk	ZhuHastriter2015Siphonaptera.nwk	G	G	GG	16	0.2695260099434	10.25	12	12.8840987267251	13	2002	2015	Other	superorder	13	0	7	-5	0.9375	0.250980392156863	NA
pairID2709	Whiting2002Mecoptera.nwk	ZuritaMatthee2025Ceratophyllomorpha.nwk	G	G	GG	7	0.23186719448805	3.5	2	2	6	2002	2025	Other	superorder	11	0	7	-3	1	0.318407960199005	NA
pairID2710	WhitingWhiting2008Siphonaptera.nwk	ZhouLiu2024Siphonaptera.nwk	G	G	GG	9	0.181293833661421	4.5	2	3.60555127546399	7	2008	2024	Other	superorder	9	0	7	-1	0.888888888888889	0.837837837837838	NA
pairID2713	WhitingWhiting2008Siphonaptera.nwk	ZuritaLareschi2023Malacopsylloidea.nwk	G	G	GG	19	0.302900489224148	12.1970862470862	29	17.7763888346312	12	2008	2023	Other	order	8	0	6	0	0.736842105263158	0.821192052980132	NA
pairID2715	WhitingWhiting2008Siphonaptera.nwk	ZuritaRivero2022Leptopsyllidae.nwk	G	G	GG	11	0.263318580141326	5.93333333333333	6	5.3851648071345	8	2008	2022	Other	order	8	0	6	0	0.727272727272727	0.855172413793103	NA
pairID2716	WiegmannTrautwein2011Diptera.nwk	Yassin2013Drosophilidae.nwk	C	G	CG	8	0	5	0	0	8	2011	2013	Diptera	suborder	22	371	5	6	0.875	0.716216216216216	NA
pairID2717	WiegmannTrautwein2011Diptera.nwk	ZhangKang2016Tipulomorpha.nwk	C	M	NA	22	0.450135014328236	12.202380952381	42	34.0881210981186	10	2011	2016	Diptera	suborder	27	371	5	1	0.363636363636364	0.905982905982906	NA
pairID2718	Wieland2013Mantodea.nwk	YagerSvenson2008Mantodea.nwk	P	G	GP	54	0.644216119573847	25.5511587337671	230	144.882711183909	18	2013	2008	Polyneoptera	suborder	7	152	5	-7	0.203703703703704	0.464730290456432	NA
pairID2719	Wieland2013Mantodea.nwk	ZhangYu2018Mantodea.nwk	P	M	NA	15	0.34984369717753	8.92857142857143	17	13.7477270848675	10	2013	2018	Polyneoptera	suborder	13	152	5	-13	0.466666666666667	0.794326241134752	NA
pairID2720	WinklerScheffer2009Agromyzidae.nwk	XuanScheffer2023Agromyzidae.nwk	G	O	GO	15	0.250895485785863	9.75	11	15.556349186104	10	2009	2023	Diptera	genus	499	0	1	-493	0.933333333333333	0.478468899521531	NA
pairID2721	Winterton2017Osmylidae.nwk	Winterton2018Neuropterida.nwk	C	O	NA	7	0.25255408270619	3.25	3	2	6	2017	2018	Other	order	203	72	6	-195	0.857142857142857	0.263473053892216	NA
pairID2722	Winterton2017Osmylidae.nwk	Xu2020Osmylidae.nwk	C	M	NA	8	0.200881658981469	4.25	3	2	7	2017	2020	Other	family	19	72	3	-11	0.75	0.897959183673469	NA
pairID2723	Winterton2018Neuropterida.nwk	Winterton2019Chrysopidae.nwk	O	O	OO	27	0	24	0	14.7648230602334	14	2018	2019	Other	order	571	0	6	-173	1	0.678571428571429	AHE.AHE
pairID2724	Winterton2018Neuropterida.nwk	ZhangWang2025Neuropterida.nwk	O	O	OO	25	0.144699247027566	19.4223484848485	19	12.4899959967968	21	2018	2025	Other	superorder	2323	0	7	-1925	0.24	0.734806629834254	NA
pairID2725	Winterton2019Chrysopidae.nwk	ZhangWang2025Neuropterida.nwk	O	O	OO	7	0	4	0	0	7	2019	2025	Other	order	2496	0	6	-1752	0.857142857142857	0.654676258992806	NA
pairID2726	WintertonHardy2016Therevidae.nwk	WintertonWare2015Scenopinidae.nwk	G	C	CG	18	0.0918299077525314	13.6333333333333	7	8.12403840463596	15	2016	2015	Diptera	superfamily	12	59	4	2	0.888888888888889	0.528301886792453	NA
pairID2727	WuQian2020Chrysomelidae.nwk	ZhangSong2022Chrysomelidae.nwk	M	M	MM	27	0.141574281301701	21.8835784313725	24	17.7200451466693	21	2020	2022	Coleoptera	family	26	0	3	0	0.851851851851852	0.158730158730159	NA
pairID2728	WuQian2020Chrysomelidae.nwk	ZhangWu2020Chrysomelidae.nwk	M	M	MM	11	0	8	0	0	11	2020	2020	Coleoptera	family	26	0	3	0	0.727272727272727	0.714285714285714	NA
pairID2729	WuZhang2023Thysanoptera.nwk	ZhangMound2019Terebrantia.nwk	M	P	NA	11	0.508224083948366	5.10238095238095	16	13.2664991614216	6	2023	2019	Condylognatha	family	13	117	3	13	0.636363636363636	0.245283018867925	NA
pairID2730	XieMound2022Panchaetothripinae.nwk	ZhangMound2019Terebrantia.nwk	G	P	GP	14	0.604085732471822	6.21309523809524	24	19.7484176581315	6	2022	2019	Condylognatha	subfamily	4	117	3	4	0.928571428571429	0.295238095238095	NA
pairID2731	XingLiang2022Encyrtidae.nwk	ZhaoChen2021Chalcidoidea.nwk	M	M	MM	7	0	4	0	0	7	2022	2021	Hymenoptera	superfamily	26	0	4	0	1	0.219512195121951	NA
pairID2732	XiongGao2008Collembola.nwk	YuZhang2015Tomoceridae.nwk	G	G	GG	30	0.207332720879671	18.9508907758908	28	16.1245154965971	15	2008	2015	Other	NA	4	0	NA	0	0.8	0.53448275862069	NA
pairID2733	XuGuan2018Calopterygidae.nwk	YongSong2016Odonata.nwk	M	M	MM	18	0.108126647556722	13.8928571428571	8	10.9544511501033	16	2018	2016	Palaeoptera	infraclass	26	0	7	0	1	1	NA
pairID2734	XuGuan2018Calopterygidae.nwk	ZhangWang2017Odonata.nwk	M	M	MM	21	0.0336254768598375	17.6666666666667	2	2.82842712474619	20	2018	2017	Palaeoptera	infraclass	26	0	7	0	1	0.962962962962963	NA
pairID2735	XuGuan2021Heptageniidae.nwk	XuJia2020Caenidae.nwk	M	M	MM	15	0.05576153811491	11.3333333333333	2	1.4142135623731	14	2021	2020	Palaeoptera	order	26	0	6	0	0.933333333333333	0.911764705882353	NA
pairID2736	XuGuan2021Heptageniidae.nwk	XuJia2020Ephemeroptera.nwk	M	M	MM	17	0	14	0	0	17	2021	2020	Palaeoptera	order	26	0	6	0	1	0.939393939393939	NA
pairID2737	XuJia2020Caenidae.nwk	XuJia2020Ephemeroptera.nwk	M	M	MM	15	0.0557615381149102	11.3333333333333	2	1.4142135623731	14	2020	2020	Palaeoptera	order	26	0	6	0	0.933333333333333	0.739130434782609	NA
pairID2738	Xue2020Eurymelinae.nwk	XueZhang2020Idiocerini.nwk	C	C	NA	9	0.269778966631529	4.61904761904762	5	4.24264068711928	7	2020	2020	Condylognatha	family	8	133	3	2	1	0.971830985915493	NA
pairID2739	YongSong2016Odonata.nwk	ZhangWang2017Odonata.nwk	M	M	MM	17	0.115537425892152	12.9166666666667	7	9.74679434480896	15	2016	2017	Palaeoptera	infraclass	26	0	7	0	1	0.782608695652174	NA
pairID2741	Yoshizawa2004Trichadenotecnum.nwk	YoshizawaYao2016Psocidae.nwk	C	G	CG	14	0.163194001034376	9.875	9	8.54400374531753	11	2004	2016	Other	family	10	31	3	0	1	0.245901639344262	NA
pairID2742	YoshizawaJohnson2008Psocidae.nwk	YoshizawaJohnson2014Psocomorpha.nwk	G	G	GG	15	0.340249611955888	9.62554112554113	20	18.5472369909914	9	2008	2014	Other	infraorder	10	0	5	2	0.733333333333333	0.315789473684211	NA
pairID2743	YoshizawaJohnson2008Psocidae.nwk	YoshizawaYao2016Psocidae.nwk	G	G	GG	21	0.481142111082723	11.7325396825397	46	34.2052627529741	11	2008	2016	Other	family	11	0	3	1	0.952380952380952	0.51219512195122	NA
pairID2744	YoshizawaJohnson2014Psocomorpha.nwk	YoshizawaLienhard2006Trogiomorpha.nwk	G	G	GG	19	0.217651091987319	13.2586726998492	20	10.3923048454133	15	2014	2006	Other	order	7	0	6	1	0.894736842105263	0.94017094017094	NA
pairID2745	YoshizawaJohnson2014Psocomorpha.nwk	YoshizawaMarusik2020Psocomorpha.nwk	G	G	GG	16	0.205614294488758	10.8428571428571	12	5.65685424949238	12	2014	2020	Other	infraorder	8	0	5	0	1	0.982142857142857	NA
pairID2746	YoshizawaJohnson2014Psocomorpha.nwk	YoshizawaMockford2014Caeciliusetae.nwk	G	G	GG	30	0.224779486639432	23.1228835978836	32	21.6101827849743	14	2014	2014	Other	suborder	8	0	5	0	1	0.92436974789916	NA
pairID2747	YoshizawaJohnson2014Psocomorpha.nwk	YoshizawaYao2016Psocidae.nwk	G	G	GG	10	0.597161456182789	3.91666666666667	15	15.0332963783729	5	2014	2016	Other	family	9	0	3	-1	0.7	0.674846625766871	NA
pairID2748	YoshizawaJohnson2014Psocomorpha.nwk	deMoya2021Psocodea.nwk	G	O	GO	35	0.179723628337684	24.8772727272727	29	8.48528137423857	25	2014	2021	Other	order	2374	0	6	-2366	0.685714285714286	0.591397849462366	NA
pairID2749	YoshizawaJohnson2018Psocodea.nwk	deMoya2021Psocodea.nwk	M	O	MO	10	0.155102700210655	6.33333333333333	4	3.3166247903554	9	2018	2021	Other	order	2407	0	6	-2333	0.6	0.137614678899083	NA
pairID2750	YoshizawaLienhard2006Trogiomorpha.nwk	deMoya2021Psocodea.nwk	G	O	GO	16	0.240907805527221	10.3761904761905	15	6.85565460040104	12	2006	2021	Other	order	2373	0	6	-2367	0.4375	0.205128205128205	NA
pairID2751	YoshizawaMarusik2020Psocomorpha.nwk	YoshizawaMockford2014Caeciliusetae.nwk	G	G	GG	11	0.350438582971649	6.43333333333333	9	8.54400374531753	8	2020	2014	Other	infraorder	8	0	5	0	1	0.391304347826087	NA
pairID2752	YoshizawaMarusik2020Psocomorpha.nwk	deMoya2021Psocodea.nwk	G	O	GO	8	0.556034022965228	2.91666666666667	7	5.91607978309962	6	2020	2021	Other	infraorder	2374	0	5	-2366	0.75	0.160714285714286	NA
pairID2753	YoshizawaMockford2014Caeciliusetae.nwk	deMoya2021Psocodea.nwk	G	O	GO	12	0.392788801154324	6.35555555555556	14	9.69535971483266	6	2014	2021	Other	suborder	2374	0	5	-2366	0.833333333333333	0.328358208955224	NA
pairID2763	Zahiri2012Erebidae.nwk	Zahiri2013Nolidae.nwk	G	G	GG	7	0	4	0	0	7	2012	2013	Lepidoptera	superfamily	16	0	4	0	1	0.67719298245614	NA
pairID2764	Zahiri2012Erebidae.nwk	Zaspel2014Arctiinae.nwk	G	G	GG	25	0.132846335046162	18.9642857142857	11	5.47722557505166	20	2012	2014	Lepidoptera	family	17	0	3	-1	0.96	0.765873015873016	NA
pairID2765	Zahiri2012Erebidae.nwk	ZenkerWahlberg2017Arctiinae.nwk	G	G	GG	18	0.162604179813839	13.1142857142857	9	5.74456264653803	15	2012	2017	Lepidoptera	family	16	0	3	0	0.888888888888889	0.457345971563981	NA
pairID2766	ZaldivarRiveron2008Doryctinae.nwk	ZaldivarRiveron2008Rogadinae.nwk	G	G	GG	19	0.276403912402326	12.1329365079365	19	8.66025403784439	15	2008	2008	Hymenoptera	family	4	0	3	0	0.894736842105263	0.556962025316456	NA
pairID2767	Zaspel2014Arctiinae.nwk	ZenkerWahlberg2017Arctiinae.nwk	G	G	GG	66	0.100968216353506	57.1472222222222	52	17.6351920885484	52	2014	2017	Lepidoptera	family	17	0	3	1	0.878787878787879	0.326086956521739	NA
pairID2768	Zhang2019Culicomorpha.nwk	daSilva2020Culicidae.nwk	M	M	MM	5	0	2	0	4.35889894354067	3	2019	2020	Diptera	family	28	0	3	2	1	0.204081632653061	NA
pairID2769	Zhang2020Chalcidoidea.nwk	Zhang2022Chalcidoidea.nwk	O	O	OO	8	0	5	0	4	5	2020	2022	Hymenoptera	superfamily	6893	0	4	4229	0.875	0.416666666666667	AHE.TR
pairID2770	Zhang2020Chalcidoidea.nwk	ZhaoChen2021Chalcidoidea.nwk	O	M	MO	15	0.486044486702563	8.06666666666667	23	18.7616630392937	8	2020	2021	Hymenoptera	infraorder	5574	0	5	5548	0.4	0.625	NA
pairID2771	Zhang2020Chalcidoidea.nwk	ZhouXiong2021Chalcidoidea.nwk	O	M	MO	17	0.437723482188452	9.80485625485625	28	21.8403296678416	9	2020	2021	Hymenoptera	superfamily	5574	0	4	5548	0.470588235294118	0.743243243243243	NA
pairID2772	ZhangBellini2019Entomobryoidea.nwk	ZhangChen2014Entomobryidae.nwk	P	G	GP	10	0.175809357119944	6	3	7.07106781186548	8	2019	2014	Other	superfamily	3	153	4	-3	0.8	0.577777777777778	NA
pairID2773	ZhangBellini2019Entomobryoidea.nwk	ZhangSun2015Entomobryoidea.nwk	P	G	GP	11	0.258631264763924	4	3	5.56776436283002	6	2019	2015	Other	superfamily	4	153	4	-4	0.727272727272727	0.530612244897959	NA
pairID2776	ZhangHan2011Pamphagidae.nwk	ZhengShi2021Filchnerella.nwk	B	M	NA	8	0.38619204506366	3.61666666666667	6	6.48074069840786	5	2011	2021	Polyneoptera	family	16	0	3	-14	1	0.695652173913043	NA
pairID2777	ZhangJiang2016Bactrocera.nwk	Zhou2020Dacini.nwk	M	M	MM	7	0	4	0	0	7	2016	2020	Diptera	subfamily	28	0	3	-2	1	0.44	NA
pairID2778	ZhangLi2022Curculionidae.nwk	ZhangShu2019Curculionidae.nwk	M	M	MM	16	0.169479855136531	11.3333333333333	7	4	13	2022	2019	Coleoptera	family	26	0	3	0	0.875	0.75609756097561	NA
pairID2779	ZhangMound2019Terebrantia.nwk	ZhangMound2019Thripidae.nwk	P	P	NA	11	0.411550505165257	4.5	7	12.6095202129185	5	2019	2019	Condylognatha	family	0	178	3	0	0.909090909090909	0.74496644295302	NA
pairID2780	ZhangQiao2007Formosaphis.nwk	ZhangQiao2008Pemphiginae.nwk	G	B	NA	7	0	4	0	0	7	2007	2008	Condylognatha	tribe	3	0	2	1	1	0.34375	NA
pairID2781	ZhangSong2022Chrysomelidae.nwk	ZhangWu2020Chrysomelidae.nwk	M	M	MM	14	0.118886669856692	10.3	7	4.79583152331272	12	2022	2020	Coleoptera	family	26	0	3	0	0.785714285714286	0.95360824742268	NA
pairID2782	ZhaoChen2021Chalcidoidea.nwk	ZhaoXin2021Chalcidoidea.nwk	M	O	MO	8	0.169829003194892	4.33333333333333	2	4.89897948556636	5	2021	2021	Hymenoptera	superfamily	158	0	4	-132	1	0.847826086956522	NA
pairID2783	ZhaoChen2021Chalcidoidea.nwk	ZhouXiong2021Chalcidoidea.nwk	M	M	MM	22	0.250984446942181	16.5988095238095	27	23.1084400165827	13	2021	2021	Hymenoptera	superfamily	26	0	4	0	0.954545454545455	0.866666666666667	NA
pairID2784	ZhouLiu2024Siphonaptera.nwk	ZhuHastriter2015Siphonaptera.nwk	G	G	GG	22	0.151956802281936	17.3846153846154	18	17.9164728671689	16	2024	2015	Other	order	14	0	6	-4	0.909090909090909	0.152073732718894	NA
pairID2785	ZhouLiu2024Siphonaptera.nwk	ZuritaMatthee2025Ceratophyllomorpha.nwk	G	G	GG	9	0.17934480347299	5.28571428571429	4	2.44948974278318	8	2024	2025	Other	superfamily	12	0	4	-2	0.888888888888889	0.195266272189349	NA
pairID2786	ZhouLiu2024Siphonaptera.nwk	ZuritaRivero2022Leptopsyllidae.nwk	G	G	GG	6	0	3	0	0	6	2024	2022	Other	order	9	0	6	1	0.833333333333333	0.589285714285714	NA
pairID2788	ZhuHastriter2015Siphonaptera.nwk	ZuritaLareschi2023Malacopsylloidea.nwk	G	G	GG	34	0.323103565602465	24.9960249042146	64	42.485291572496	15	2015	2023	Other	order	13	0	6	5	0.970588235294118	0.962962962962963	NA
pairID2789	ZhuHastriter2015Siphonaptera.nwk	ZuritaMatthee2025Ceratophyllomorpha.nwk	G	G	GG	83	0.197066169400469	64.6815592903828	140	107.38715006927	43	2015	2025	Other	order	16	0	6	2	0.987951807228916	0.773234200743494	NA
pairID2790	ZhuHastriter2015Siphonaptera.nwk	ZuritaRivero2022Leptopsyllidae.nwk	G	G	GG	21	0.178543915123452	15.7686813186813	15	23.1300670124408	14	2015	2022	Other	order	13	0	6	5	0.952380952380952	0.962962962962963	NA
pairID2791	Zurita2020Ctenophthalmidae.nwk	ZuritaCallejon2019Siphonaptera.nwk	G	G	GG	8	0	5	0	0	8	2020	2019	Other	superorder	6	0	7	0	1	1	NA
pairID2792	Zurita2020Ctenophthalmidae.nwk	ZuritaLareschi2023Malacopsylloidea.nwk	G	G	GG	10	0.202158326125589	6.1	5	4.12310562561766	8	2020	2023	Other	superorder	7	0	7	-1	1	0.24390243902439	NA
pairID2793	Zurita2020Ctenophthalmidae.nwk	ZuritaRivero2022Leptopsyllidae.nwk	G	G	GG	10	0.116905013396756	6.5	2	2	9	2020	2022	Other	superorder	7	0	7	-1	1	0.344827586206897	NA
pairID2795	ZuritaCallejon2019Siphonaptera.nwk	ZuritaLareschi2023Malacopsylloidea.nwk	G	G	GG	8	0.288186204494132	4	5	4.12310562561766	6	2019	2023	Other	superorder	7	0	7	-1	1	0.195121951219512	NA
pairID2796	ZuritaCallejon2019Siphonaptera.nwk	ZuritaRivero2022Leptopsyllidae.nwk	G	G	GG	8	0.175566433939153	4.5	2	2	7	2019	2022	Other	superorder	7	0	7	-1	1	0.275862068965517	NA
pairID2797	ZuritaLareschi2023Malacopsylloidea.nwk	ZuritaRivero2022Leptopsyllidae.nwk	G	G	GG	18	0.141018426715425	14.1010101010101	9	9.05538513813742	14	2023	2022	Other	superorder	8	0	7	0	1	0.788461538461538	NA
pairID2798	ZuritaMatthee2025Ceratophyllomorpha.nwk	ZuritaRivero2022Leptopsyllidae.nwk	G	G	GG	13	0.282770320392994	8.33650793650794	11	9.4339811320566	10	2025	2022	Other	order	11	0	6	3	0.923076923076923	0.901840490797546	NA
pairID2799	Zwick2008Bombycoidea.nwk	Zwick2011Bombycoidea.nwk	G	G	GG	15	0.053494685968988	11.3333333333333	2	15.0332963783729	10	2008	2011	Lepidoptera	superfamily	27	0	4	-23	0.666666666666667	0.616161616161616	NA
